Student_ID,First_Name,Last_Name,Email,Gender,Age,Department,Attendance (%),Midterm_Score,Final_Score,Assignments_Avg,Quizzes_Avg,Participation_Score,Projects_Score,Total_Score,Grade,Study_Hours_per_Week,Extracurricular_Activities,Internet_Access_at_Home,Parent_Education_Level,Family_Income_Level,Stress_Level (1-10),Sleep_Hours_per_Night,Indice_Riesgo,Categoria_Riesgo,Delta_Parcial_Final,Promedio_Continuo,Eficiencia_Estudio
S1000,Omar,Williams,student0@university.com,Female,22,Engineering,52.29,55.03,57.82,84.22,74.06,3.99,85.9,56.09,F,6.2,No,Yes,High School,Medium,5,4.7,50.98,Medio,2.79,71.02,9.05
S1001,Maria,Brown,student1@university.com,Male,18,Engineering,97.27,97.23,45.8,74.81,94.24,8.32,55.65,50.64,A,19.0,No,Yes,Unknown,Medium,4,9.0,13.95,Bajo,-51.43,76.97,2.67
S1002,Ahmed,Jones,student2@university.com,Male,24,Business,57.19,67.05,93.68,67.7,85.7,5.05,73.79,70.3,D,20.7,No,Yes,Master'S,Low,6,6.2,40.63,Medio,26.63,69.42,3.4
S1003,Omar,Williams,student3@university.com,Female,24,Mathematics,95.15,47.79,80.63,66.06,93.51,6.54,92.12,61.63,A,24.8,Yes,Yes,High School,High,3,6.7,24.4,Bajo,32.84,79.27,2.49
S1004,John,Smith,student4@university.com,Female,23,Cs,54.18,46.59,78.89,96.85,83.7,5.97,68.42,66.13,F,15.4,Yes,Yes,High School,High,2,7.1,41.58,Medio,32.3,77.17,4.29
S1005,Liam,Brown,student5@university.com,Male,21,Engineering,75.725,78.85,43.53,71.4,52.2,6.38,67.29,62.08,B,8.5,Yes,Yes,Phd,High,1,5.0,25.59,Bajo,-35.32,63.67,7.3
S1006,Ahmed,Jones,student6@university.com,Male,24,Business,57.6,66.26,89.07,84.52,98.4,2.3,93.65,83.21,F,21.3,No,Yes,Unknown,Low,5,6.4,38.2,Medio,22.81,74.89,3.91
S1007,Ahmed,Smith,student7@university.com,Male,19,Engineering,51.91,45.67,73.96,80.12,95.9,3.73,93.24,81.93,F,27.3,Yes,No,Unknown,Medium,4,4.3,41.15,Medio,28.29,76.64,3.0
S1008,Omar,Smith,student8@university.com,Female,21,Cs,85.97,84.42,90.87,57.05,56.33,0.51,94.01,95.62,A,8.0,No,No,Bachelor'S,Low,9,8.8,38.36,Medio,6.45,53.12,11.95
S1009,Sara,Smith,student9@university.com,Female,22,Engineering,64.01,87.96,98.47,96.98,55.63,5.88,78.6,84.99,A,9.6,No,Yes,Unknown,Medium,10,6.4,46.41,Medio,10.51,72.5,8.85
S1010,John,Smith,student10@university.com,Female,23,Cs,85.72,83.52,97.43,67.29,76.95,4.59,97.62,58.25,A,13.2,No,Yes,High School,Low,1,4.1,18.34,Bajo,13.91,71.94,4.41
S1011,Omar,Williams,student11@university.com,Female,20,Engineering,77.75,52.14,91.37,52.24,87.85,7.61,90.95,87.58,C,21.3,No,Yes,Master'S,Low,9,7.0,44.27,Medio,39.23,76.78,4.11
S1012,John,Davis,student12@university.com,Male,21,Engineering,55.44,81.39,40.66,65.02,69.11,2.06,70.78,59.06,F,18.1,No,Yes,Master'S,High,8,4.5,42.68,Medio,-40.73,56.38,3.26
S1013,John,Williams,student13@university.com,Male,18,Business,96.61,40.64,93.14,66.78,56.82,4.37,81.48,77.93,A,22.8,No,Yes,Unknown,Medium,10,7.9,42.59,Medio,52.5,62.2,3.42
S1014,Liam,Williams,student14@university.com,Male,19,Engineering,72.62,58.31,44.5,54.64,75.53,1.81,56.09,53.85,B,5.8,No,Yes,Unknown,Low,4,8.8,40.86,Medio,-13.81,51.09,9.28
S1015,Ahmed,Jones,student15@university.com,Male,18,Cs,86.72,63.93,91.07,81.0,66.88,6.14,77.57,52.37,A,25.3,No,Yes,Unknown,High,2,8.6,20.04,Bajo,27.14,71.71,2.07
S1016,Maria,Jones,student16@university.com,Female,21,Cs,75.05,90.11,56.81,67.34,67.59,8.48,63.16,73.21,F,29.7,No,Yes,Unknown,Low,3,6.1,16.29,Bajo,-33.3,70.72,2.46
S1017,Liam,Davis,student17@university.com,Female,23,Business,80.22,63.42,76.6,81.46,82.25,7.65,64.18,55.25,F,6.2,No,No,Phd,Medium,10,7.6,49.8,Medio,13.18,76.1,8.91
S1018,Liam,Jones,student18@university.com,Male,20,Cs,65.14,40.68,42.28,50.34,94.28,9.44,56.29,65.33,B,17.4,No,Yes,Unknown,Medium,9,4.8,54.07,Medio,1.6,73.83,3.75
S1019,John,Johnson,student19@university.com,Male,20,Engineering,60.02,61.14,86.27,99.1,77.93,9.72,67.91,66.94,D,23.5,Yes,Yes,Phd,Low,10,4.4,48.9,Medio,25.13,85.54,2.85
S1020,Emma,Davis,student20@university.com,Male,18,Cs,77.13,69.94,46.7,74.81,84.38,7.72,74.07,88.47,D,16.9,No,Yes,High School,Medium,2,8.1,25.79,Bajo,-23.24,77.61,5.23
S1021,Ahmed,Jones,student21@university.com,Male,22,Business,72.01,96.94,64.64,82.97,83.0,2.87,80.02,66.63,C,19.8,No,Yes,Unknown,Low,8,7.5,31.37,Medio,-32.3,68.67,3.37
S1022,Sara,Davis,student22@university.com,Male,22,Engineering,69.51,96.46,89.05,85.79,77.56,2.19,65.24,74.72,C,28.0,Yes,Yes,Unknown,Low,10,8.5,32.73,Medio,-7.41,62.62,2.67
S1023,Liam,Williams,student23@university.com,Female,23,Cs,83.63,50.85,81.72,58.58,65.54,4.48,89.61,88.63,D,18.5,No,Yes,Master'S,Low,1,8.6,26.22,Bajo,30.87,64.63,4.79
S1024,Maria,Williams,student24@university.com,Female,20,Cs,84.53,51.11,40.36,55.59,68.89,9.94,76.05,60.24,A,10.9,Yes,Yes,High School,Low,4,5.7,36.3,Medio,-10.75,74.98,5.53
S1025,Emma,Davis,student25@university.com,Male,18,Business,52.3,49.8,64.18,57.63,65.79,4.13,81.9,90.24,C,23.5,No,Yes,High School,High,3,5.6,39.45,Medio,14.38,61.66,3.84
S1026,Emma,Johnson,student26@university.com,Male,18,Engineering,66.94,87.34,42.52,62.34,95.87,1.99,63.91,91.59,A,14.4,No,Yes,Unknown,Low,10,6.2,43.17,Medio,-44.82,60.5,6.36
S1027,Sara,Johnson,student27@university.com,Male,18,Business,70.59,40.36,80.41,58.41,91.33,9.44,90.71,99.44,D,12.1,Yes,Yes,Unknown,Medium,2,7.3,39.36,Medio,40.05,83.71,8.22
S1028,Liam,Davis,student28@university.com,Female,21,Business,54.84,47.63,98.14,83.7,78.97,3.86,81.21,72.2,D,11.2,Yes,Yes,Bachelor'S,Low,3,4.0,45.36,Medio,50.51,70.62,6.45
S1029,Maria,Jones,student29@university.com,Female,23,Mathematics,61.8,72.28,79.32,71.04,95.61,6.91,93.12,68.53,A,7.0,No,Yes,Master'S,High,3,6.7,37.63,Medio,7.04,82.22,9.79
S1030,Ahmed,Brown,student30@university.com,Female,22,Cs,52.58,54.85,53.46,76.89,94.32,7.88,58.0,85.1,F,28.3,No,Yes,High School,Medium,9,4.1,48.77,Medio,-1.39,77.0,3.01
S1031,Ali,Johnson,student31@university.com,Male,22,Mathematics,99.81,45.54,61.31,52.37,96.38,8.43,69.03,52.91,B,19.1,No,Yes,Bachelor'S,Low,3,6.3,26.3,Bajo,15.77,75.52,2.77
S1032,Maria,Smith,student32@university.com,Female,21,Cs,75.725,61.59,98.6,93.06,61.09,8.21,55.65,51.99,D,28.9,No,Yes,Unknown,Medium,9,4.4,38.35,Medio,37.01,72.97,1.8
S1033,Sara,Williams,student33@university.com,Male,19,Cs,54.37,56.45,53.44,58.53,85.88,8.36,60.78,66.75,D,26.5,No,Yes,Master'S,Low,4,6.8,37.45,Medio,-3.01,72.2,2.52
S1034,Emma,Davis,student34@university.com,Female,21,Business,51.01,70.67,73.69,68.01,80.46,6.68,69.73,86.48,F,5.8,No,Yes,Master'S,Low,1,5.6,38.05,Medio,3.02,71.25,14.91
S1035,Ahmed,Smith,student35@university.com,Female,23,Cs,85.96,98.75,64.03,53.6,86.69,4.04,94.73,55.82,A,11.2,No,Yes,Unknown,Medium,8,6.4,30.24,Medio,-34.72,68.86,4.98
S1036,Maria,Davis,student36@university.com,Female,18,Cs,71.96,47.46,86.1,56.84,63.17,6.67,77.85,81.78,F,12.9,No,Yes,Bachelor'S,Low,10,8.8,54.13,Medio,38.64,66.14,6.34
S1037,Ali,Williams,student37@university.com,Male,21,Cs,89.34,62.36,92.04,83.29,84.74,8.37,66.52,63.48,A,17.2,No,Yes,Unknown,Low,5,5.7,30.31,Medio,29.68,79.56,3.69
S1038,Ali,Williams,student38@university.com,Male,18,Engineering,96.17,95.92,60.45,84.63,70.49,3.51,87.34,82.58,A,22.9,Yes,Yes,Master'S,Medium,2,7.6,8.34,Bajo,-35.47,69.39,3.61
S1039,John,Johnson,student39@university.com,Female,23,Engineering,79.97,92.61,79.62,83.85,91.7,2.97,50.98,72.85,A,22.0,No,Yes,Bachelor'S,Low,9,7.4,31.01,Medio,-12.99,64.06,3.31
S1040,John,Johnson,student40@university.com,Male,24,Business,59.36,63.66,72.94,77.61,89.77,3.44,68.5,55.76,C,29.7,No,Yes,Phd,Low,7,8.3,38.61,Medio,9.28,67.57,1.88
S1041,Omar,Smith,student41@university.com,Male,23,Business,89.11,81.94,56.71,97.63,60.57,5.51,80.04,62.36,A,28.1,No,Yes,Bachelor'S,Medium,6,5.7,21.29,Bajo,-25.23,73.33,2.22
S1042,Sara,Davis,student42@university.com,Male,20,Engineering,97.79,45.27,56.32,75.36,59.19,0.52,79.16,60.99,A,9.7,No,Yes,Bachelor'S,Low,2,4.3,29.56,Bajo,11.05,54.73,6.29
S1043,Liam,Williams,student43@university.com,Male,18,Cs,79.01,82.75,72.32,72.47,85.89,7.79,80.38,58.23,A,26.5,Yes,Yes,Bachelor'S,High,6,8.9,25.38,Bajo,-10.43,79.16,2.2
S1044,Maria,Smith,student44@university.com,Male,22,Mathematics,84.1,98.37,49.24,62.38,77.52,1.39,60.58,73.42,D,26.1,Yes,Yes,Master'S,Medium,7,5.8,21.34,Bajo,-49.13,53.6,2.81
S1045,Maria,Brown,student45@university.com,Male,21,Cs,66.87,72.25,88.65,54.94,77.86,1.33,66.85,97.73,C,19.4,No,Yes,Unknown,Low,5,5.0,34.11,Medio,16.4,53.24,5.04
S1046,Liam,Smith,student46@university.com,Male,24,Cs,75.725,69.91,44.14,77.41,87.63,1.98,96.58,82.9,C,13.5,No,Yes,Master'S,Low,5,8.6,34.66,Medio,-25.77,70.36,6.14
S1047,Omar,Jones,student47@university.com,Female,23,Cs,86.73,51.24,45.67,65.74,92.75,5.77,98.7,91.8,A,10.2,No,Yes,Master'S,High,4,5.0,35.84,Medio,-5.57,78.72,9.0
S1048,Emma,Smith,student48@university.com,Male,18,Engineering,96.39,78.03,60.53,76.2,61.95,2.86,65.6,99.05,B,10.3,No,Yes,Master'S,Medium,10,6.6,37.7,Medio,-17.5,58.09,9.62
S1049,Emma,Jones,student49@university.com,Male,24,Cs,81.45,75.43,47.09,60.31,77.78,3.68,82.23,77.03,B,13.4,No,Yes,Master'S,Low,1,7.8,22.16,Bajo,-28.34,64.28,5.75
S1050,Omar,Jones,student50@university.com,Female,19,Cs,89.49,79.12,68.54,91.91,91.45,9.32,62.06,61.9,A,17.6,No,Yes,Unknown,Low,10,7.7,36.14,Medio,-10.58,84.66,3.52
S1051,Emma,Jones,student51@university.com,Female,20,Cs,58.58,41.56,63.98,99.98,93.64,8.47,68.43,96.39,D,19.6,Yes,Yes,Phd,Medium,7,4.1,50.56,Medio,22.42,86.69,4.92
S1052,John,Brown,student52@university.com,Female,19,Cs,60.6,72.92,83.31,66.12,64.37,8.52,89.62,84.95,B,13.1,No,Yes,Unknown,Low,3,5.0,34.81,Medio,10.39,76.33,6.48
S1053,Maria,Smith,student53@university.com,Female,23,Engineering,76.6,75.7,97.18,92.12,55.21,5.78,75.06,97.95,C,13.9,No,Yes,High School,Medium,5,8.4,32.42,Medio,21.48,70.05,7.05
S1054,Omar,Smith,student54@university.com,Male,19,Business,75.725,52.45,85.21,93.65,61.64,8.66,92.48,82.55,B,5.3,No,Yes,High School,Medium,8,6.8,50.67,Medio,32.76,83.59,15.58
S1055,Maria,Brown,student55@university.com,Female,19,Business,81.75,52.5,50.77,74.81,97.27,7.79,81.44,88.76,A,5.1,No,Yes,Unknown,Medium,2,7.4,35.31,Medio,-1.73,82.85,17.4
S1056,Liam,Williams,student56@university.com,Female,20,Cs,64.58,56.57,96.13,67.14,73.12,9.53,81.45,94.53,F,27.7,No,Yes,Bachelor'S,Low,4,6.0,33.24,Medio,39.56,79.25,3.41
S1057,Ali,Johnson,student57@university.com,Male,20,Cs,89.58,82.7,63.53,87.8,70.93,0.64,51.69,87.96,A,5.4,Yes,Yes,Unknown,Low,9,7.7,38.91,Medio,-19.17,54.21,16.29
S1058,John,Smith,student58@university.com,Male,20,Mathematics,90.41,76.38,68.45,61.44,50.65,0.29,87.48,78.13,B,5.8,Yes,Yes,Unknown,High,2,5.4,24.76,Bajo,-7.93,50.62,13.47
S1059,Ahmed,Johnson,student59@university.com,Male,24,Cs,73.19,90.75,65.29,81.24,52.55,1.75,98.89,73.6,F,10.1,No,No,Master'S,Medium,8,5.2,37.66,Medio,-25.46,62.54,7.29
S1060,John,Davis,student60@university.com,Female,20,Business,59.04,57.74,56.83,85.24,83.43,9.29,73.65,91.17,D,23.6,No,Yes,Unknown,Low,9,9.0,47.99,Medio,-0.91,83.8,3.86
S1061,Omar,Davis,student61@university.com,Male,19,Cs,82.34,94.72,93.7,74.81,79.49,6.06,57.93,88.6,B,22.0,No,Yes,Unknown,Low,3,4.8,16.21,Bajo,-1.02,68.21,4.03
S1062,Ahmed,Brown,student62@university.com,Female,22,Mathematics,99.64,84.62,59.93,60.36,78.78,4.26,98.85,68.32,A,21.2,Yes,Yes,Phd,Medium,5,8.9,18.03,Bajo,-24.69,70.15,3.22
S1063,Ali,Davis,student63@university.com,Male,22,Cs,81.13,63.7,74.72,92.44,55.52,5.13,64.51,74.92,F,19.4,No,Yes,Bachelor'S,Medium,4,8.6,29.46,Bajo,11.02,65.94,3.86
S1064,Omar,Davis,student64@university.com,Male,20,Engineering,51.79,45.72,54.4,71.05,67.6,8.3,70.46,81.75,C,10.0,No,Yes,Master'S,Low,10,7.6,63.16,Alto,8.68,73.03,8.18
S1065,Sara,Williams,student65@university.com,Female,24,Business,50.86,55.42,87.84,60.82,90.62,9.29,53.87,51.42,F,14.9,No,No,Master'S,High,10,6.9,58.12,Alto,32.42,74.55,3.45
S1066,Maria,Williams,student66@university.com,Male,21,Engineering,66.02,97.41,86.45,77.13,58.75,7.3,55.54,62.38,A,17.0,No,Yes,Bachelor'S,Low,8,4.0,34.73,Medio,-10.96,66.1,3.67
S1067,Ali,Williams,student67@university.com,Male,18,Cs,59.79,58.62,57.78,93.17,94.13,7.6,60.83,62.51,D,19.6,No,Yes,Phd,Low,8,7.2,47.24,Medio,-0.84,81.03,3.19
S1068,Maria,Davis,student68@university.com,Male,23,Engineering,90.65,59.79,80.89,98.35,56.07,3.2,77.42,94.16,A,10.0,No,Yes,Phd,Low,5,7.9,34.22,Medio,21.1,65.96,9.42
S1069,Emma,Brown,student69@university.com,Male,24,Business,92.24,51.38,82.23,87.41,58.46,4.67,77.89,66.57,A,23.2,No,Yes,Unknown,High,5,7.7,29.59,Bajo,30.85,67.61,2.87
S1070,Sara,Jones,student70@university.com,Male,21,Cs,62.93,88.41,73.75,50.28,73.89,8.85,80.31,77.26,B,12.7,No,Yes,High School,High,1,4.9,25.1,Bajo,-14.66,73.24,6.08
S1071,Sara,Jones,student71@university.com,Female,23,Cs,66.28,56.54,76.04,56.74,97.26,7.86,79.19,91.58,C,21.5,No,Yes,High School,Low,5,6.7,37.98,Medio,19.5,77.95,4.26
S1072,Ali,Johnson,student72@university.com,Female,21,Engineering,61.81,59.82,74.47,53.81,66.48,6.84,74.76,62.98,B,17.8,Yes,No,Phd,Low,1,6.8,31.52,Medio,14.65,65.86,3.54
S1073,Sara,Jones,student73@university.com,Male,21,Cs,95.42,64.86,44.91,55.06,82.91,0.65,90.1,56.19,A,19.8,Yes,Yes,Bachelor'S,High,4,7.3,23.91,Bajo,-19.95,58.64,2.84
S1074,Ahmed,Jones,student74@university.com,Female,22,Engineering,75.13,66.02,80.22,69.15,79.43,0.4,96.69,97.42,A,15.3,No,Yes,Unknown,Low,7,8.2,39.58,Medio,14.2,62.32,6.37
S1075,Sara,Williams,student75@university.com,Female,18,Cs,82.81,64.68,68.19,66.92,57.48,1.3,63.49,85.23,F,16.1,No,Yes,High School,Low,2,7.5,25.78,Bajo,3.51,50.22,5.29
S1076,Maria,Williams,student76@university.com,Female,21,Engineering,70.77,70.22,66.31,74.81,62.41,5.81,56.51,58.85,A,26.7,No,Yes,Unknown,High,1,4.7,20.81,Bajo,-3.91,62.96,2.2
S1077,Maria,Davis,student77@university.com,Male,20,Cs,81.55,88.87,91.6,94.11,96.51,5.36,71.25,90.99,D,16.9,Yes,Yes,Bachelor'S,High,2,4.1,18.57,Bajo,2.73,78.87,5.38
S1078,Omar,Johnson,student78@university.com,Male,23,Engineering,69.29,89.16,41.39,80.77,59.24,9.43,51.32,89.36,A,24.8,No,Yes,Master'S,Medium,7,4.7,29.93,Bajo,-47.77,71.41,3.6
S1079,Maria,Smith,student79@university.com,Male,24,Cs,66.98,87.9,55.08,74.81,84.75,6.95,94.17,91.88,A,14.9,No,Yes,Bachelor'S,Low,3,4.2,27.18,Bajo,-32.82,80.81,6.17
S1080,Omar,Johnson,student80@university.com,Female,22,Cs,81.72,46.07,47.28,74.81,98.23,2.94,61.99,63.81,A,22.5,Yes,Yes,Unknown,High,5,6.2,35.22,Medio,1.21,66.11,2.84
S1081,Maria,Johnson,student81@university.com,Female,23,Cs,75.725,87.98,42.12,70.51,55.98,1.61,77.46,72.43,D,10.8,No,Yes,Master'S,Low,1,5.4,21.7,Bajo,-45.86,55.01,6.71
S1082,Ahmed,Brown,student82@university.com,Male,20,Mathematics,75.725,47.22,56.54,65.88,69.96,8.5,55.75,84.68,A,27.9,No,Yes,Unknown,Low,10,4.0,45.38,Medio,9.32,69.15,3.04
S1083,Liam,Davis,student83@university.com,Male,20,Cs,57.47,47.48,99.31,71.92,61.2,4.6,77.66,69.53,D,29.2,No,Yes,Master'S,Medium,10,4.4,51.04,Medio,51.83,64.19,2.38
S1084,Omar,Brown,student84@university.com,Female,21,Business,68.43,96.87,56.21,80.52,61.08,6.53,51.95,53.5,F,27.5,Yes,Yes,Unknown,High,10,6.0,33.24,Medio,-40.66,64.71,1.95
S1085,John,Johnson,student85@university.com,Female,20,Cs,70.76,89.16,79.82,74.65,55.95,5.65,88.44,56.82,C,13.7,No,Yes,Unknown,Low,8,8.7,37.19,Medio,-9.34,68.89,4.15
S1086,Emma,Johnson,student86@university.com,Male,18,Cs,81.43,73.14,47.1,91.9,82.48,1.07,97.77,79.86,C,11.9,No,Yes,Master'S,Medium,4,9.0,30.27,Medio,-26.04,70.71,6.71
S1087,Ali,Johnson,student87@university.com,Female,20,Engineering,95.73,92.5,76.11,95.01,87.32,0.57,65.35,68.76,B,9.6,Yes,Yes,Phd,Medium,10,4.3,33.94,Medio,-16.39,63.34,7.16
S1088,Maria,Jones,student88@university.com,Female,21,Engineering,75.725,99.36,99.07,73.48,83.84,3.77,62.91,50.27,C,26.8,No,Yes,Phd,High,2,8.2,12.51,Bajo,-0.29,64.48,1.88
S1089,Sara,Brown,student89@university.com,Female,23,Mathematics,75.725,76.64,57.51,61.99,96.23,3.62,72.4,88.34,F,8.0,No,Yes,Bachelor'S,Medium,8,6.4,42.06,Medio,-19.13,66.71,11.04
S1090,Liam,Johnson,student90@university.com,Female,20,Mathematics,59.69,76.77,90.88,97.26,57.28,6.74,81.0,70.84,C,21.1,No,Yes,Phd,Medium,10,7.1,45.53,Medio,14.11,75.74,3.36
S1091,Maria,Williams,student91@university.com,Female,22,Business,75.11,85.27,99.85,86.75,65.99,6.32,59.45,65.69,B,13.3,No,Yes,Bachelor'S,Medium,5,6.5,30.37,Medio,14.58,68.85,4.94
S1092,Sara,Davis,student92@university.com,Female,24,Engineering,71.49,53.93,75.31,82.01,67.23,9.69,90.17,85.68,D,9.7,No,Yes,Phd,Medium,2,8.6,36.17,Medio,21.38,84.08,8.83
S1093,Emma,Davis,student93@university.com,Female,22,Engineering,86.45,50.03,58.56,87.27,61.6,8.58,59.93,72.76,A,9.6,No,Yes,High School,Low,9,6.4,47.71,Medio,8.53,73.65,7.58
S1094,Emma,Williams,student94@university.com,Male,22,Cs,75.725,85.57,80.41,74.81,57.11,4.97,50.27,84.74,F,26.8,No,Yes,High School,High,6,4.8,25.54,Bajo,-5.16,57.97,3.16
S1095,Emma,Davis,student95@university.com,Male,23,Mathematics,79.72,60.69,90.69,53.38,74.34,5.0,76.21,50.66,D,26.5,Yes,Yes,High School,Medium,8,7.9,36.2,Medio,30.0,63.48,1.91
S1096,Sara,Jones,student96@university.com,Female,19,Engineering,94.19,48.1,50.28,57.66,91.72,6.74,55.76,50.47,A,11.8,No,Yes,High School,Medium,2,6.6,28.93,Bajo,2.18,68.14,4.28
S1097,Maria,Jones,student97@university.com,Female,24,Engineering,95.53,58.89,67.15,57.37,97.73,1.14,84.91,78.0,A,5.8,Yes,Yes,Unknown,Medium,5,4.6,34.89,Medio,8.26,62.85,13.45
S1098,Emma,Smith,student98@university.com,Female,22,Cs,97.94,61.52,59.15,71.03,56.47,10.0,58.37,99.11,B,26.7,No,Yes,Phd,Low,3,6.3,18.36,Bajo,-2.37,71.47,3.71
S1099,Ahmed,Smith,student99@university.com,Male,22,Cs,88.66,97.91,57.0,57.87,91.16,5.19,90.87,63.62,B,6.4,No,Yes,Master'S,Medium,8,7.4,31.95,Medio,-40.91,72.95,9.94
S1100,Omar,Smith,student100@university.com,Male,19,Mathematics,95.3,81.88,91.65,92.73,91.23,9.1,73.52,84.14,A,7.1,No,No,Master'S,Medium,1,5.5,18.53,Bajo,9.77,87.12,11.85
S1101,Sara,Davis,student101@university.com,Female,23,Cs,61.73,71.85,65.3,78.9,69.45,9.67,78.31,58.61,F,25.5,No,Yes,Master'S,Low,9,8.6,41.87,Medio,-6.55,80.84,2.3
S1102,Sara,Jones,student102@university.com,Male,24,Engineering,59.88,98.13,60.34,68.41,55.5,5.82,59.33,65.58,F,25.4,No,Yes,High School,Low,6,8.2,28.01,Bajo,-37.79,60.36,2.58
S1103,Maria,Jones,student103@university.com,Female,22,Cs,50.32,94.19,76.21,53.48,99.5,1.03,57.33,53.9,D,10.1,No,Yes,Unknown,Medium,1,6.8,29.08,Bajo,-17.98,55.15,5.34
S1104,Sara,Jones,student104@university.com,Female,21,Business,85.34,70.72,53.16,79.55,82.78,5.73,81.56,94.04,A,6.0,No,Yes,Phd,Medium,3,4.3,30.36,Medio,-17.56,75.3,15.67
S1105,Sara,Williams,student105@university.com,Female,23,Cs,96.87,94.34,53.79,55.83,99.11,5.98,62.77,65.52,A,6.6,No,Yes,Unknown,High,8,6.9,30.05,Medio,-40.55,69.38,9.93
S1106,Emma,Jones,student106@university.com,Female,24,Business,59.35,64.26,71.22,87.16,74.18,7.89,69.3,61.52,D,16.3,Yes,Yes,Bachelor'S,Medium,8,6.1,47.36,Medio,6.96,77.39,3.77
S1107,Maria,Williams,student107@university.com,Female,22,Cs,81.85,53.83,64.56,90.14,69.76,0.48,73.97,86.53,F,15.5,No,Yes,High School,Low,3,7.6,31.9,Medio,10.73,59.67,5.58
S1108,Emma,Smith,student108@university.com,Female,22,Business,87.32,53.96,57.7,77.2,62.36,4.66,61.48,59.97,A,9.6,No,Yes,Unknown,Low,10,5.3,48.45,Medio,3.74,61.91,6.25
S1109,Omar,Smith,student109@university.com,Female,19,Business,96.38,79.74,43.24,57.48,99.18,9.23,89.77,62.01,B,27.7,Yes,Yes,Unknown,Medium,8,7.0,24.05,Bajo,-36.5,84.68,2.24
S1110,Liam,Davis,student110@university.com,Male,24,Cs,82.34,70.06,71.25,89.34,62.66,9.91,96.97,55.18,F,18.8,Yes,Yes,Unknown,High,6,6.8,31.87,Medio,1.19,87.02,2.94
S1111,Omar,Smith,student111@university.com,Female,21,Engineering,98.51,79.54,89.0,65.39,51.19,1.91,71.59,98.14,B,25.2,No,Yes,Phd,Low,7,6.6,22.39,Bajo,9.46,51.82,3.89
S1112,Liam,Davis,student112@university.com,Male,23,Cs,67.23,81.16,91.08,61.13,75.62,8.71,95.88,62.38,B,7.6,No,Yes,Bachelor'S,Medium,2,4.6,30.54,Medio,9.92,79.93,8.21
S1113,Emma,Johnson,student113@university.com,Female,20,Cs,67.5,41.34,54.13,73.53,68.85,1.46,94.13,99.78,C,29.3,Yes,Yes,High School,Low,1,6.4,29.32,Bajo,12.79,62.78,3.41
S1114,Omar,Johnson,student114@university.com,Female,18,Business,77.15,43.24,75.98,96.13,63.07,8.41,58.3,58.81,C,25.2,No,Yes,Unknown,Low,1,6.8,27.43,Bajo,32.74,75.4,2.33
S1115,Maria,Brown,student115@university.com,Male,21,Engineering,69.18,71.96,91.35,64.87,81.73,2.77,58.67,51.03,B,12.2,No,Yes,Unknown,Medium,3,8.6,32.54,Medio,19.39,58.24,4.18
S1116,Ali,Davis,student116@university.com,Male,20,Cs,50.07,51.46,64.52,95.28,68.21,9.6,73.87,94.78,D,5.5,Yes,Yes,Master'S,Medium,7,6.3,57.62,Alto,13.06,83.34,17.23
S1117,Emma,Brown,student117@university.com,Female,21,Cs,75.725,77.95,95.93,52.68,70.11,6.95,76.29,79.0,B,9.1,No,Yes,High School,Low,9,7.2,43.34,Medio,17.98,67.14,8.68
S1118,Liam,Brown,student118@university.com,Male,24,Cs,87.59,73.13,94.18,54.18,51.15,3.99,67.06,67.57,B,15.5,No,Yes,High School,High,2,6.8,21.88,Bajo,21.05,53.07,4.36
S1119,Ahmed,Johnson,student119@university.com,Female,20,Business,87.35,75.15,52.49,84.93,79.45,2.81,65.65,75.67,A,5.1,No,Yes,Unknown,Medium,6,5.0,35.44,Medio,-22.66,64.53,14.84
S1120,Liam,Davis,student120@university.com,Female,24,Cs,67.25,58.15,55.54,59.53,56.1,2.35,71.57,63.04,B,6.0,Yes,Yes,Unknown,Medium,8,4.9,51.57,Medio,-2.61,52.68,10.51
S1121,Ahmed,Johnson,student121@university.com,Male,20,Mathematics,76.11,78.39,50.83,65.83,60.69,6.81,84.52,81.74,C,7.5,Yes,Yes,Unknown,Medium,9,7.7,43.87,Medio,-27.56,69.78,10.9
S1122,Sara,Brown,student122@university.com,Male,21,Mathematics,68.0,89.77,51.76,56.82,85.86,8.96,54.22,80.82,B,25.2,No,Yes,Unknown,Low,10,6.6,36.67,Medio,-38.01,71.62,3.21
S1123,Omar,Davis,student123@university.com,Male,19,Cs,50.8,99.88,94.47,66.61,65.66,7.55,85.53,54.01,D,18.7,Yes,Yes,Phd,High,3,8.5,27.35,Bajo,-5.41,73.32,2.89
S1124,Ahmed,Brown,student124@university.com,Male,21,Cs,78.12,90.31,95.87,64.02,58.16,8.35,96.31,95.53,D,9.8,Yes,Yes,Phd,Medium,5,8.5,29.55,Bajo,5.56,75.5,9.75
S1125,Liam,Jones,student125@university.com,Female,24,Business,56.19,73.45,43.11,86.82,78.87,7.81,88.18,73.03,C,11.6,No,Yes,Bachelor'S,High,5,5.5,41.39,Medio,-30.34,82.99,6.3
S1126,Sara,Davis,student126@university.com,Male,21,Cs,54.0,51.61,75.62,85.1,60.75,9.79,59.58,59.76,F,21.1,Yes,Yes,Unknown,Low,8,4.5,50.62,Medio,24.01,75.83,2.83
S1127,Ali,Davis,student127@university.com,Male,20,Cs,87.77,80.89,73.85,97.75,63.55,7.58,54.37,65.37,A,13.0,No,Yes,Bachelor'S,High,1,5.7,18.51,Bajo,-7.04,72.87,5.03
S1128,Maria,Brown,student128@university.com,Male,18,Cs,50.48,96.26,63.43,86.22,81.07,2.1,74.52,93.31,D,22.1,No,Yes,Phd,Low,3,4.3,26.85,Bajo,-32.83,65.7,4.22
S1129,Maria,Jones,student129@university.com,Male,20,Engineering,97.95,52.71,77.9,84.74,86.99,7.92,97.82,69.16,A,24.5,Yes,No,Master'S,Low,6,7.9,28.77,Bajo,25.19,87.19,2.82
S1130,Maria,Williams,student130@university.com,Male,22,Business,75.76,55.36,96.84,84.71,86.98,3.22,90.95,78.1,A,12.7,Yes,Yes,High School,Low,6,4.7,41.64,Medio,41.48,73.71,6.15
S1131,Ahmed,Johnson,student131@university.com,Female,21,Cs,99.15,48.94,50.22,94.15,74.11,9.96,78.14,97.38,A,14.2,No,Yes,Phd,High,4,8.3,30.18,Medio,1.28,86.5,6.86
S1132,Ali,Brown,student132@university.com,Female,23,Cs,52.9,84.2,47.22,64.81,72.71,3.77,57.15,82.59,D,6.3,No,Yes,Unknown,Low,5,6.1,41.96,Medio,-36.98,58.09,13.11
S1133,Ahmed,Davis,student133@university.com,Male,21,Mathematics,79.18,64.39,42.0,74.81,89.38,2.93,85.69,83.79,D,25.5,No,Yes,Master'S,Medium,10,5.4,40.22,Medio,-22.39,69.8,3.29
S1134,Omar,Johnson,student134@university.com,Male,19,Business,67.47,43.76,61.83,87.06,59.65,2.39,90.65,62.43,A,20.2,No,Yes,Unknown,Low,3,6.5,37.6,Medio,18.07,65.32,3.09
S1135,Ahmed,Johnson,student135@university.com,Female,24,Engineering,92.17,92.5,60.26,61.44,57.61,6.59,96.75,83.41,A,27.2,No,Yes,Master'S,Low,4,7.0,13.06,Bajo,-32.24,70.42,3.07
S1136,Ali,Johnson,student136@university.com,Male,23,Business,75.725,73.46,65.85,95.6,83.23,1.09,80.61,69.69,F,9.7,Yes,Yes,Phd,Medium,10,7.5,46.61,Medio,-7.61,67.58,7.18
S1137,Ali,Williams,student137@university.com,Female,20,Engineering,63.02,59.87,70.2,76.74,70.48,9.54,75.72,95.55,C,29.0,No,Yes,Unknown,High,10,5.7,45.48,Medio,10.33,79.59,3.29
S1138,Omar,Smith,student138@university.com,Female,19,Business,92.88,60.64,85.47,74.81,85.5,2.94,80.96,56.48,A,22.7,No,Yes,Unknown,Low,1,8.9,17.95,Bajo,24.83,67.67,2.49
S1139,Ali,Brown,student139@university.com,Male,21,Cs,68.73,57.42,63.53,88.8,62.83,2.95,97.16,64.28,D,9.9,Yes,Yes,Unknown,Medium,6,6.1,44.88,Medio,6.11,69.57,6.49
S1140,Liam,Smith,student140@university.com,Female,20,Cs,50.84,67.33,59.84,65.62,66.24,0.46,81.41,53.3,D,16.6,No,Yes,Bachelor'S,Medium,5,8.2,42.6,Medio,-7.49,54.47,3.21
S1141,Ali,Smith,student141@university.com,Male,20,Business,69.51,60.22,89.61,98.16,94.83,2.46,62.88,69.05,B,22.5,No,Yes,Unknown,Low,5,4.2,35.24,Medio,29.39,70.12,3.07
S1142,Maria,Smith,student142@university.com,Male,22,Engineering,82.73,72.88,90.99,74.81,71.08,4.19,81.81,57.42,A,5.4,No,Yes,Unknown,High,4,7.9,33.15,Medio,18.11,67.4,10.63
S1143,Liam,Johnson,student143@university.com,Female,22,Mathematics,62.72,86.41,53.97,83.34,79.55,3.7,93.99,92.26,B,24.5,Yes,Yes,Phd,Medium,9,6.8,37.65,Medio,-32.44,73.47,3.77
S1144,Liam,Jones,student144@university.com,Female,18,Cs,71.6,80.47,58.88,55.68,55.33,2.73,78.35,96.25,D,28.7,No,Yes,Bachelor'S,High,9,7.2,34.23,Medio,-21.59,54.16,3.35
S1145,Omar,Johnson,student145@university.com,Male,22,Mathematics,52.84,57.67,89.51,63.16,58.94,0.41,75.13,83.47,F,7.0,No,Yes,Unknown,Low,5,5.9,49.59,Medio,31.84,50.33,11.92
S1146,John,Johnson,student146@university.com,Female,24,Mathematics,79.4,71.72,44.76,75.77,51.79,3.01,86.67,55.17,F,27.5,No,Yes,Bachelor'S,Low,7,6.7,30.28,Medio,-26.96,61.08,2.01
S1147,John,Davis,student147@university.com,Male,23,Cs,87.81,90.41,59.55,92.57,71.22,7.78,83.05,67.08,A,16.6,No,Yes,Bachelor'S,Medium,3,8.7,18.29,Bajo,-30.86,81.16,4.04
S1148,Ali,Davis,student148@university.com,Female,20,Business,70.67,44.09,66.9,59.24,99.45,4.39,52.83,98.22,D,17.9,No,Yes,Unknown,High,1,5.9,33.09,Medio,22.81,63.86,5.49
S1149,Liam,Smith,student149@university.com,Female,22,Engineering,71.01,44.7,51.22,55.22,93.69,2.91,86.27,56.82,C,26.0,No,Yes,Phd,Low,1,4.5,28.74,Bajo,6.52,66.07,2.19
S1150,John,Johnson,student150@university.com,Male,18,Mathematics,54.41,73.37,50.79,53.72,81.65,3.05,70.38,77.82,C,19.7,No,Yes,High School,Low,3,7.6,33.54,Medio,-22.58,59.06,3.95
S1151,John,Smith,student151@university.com,Male,21,Engineering,60.1,78.35,65.49,75.35,93.05,5.54,97.04,67.65,A,13.8,No,Yes,Phd,Medium,3,6.5,33.0,Medio,-12.86,80.21,4.9
S1152,Ali,Davis,student152@university.com,Male,23,Business,57.73,52.68,85.27,94.24,79.71,3.02,98.54,99.96,C,23.3,No,Yes,Phd,Low,5,6.1,41.23,Medio,32.59,75.67,4.29
S1153,John,Jones,student153@university.com,Female,22,Engineering,74.08,84.71,90.41,52.12,68.44,6.31,72.44,64.27,D,8.5,Yes,Yes,Unknown,Medium,8,7.9,39.96,Medio,5.7,64.03,7.56
S1154,Ahmed,Brown,student154@university.com,Male,20,Cs,76.46,78.78,98.75,60.62,58.68,9.89,98.44,52.39,A,21.7,No,Yes,Unknown,Low,6,6.8,29.87,Bajo,19.97,79.16,2.41
S1155,Sara,Smith,student155@university.com,Male,21,Cs,75.725,95.4,44.44,84.66,82.65,0.41,65.54,85.11,F,24.4,No,Yes,Unknown,Medium,8,7.2,28.23,Bajo,-50.96,59.24,3.49
S1156,Omar,Jones,student156@university.com,Female,24,Engineering,53.66,50.14,53.0,91.29,59.65,1.69,84.13,66.34,D,13.4,No,Yes,High School,High,7,8.6,52.81,Medio,2.86,62.99,4.95
S1157,Sara,Brown,student157@university.com,Female,20,Business,79.99,85.08,85.4,90.37,70.87,1.79,53.75,82.88,B,29.3,No,Yes,Bachelor'S,Low,1,4.3,11.83,Bajo,0.32,58.22,2.83
S1158,Ali,Williams,student158@university.com,Male,21,Engineering,76.32,45.02,72.44,89.25,91.29,4.47,57.25,55.23,F,21.0,Yes,Yes,High School,High,10,5.3,49.28,Medio,27.42,70.62,2.63
S1159,Maria,Smith,student159@university.com,Male,24,Engineering,75.81,73.92,59.66,56.49,56.46,0.41,93.23,76.15,D,7.4,Yes,Yes,Bachelor'S,Low,8,8.5,43.15,Medio,-14.26,52.57,10.29
S1160,Omar,Smith,student160@university.com,Male,24,Cs,93.66,73.11,52.34,69.86,56.45,4.78,94.69,68.76,A,29.2,No,Yes,High School,Medium,1,8.0,10.69,Bajo,-20.77,67.2,2.35
S1161,Ali,Williams,student161@university.com,Male,23,Engineering,60.28,63.3,56.83,99.24,61.22,9.29,76.63,76.84,C,23.6,No,Yes,Unknown,Low,5,4.9,37.0,Medio,-6.47,82.5,3.26
S1162,Liam,Williams,student162@university.com,Female,20,Cs,52.04,90.67,65.76,99.44,77.6,0.12,66.99,92.67,D,22.4,Yes,Yes,Phd,Low,3,4.8,27.83,Bajo,-24.91,61.31,4.14
S1163,Maria,Smith,student163@university.com,Female,22,Business,83.61,40.26,50.63,74.81,62.59,3.65,72.55,98.64,A,11.3,No,Yes,Bachelor'S,Medium,7,8.1,46.34,Medio,10.37,61.61,8.73
S1164,Sara,Williams,student164@university.com,Male,22,Mathematics,75.725,71.21,97.85,85.46,75.16,7.61,93.48,87.66,F,16.8,No,Yes,Bachelor'S,Medium,5,6.8,32.62,Medio,26.64,82.55,5.22
S1165,Ali,Johnson,student165@university.com,Male,18,Engineering,50.88,53.03,46.46,97.56,65.1,1.54,60.55,88.34,D,27.5,No,Yes,Bachelor'S,Medium,2,8.3,34.76,Medio,-6.57,59.65,3.21
S1166,Liam,Brown,student166@university.com,Male,21,Cs,62.57,84.61,99.13,72.5,75.31,0.78,64.74,76.45,C,12.7,No,Yes,Master'S,Low,1,8.6,26.37,Bajo,14.52,55.09,6.02
S1167,Omar,Brown,student167@university.com,Female,18,Cs,65.47,42.58,90.51,56.84,63.88,6.31,89.27,54.87,A,15.6,Yes,Yes,Unknown,Medium,10,4.3,56.51,Alto,47.93,68.27,3.52
S1168,Omar,Brown,student168@university.com,Male,19,Engineering,80.84,89.89,65.39,83.45,99.0,0.1,96.76,83.35,A,11.4,Yes,Yes,Master'S,Low,6,8.8,30.15,Medio,-24.5,70.05,7.31
S1169,Emma,Johnson,student169@university.com,Male,22,Engineering,58.63,90.29,84.39,98.01,74.64,8.02,54.65,57.39,D,10.4,No,Yes,Unknown,Low,6,7.6,38.3,Medio,-5.9,76.88,5.52
S1170,Liam,Williams,student170@university.com,Female,21,Business,70.65,89.97,80.29,84.86,87.18,0.67,90.19,62.28,D,6.1,No,Yes,Unknown,Medium,8,8.2,40.79,Medio,-9.68,67.23,10.21
S1171,Ahmed,Jones,student171@university.com,Female,23,Cs,74.12,49.15,52.8,90.17,85.03,5.24,82.25,85.38,C,23.4,No,Yes,Phd,High,9,7.2,45.39,Medio,3.65,77.46,3.65
S1172,John,Williams,student172@university.com,Male,18,Business,72.96,77.82,60.34,74.81,74.53,7.4,61.54,82.85,F,7.3,No,Yes,Bachelor'S,Medium,2,5.5,29.69,Bajo,-17.48,71.22,11.35
S1173,Maria,Smith,student173@university.com,Male,23,Engineering,98.7,40.86,70.79,54.82,61.94,2.42,87.79,65.72,B,18.3,No,Yes,Unknown,Low,5,7.0,32.94,Medio,29.93,57.19,3.59
S1174,Liam,Davis,student174@university.com,Female,23,Cs,75.725,90.88,78.27,58.44,75.54,1.04,86.4,88.6,C,6.2,Yes,Yes,Bachelor'S,High,5,6.6,32.02,Medio,-12.61,57.7,14.29
S1175,Emma,Brown,student175@university.com,Male,23,Engineering,97.55,83.38,72.57,99.13,84.05,1.76,57.1,96.97,A,29.6,Yes,Yes,Master'S,Low,10,8.7,26.04,Bajo,-10.81,64.47,3.28
S1176,John,Williams,student176@university.com,Male,18,Cs,79.1,71.87,68.38,74.66,73.0,8.55,75.11,77.26,F,22.7,Yes,Yes,Unknown,Medium,8,6.8,34.96,Medio,-3.49,77.07,3.4
S1177,John,Jones,student177@university.com,Female,19,Engineering,89.79,83.84,66.59,50.6,54.1,7.06,87.91,83.88,A,20.8,No,Yes,Unknown,Low,9,4.1,30.8,Medio,-17.25,65.8,4.03
S1178,Ali,Smith,student178@university.com,Female,24,Business,71.52,45.66,69.9,97.77,50.9,1.98,59.58,63.59,B,9.7,No,No,Master'S,Medium,5,7.4,45.31,Medio,24.24,57.01,6.56
S1179,John,Johnson,student179@university.com,Female,24,Engineering,72.69,71.72,66.06,74.89,66.39,7.16,73.14,98.54,F,18.2,No,Yes,Unknown,Low,5,4.3,32.83,Medio,-5.66,71.5,5.41
S1180,Ahmed,Johnson,student180@university.com,Male,18,Business,93.97,57.48,72.48,91.81,57.51,7.09,56.04,63.69,A,17.6,Yes,Yes,Phd,Medium,3,8.7,25.51,Bajo,15.0,69.06,3.62
S1181,Omar,Jones,student181@university.com,Female,24,Engineering,94.8,98.36,93.28,77.42,95.31,9.98,65.34,94.37,A,14.0,No,No,Unknown,Medium,6,6.4,21.42,Bajo,-5.08,84.47,6.74
S1182,Emma,Smith,student182@university.com,Female,20,Cs,61.93,91.43,77.97,55.09,58.79,3.92,60.9,96.39,A,8.9,Yes,No,Phd,High,7,8.8,39.78,Medio,-13.46,53.5,10.83
S1183,John,Brown,student183@university.com,Male,24,Engineering,59.96,84.0,83.36,80.78,69.71,8.65,75.25,85.98,C,14.2,No,Yes,Bachelor'S,Low,3,4.1,31.16,Medio,-0.64,78.06,6.05
S1184,Ali,Williams,student184@university.com,Male,22,Engineering,74.81,96.02,75.85,74.81,85.6,4.46,57.06,90.58,D,20.2,No,Yes,Master'S,Low,2,6.7,17.13,Bajo,-20.17,65.52,4.48
S1185,Ahmed,Smith,student185@university.com,Female,18,Cs,95.01,60.81,78.58,51.74,90.77,8.98,69.16,72.89,A,17.2,Yes,No,Unknown,Low,2,5.1,22.13,Bajo,17.77,75.37,4.24
S1186,Sara,Johnson,student186@university.com,Female,24,Cs,66.12,94.05,74.7,92.09,73.89,0.92,63.76,95.98,A,19.3,No,Yes,Unknown,High,9,7.2,36.77,Medio,-19.35,59.74,4.97
S1187,Omar,Jones,student187@university.com,Male,18,Engineering,82.6,59.51,41.61,61.77,59.06,1.75,87.3,87.13,F,19.3,No,No,Unknown,High,6,6.5,34.7,Medio,-17.9,56.41,4.51
S1188,Omar,Jones,student188@university.com,Male,19,Cs,85.41,83.97,99.98,69.69,63.54,8.5,84.98,66.34,A,11.1,No,No,Master'S,Low,2,6.8,21.59,Bajo,16.01,75.8,5.98
S1189,Emma,Williams,student189@university.com,Female,20,Cs,88.93,84.19,42.02,68.64,70.95,8.19,54.75,51.75,A,7.8,Yes,No,High School,Low,5,5.8,28.61,Bajo,-42.17,69.06,6.63
S1190,Omar,Jones,student190@university.com,Female,18,Engineering,78.2,41.1,63.71,74.81,68.23,3.05,97.67,77.04,F,18.0,Yes,No,Master'S,Medium,7,4.3,44.63,Medio,22.61,67.8,4.28
S1191,John,Jones,student191@university.com,Male,22,Cs,70.12,61.66,46.31,75.22,67.43,5.97,87.23,92.03,F,27.3,No,Yes,Unknown,Medium,1,4.5,23.31,Bajo,-15.35,72.4,3.37
S1192,Ali,Smith,student192@university.com,Female,24,Mathematics,98.35,41.17,45.82,72.36,56.59,3.83,80.8,93.03,B,29.9,Yes,Yes,Unknown,Low,8,8.3,33.83,Medio,4.65,62.01,3.11
S1193,Omar,Brown,student193@university.com,Male,22,Cs,80.57,99.83,87.61,74.81,95.67,0.1,73.89,91.76,F,24.6,No,Yes,Unknown,Medium,6,7.5,20.66,Bajo,-12.22,61.34,3.73
S1194,Omar,Williams,student194@university.com,Female,24,Business,86.43,47.33,65.56,52.45,51.49,0.26,58.9,60.74,A,10.5,No,Yes,Master'S,Low,1,7.8,30.3,Medio,18.23,41.36,5.78
S1195,Sara,Smith,student195@university.com,Male,18,Engineering,67.25,72.57,88.07,54.32,72.0,0.54,98.1,71.31,C,20.8,No,Yes,Phd,Low,8,4.6,39.85,Medio,15.5,57.46,3.43
S1196,Sara,Brown,student196@university.com,Male,23,Business,83.5,87.43,56.37,51.08,99.02,5.94,50.39,80.69,C,11.0,No,Yes,Unknown,Medium,5,4.2,27.93,Bajo,-31.06,64.97,7.34
S1197,Maria,Smith,student197@university.com,Female,24,Cs,62.89,52.08,55.39,84.4,82.99,2.79,84.62,83.38,D,19.4,No,Yes,Master'S,High,7,4.1,46.0,Medio,3.31,69.98,4.3
S1198,Ahmed,Davis,student198@university.com,Female,23,Mathematics,62.25,69.1,55.07,76.28,67.77,1.44,75.37,66.73,D,17.0,No,Yes,High School,High,10,6.6,48.98,Medio,-14.03,58.46,3.93
S1199,John,Smith,student199@university.com,Male,20,Engineering,85.74,76.45,76.97,93.8,57.3,9.41,95.13,84.63,A,14.5,Yes,Yes,Bachelor'S,Medium,4,6.5,26.47,Bajo,0.52,85.08,5.84
S1200,Omar,Jones,student200@university.com,Female,22,Business,76.07,49.61,88.9,74.93,98.19,1.21,69.03,79.54,C,21.0,Yes,Yes,Phd,High,2,4.6,30.21,Medio,39.29,63.56,3.79
S1201,Liam,Brown,student201@university.com,Female,23,Cs,84.16,86.71,67.14,61.09,50.7,6.74,75.93,78.34,C,26.4,No,Yes,Phd,Low,8,5.7,26.89,Bajo,-19.57,63.78,2.97
S1202,Omar,Williams,student202@university.com,Female,22,Cs,63.47,57.96,62.75,90.26,84.07,8.94,87.12,83.15,B,13.4,No,Yes,Master'S,Low,4,6.7,40.36,Medio,4.79,87.71,6.21
S1203,Ali,Williams,student203@university.com,Male,24,Engineering,79.94,52.66,98.41,64.72,94.01,1.64,52.38,80.17,A,17.2,No,Yes,Bachelor'S,Low,8,7.4,43.18,Medio,45.75,56.88,4.66
S1204,Maria,Brown,student204@university.com,Female,24,Cs,72.2,73.5,47.01,96.78,51.26,2.15,52.72,58.34,C,16.4,No,Yes,Bachelor'S,Low,9,8.0,42.26,Medio,-26.49,55.56,3.56
S1205,Ahmed,Jones,student205@university.com,Female,20,Engineering,79.85,64.62,69.2,62.52,86.26,5.74,60.58,93.72,C,11.2,No,Yes,Unknown,Medium,4,7.2,33.73,Medio,4.58,66.69,8.37
S1206,Liam,Johnson,student206@university.com,Male,24,Cs,64.54,95.22,64.51,58.39,99.94,5.08,57.32,62.03,D,15.5,No,Yes,Master'S,Low,8,4.2,36.65,Medio,-30.71,66.61,4.0
S1207,Maria,Smith,student207@university.com,Female,20,Engineering,85.77,92.8,45.89,74.67,81.98,5.21,50.32,87.22,B,5.5,No,Yes,Phd,Medium,4,6.9,26.06,Bajo,-46.91,64.77,15.86
S1208,Emma,Jones,student208@university.com,Female,23,Mathematics,90.3,69.0,56.09,52.53,70.73,5.55,81.15,58.82,B,17.9,No,Yes,Unknown,Medium,8,4.4,34.3,Medio,-12.91,64.98,3.29
S1209,Ahmed,Davis,student209@university.com,Male,24,Engineering,63.0,61.56,41.71,51.82,93.72,9.5,89.8,83.05,D,23.0,Yes,Yes,Phd,High,1,6.8,27.98,Bajo,-19.85,82.58,3.61
S1210,Omar,Brown,student210@university.com,Male,18,Business,65.03,59.53,92.62,74.8,77.71,0.54,97.86,94.78,C,14.2,No,Yes,Unknown,Medium,2,5.9,34.5,Medio,33.09,63.94,6.67
S1211,Omar,Smith,student211@university.com,Female,21,Engineering,83.06,56.05,76.47,60.76,87.47,7.6,72.05,50.49,F,23.7,Yes,Yes,Master'S,Low,10,5.4,42.26,Medio,20.42,74.07,2.13
S1212,Ahmed,Williams,student212@university.com,Female,19,Engineering,75.725,72.67,88.9,50.47,79.39,2.33,63.99,98.98,B,23.8,No,No,Unknown,Medium,3,6.4,24.24,Bajo,16.23,54.29,4.16
S1213,Omar,Johnson,student213@university.com,Male,21,Mathematics,85.2,88.3,71.29,64.8,51.91,3.74,93.2,51.48,A,29.6,Yes,Yes,Unknown,Medium,2,5.9,11.11,Bajo,-17.01,61.83,1.74
S1214,John,Davis,student214@university.com,Male,21,Business,84.13,58.65,75.97,73.87,60.66,0.89,92.22,50.57,A,18.6,No,Yes,Unknown,Medium,10,8.2,43.66,Medio,17.32,58.91,2.72
S1215,Ahmed,Williams,student215@university.com,Female,22,Business,69.64,51.41,82.05,69.71,53.94,4.46,81.24,92.88,B,15.1,No,Yes,Bachelor'S,Low,8,5.1,48.21,Medio,30.64,62.37,6.15
S1216,Maria,Brown,student216@university.com,Female,20,Cs,69.74,68.53,94.48,56.77,55.33,8.04,63.66,85.44,D,21.0,Yes,Yes,Phd,Low,10,4.7,44.53,Medio,25.95,64.04,4.07
S1217,Ahmed,Smith,student217@university.com,Female,22,Engineering,62.74,44.14,45.51,78.98,50.77,0.99,95.43,55.29,B,20.7,Yes,Yes,Unknown,Low,9,8.2,52.23,Medio,1.37,58.77,2.67
S1218,Liam,Brown,student218@university.com,Male,23,Cs,57.84,82.08,59.86,74.81,71.06,2.76,58.92,96.87,C,29.7,No,Yes,Master'S,Low,9,5.2,38.06,Medio,-22.22,58.1,3.26
S1219,Omar,Smith,student219@university.com,Female,19,Engineering,75.725,71.1,82.54,83.78,58.93,3.73,52.18,83.6,A,22.7,No,Yes,Master'S,Low,1,4.2,20.82,Bajo,11.44,58.05,3.68
S1220,John,Jones,student220@university.com,Male,23,Engineering,54.66,69.78,97.5,69.69,92.78,1.04,89.83,55.55,F,12.7,No,Yes,Unknown,Low,9,5.9,51.36,Medio,27.72,65.68,4.37
S1221,John,Johnson,student221@university.com,Male,18,Business,96.89,58.03,98.85,56.88,87.5,7.62,78.18,93.03,A,9.7,No,Yes,Phd,High,8,8.1,39.39,Medio,40.82,74.69,9.59
S1222,Emma,Jones,student222@university.com,Male,19,Business,91.33,94.28,78.29,74.97,78.66,7.87,62.32,74.05,A,24.8,Yes,Yes,Unknown,Low,8,6.2,22.91,Bajo,-15.99,73.66,2.99
S1223,Maria,Jones,student223@university.com,Female,22,Engineering,92.88,45.43,51.62,94.52,74.45,8.36,83.54,63.91,B,9.5,No,No,Unknown,Medium,3,6.4,33.56,Medio,6.19,84.03,6.73
S1224,Sara,Brown,student224@university.com,Female,24,Cs,95.33,92.19,47.15,73.44,62.79,5.84,88.34,91.25,A,20.7,Yes,Yes,Phd,Medium,8,4.2,24.18,Bajo,-45.04,70.74,4.41
S1225,Sara,Johnson,student225@university.com,Female,24,Business,70.43,62.6,96.76,59.78,73.75,5.07,92.23,86.92,B,8.3,No,Yes,Master'S,Medium,2,7.6,34.64,Medio,34.16,69.12,10.47
S1226,Ahmed,Smith,student226@university.com,Male,22,Cs,92.34,92.84,66.04,54.65,82.06,2.63,64.11,81.15,B,23.0,Yes,Yes,Unknown,Low,2,5.7,10.55,Bajo,-26.8,56.78,3.53
S1227,Emma,Smith,student227@university.com,Female,23,Engineering,75.725,83.73,51.69,97.2,89.11,6.55,51.28,94.93,B,24.6,No,No,Unknown,Medium,4,7.6,22.74,Bajo,-32.04,75.77,3.86
S1228,Ali,Davis,student228@university.com,Male,22,Cs,51.08,46.25,96.03,87.15,54.08,4.45,75.5,93.06,D,29.8,No,Yes,Master'S,Medium,7,6.1,46.68,Medio,49.78,65.31,3.12
S1229,Ahmed,Williams,student229@university.com,Male,22,Cs,89.24,89.89,46.27,74.81,85.42,9.71,92.8,61.34,B,28.9,No,Yes,High School,High,4,6.6,14.02,Bajo,-43.62,87.53,2.12
S1230,Emma,Davis,student230@university.com,Male,21,Mathematics,53.74,80.93,83.77,64.77,87.14,9.68,60.39,93.93,D,22.8,No,Yes,Unknown,Low,2,6.9,27.73,Bajo,2.84,77.27,4.12
S1231,Maria,Davis,student231@university.com,Male,18,Cs,99.43,41.94,77.52,94.76,77.95,9.05,71.06,68.7,B,11.9,No,Yes,Master'S,Medium,5,5.0,35.56,Medio,35.58,83.57,5.77
S1232,Maria,Smith,student232@university.com,Male,24,Engineering,83.74,48.02,45.26,58.88,60.72,3.6,62.82,71.59,C,6.1,No,Yes,Unknown,High,8,5.5,48.79,Medio,-2.76,54.6,11.74
S1233,Maria,Brown,student233@university.com,Male,21,Cs,87.67,78.14,60.32,76.75,76.96,3.68,50.67,98.62,A,18.9,Yes,Yes,Bachelor'S,Low,7,6.9,29.76,Bajo,-17.82,60.3,5.22
S1234,Maria,Jones,student234@university.com,Female,22,Mathematics,62.29,79.76,49.0,85.68,75.14,8.53,94.93,87.99,D,24.1,No,Yes,High School,Medium,7,8.1,35.55,Medio,-30.76,85.26,3.65
S1235,Maria,Jones,student235@university.com,Male,20,Business,83.69,84.8,76.27,69.82,73.79,7.29,56.75,66.07,D,5.3,No,Yes,Unknown,Low,9,8.8,40.4,Medio,-8.53,68.32,12.47
S1236,Emma,Jones,student236@university.com,Female,21,Cs,52.16,83.21,68.63,52.0,73.03,7.04,88.34,82.4,D,18.1,No,Yes,Phd,Low,5,6.6,36.62,Medio,-14.58,70.94,4.55
S1237,Emma,Johnson,student237@university.com,Male,22,Cs,91.89,79.57,40.26,61.39,55.54,2.8,67.33,76.97,B,27.1,Yes,Yes,Unknown,High,4,4.4,17.08,Bajo,-39.31,53.06,2.84
S1238,John,Smith,student238@university.com,Female,24,Engineering,75.725,85.97,98.54,95.09,59.14,8.33,63.88,55.83,B,20.9,No,No,Unknown,Low,10,8.8,37.26,Medio,12.57,75.35,2.67
S1239,Liam,Brown,student239@university.com,Female,22,Cs,84.87,74.51,60.98,74.81,54.87,5.79,97.05,94.39,F,22.1,No,Yes,Bachelor'S,Medium,9,6.1,34.67,Medio,-13.53,71.16,4.27
S1240,Sara,Johnson,student240@university.com,Female,18,Engineering,61.22,55.65,55.49,90.77,62.12,4.47,82.86,91.09,F,16.9,No,Yes,Unknown,Medium,1,4.5,33.43,Medio,-0.16,70.11,5.39
S1241,Omar,Williams,student241@university.com,Female,23,Cs,53.42,94.74,53.35,77.78,63.17,8.65,84.35,88.89,D,28.6,No,Yes,Unknown,Low,6,8.9,29.69,Bajo,-41.39,77.95,3.11
S1242,Maria,Brown,student242@university.com,Male,19,Cs,74.07,41.09,49.53,97.18,62.25,3.94,87.98,77.96,D,14.4,Yes,Yes,Phd,High,3,5.4,38.99,Medio,8.44,71.7,5.41
S1243,Ali,Davis,student243@university.com,Male,21,Engineering,58.46,61.99,99.95,74.81,60.55,6.54,67.05,61.04,F,14.5,No,Yes,High School,Low,6,7.3,44.8,Medio,37.96,66.95,4.21
S1244,Omar,Brown,student244@university.com,Male,21,Cs,86.47,83.73,57.71,74.81,86.77,4.66,78.18,94.19,B,17.9,No,No,High School,Low,7,4.7,29.0,Bajo,-26.02,71.59,5.26
S1245,Emma,Brown,student245@university.com,Male,21,Business,61.88,65.63,64.33,65.91,90.93,5.93,63.51,67.65,B,19.6,No,No,Bachelor'S,Low,1,7.6,28.85,Bajo,-1.3,69.91,3.45
S1246,Ali,Jones,student246@university.com,Female,22,Cs,67.12,41.49,92.28,80.08,66.36,0.41,91.73,51.01,C,18.4,Yes,Yes,Unknown,Medium,6,8.9,45.97,Medio,50.79,60.57,2.77
S1247,Ali,Brown,student247@university.com,Female,18,Cs,78.37,43.96,78.51,83.74,65.26,4.61,79.97,99.09,B,25.5,No,Yes,High School,Low,8,8.9,42.19,Medio,34.55,68.77,3.89
S1248,Ali,Davis,student248@university.com,Female,22,Mathematics,64.25,78.92,62.12,74.81,92.2,5.56,62.17,93.06,B,25.9,Yes,Yes,Bachelor'S,Medium,5,4.6,29.78,Bajo,-16.8,71.19,3.59
S1249,John,Davis,student249@university.com,Male,22,Engineering,75.725,97.89,93.9,91.11,81.2,4.93,94.99,81.13,B,8.3,No,Yes,Phd,Medium,5,7.8,28.87,Bajo,-3.99,79.15,9.77
S1250,Emma,Smith,student250@university.com,Female,23,Business,90.78,73.11,84.98,59.17,64.67,8.47,79.04,50.62,A,19.9,No,Yes,Unknown,Low,7,7.3,29.68,Bajo,11.87,71.9,2.54
S1251,Ali,Brown,student251@university.com,Male,20,Cs,58.96,70.41,53.67,74.81,85.68,3.11,74.75,61.39,D,29.6,No,Yes,Bachelor'S,Medium,8,8.0,39.0,Medio,-16.74,66.59,2.07
S1252,Maria,Jones,student252@university.com,Female,18,Engineering,54.11,59.1,78.62,84.32,67.23,8.84,51.72,72.6,C,20.0,No,Yes,Bachelor'S,Medium,7,5.7,46.66,Medio,19.52,72.92,3.63
S1253,Ahmed,Brown,student253@university.com,Female,21,Business,66.42,55.4,95.34,74.81,79.33,4.03,95.49,81.4,C,22.2,No,Yes,Unknown,High,3,6.0,33.48,Medio,39.94,72.48,3.67
S1254,Ali,Williams,student254@university.com,Female,19,Cs,71.22,41.26,69.79,71.99,99.63,6.95,97.61,85.41,C,26.5,Yes,Yes,Bachelor'S,High,6,5.7,40.56,Medio,28.53,84.68,3.22
S1255,John,Williams,student255@university.com,Female,21,Business,77.13,56.38,84.02,98.19,65.08,0.87,78.13,89.41,C,26.7,No,Yes,Phd,High,9,7.8,40.52,Medio,27.64,62.52,3.35
S1256,Omar,Jones,student256@university.com,Female,22,Engineering,68.62,66.95,98.27,81.29,96.53,2.0,72.13,77.78,A,5.4,No,No,High School,Low,2,8.0,35.42,Medio,31.32,67.49,14.4
S1257,Emma,Smith,student257@university.com,Male,18,Cs,89.5,51.88,81.42,97.45,66.03,7.61,67.98,82.81,A,11.0,No,Yes,Unknown,Medium,9,5.2,45.39,Medio,29.54,76.89,7.53
S1258,Liam,Smith,student258@university.com,Female,24,Engineering,51.97,45.24,46.15,86.12,77.01,0.12,63.4,90.56,D,26.6,No,Yes,Unknown,Medium,3,6.9,39.38,Medio,0.91,56.93,3.4
S1259,John,Davis,student259@university.com,Male,18,Engineering,71.59,83.06,54.67,86.23,73.0,9.69,78.73,85.99,C,21.7,No,Yes,Master'S,Low,3,4.6,23.62,Bajo,-28.39,83.72,3.96
S1260,Ali,Davis,student260@university.com,Male,18,Cs,69.11,93.68,75.71,79.59,89.16,1.91,56.4,97.74,A,20.8,No,Yes,Bachelor'S,High,10,4.1,37.31,Medio,-17.97,61.06,4.7
S1261,Emma,Johnson,student261@university.com,Male,20,Engineering,82.38,96.21,56.53,57.11,53.05,9.01,95.96,93.73,F,26.5,Yes,Yes,Unknown,Low,2,7.1,11.28,Bajo,-39.68,74.05,3.54
S1262,Ahmed,Jones,student262@university.com,Male,21,Cs,98.31,77.08,97.45,74.81,81.36,5.16,58.8,58.47,A,25.2,No,Yes,Phd,Medium,3,8.2,14.31,Bajo,20.37,66.64,2.32
S1263,Ali,Brown,student263@university.com,Male,20,Engineering,75.52,43.17,64.32,62.63,88.03,5.65,87.28,97.37,C,23.8,Yes,Yes,Master'S,Low,7,8.5,42.05,Medio,21.15,73.61,4.09
S1264,John,Jones,student264@university.com,Male,24,Business,99.34,84.45,67.43,99.93,73.61,0.84,65.34,60.21,B,6.2,No,Yes,Unknown,Medium,3,7.1,21.24,Bajo,-17.02,61.82,9.71
S1265,Sara,Johnson,student265@university.com,Male,24,Engineering,65.11,46.61,82.1,63.35,55.26,3.65,61.3,99.56,F,24.5,No,Yes,Phd,Medium,1,8.0,30.98,Medio,35.49,54.1,4.06
S1266,Maria,Davis,student266@university.com,Male,23,Mathematics,51.54,80.18,71.45,61.53,62.24,1.56,77.89,85.07,D,10.0,Yes,Yes,Phd,High,4,6.0,39.57,Medio,-8.73,54.32,8.51
S1267,Liam,Jones,student267@university.com,Female,19,Cs,58.28,86.76,62.93,81.19,83.98,5.26,88.26,81.38,F,5.7,No,Yes,Unknown,Medium,7,8.4,44.06,Medio,-23.83,76.51,14.28
S1268,Omar,Jones,student268@university.com,Female,23,Engineering,69.76,83.55,44.6,75.55,94.77,5.51,86.34,66.22,B,17.3,No,Yes,Unknown,Medium,6,7.9,32.98,Medio,-38.95,77.94,3.83
S1269,John,Davis,student269@university.com,Male,22,Business,75.725,97.11,75.79,51.07,71.08,7.1,61.69,56.66,B,28.6,No,No,Unknown,Medium,10,5.5,30.06,Medio,-21.32,63.71,1.98
S1270,Emma,Johnson,student270@university.com,Male,20,Engineering,75.725,84.29,92.05,56.48,78.02,8.78,66.53,56.31,C,27.2,No,Yes,Phd,High,3,7.0,19.05,Bajo,7.76,72.21,2.07
S1271,Liam,Davis,student271@university.com,Male,20,Engineering,71.63,81.59,81.15,90.55,61.42,4.68,93.44,93.33,B,29.6,Yes,Yes,Unknown,Low,1,4.3,15.65,Bajo,-0.44,73.05,3.15
S1272,Liam,Smith,student272@university.com,Female,23,Cs,66.91,55.7,62.89,74.18,70.61,2.33,86.16,71.62,F,11.2,No,Yes,Phd,Medium,8,4.7,49.83,Medio,7.19,63.56,6.39
S1273,Liam,Brown,student273@university.com,Female,22,Cs,75.725,95.49,47.66,57.3,66.84,3.34,85.63,77.99,F,22.4,Yes,Yes,Bachelor'S,Low,2,8.7,15.87,Bajo,-47.83,60.79,3.48
S1274,Ali,Davis,student274@university.com,Male,18,Cs,64.81,50.77,88.98,73.26,82.78,8.47,63.45,96.59,B,6.4,Yes,No,Phd,Medium,5,4.0,47.77,Medio,38.21,76.05,15.09
S1275,Maria,Johnson,student275@university.com,Male,22,Mathematics,94.32,94.29,96.5,62.66,99.23,1.46,89.6,62.77,B,25.1,No,Yes,Unknown,Low,3,5.0,10.6,Bajo,2.21,66.52,2.5
S1276,Ali,Williams,student276@university.com,Female,21,Cs,75.725,58.76,63.3,61.18,90.67,6.27,67.92,88.2,F,18.1,No,Yes,Unknown,Low,4,4.7,33.48,Medio,4.54,70.62,4.87
S1277,Emma,Smith,student277@university.com,Female,23,Business,85.7,47.81,83.72,97.89,59.61,0.13,70.07,73.52,B,29.9,No,Yes,Master'S,High,3,7.5,25.16,Bajo,35.91,57.22,2.46
S1278,Ali,Williams,student278@university.com,Male,22,Engineering,80.6,89.6,64.65,68.1,78.88,2.46,64.38,60.64,C,11.0,No,Yes,High School,Medium,3,4.5,23.85,Bajo,-24.95,58.99,5.51
S1279,Sara,Davis,student279@university.com,Male,18,Cs,71.36,40.15,70.14,52.32,53.32,5.91,56.07,92.65,D,24.6,No,Yes,Unknown,High,3,4.1,35.12,Medio,29.99,55.2,3.77
S1280,Maria,Smith,student280@university.com,Male,22,Engineering,61.95,89.93,90.19,98.52,62.35,4.56,71.02,84.0,F,9.3,Yes,Yes,Unknown,Medium,10,8.7,46.69,Medio,0.26,69.37,9.03
S1281,Maria,Brown,student281@university.com,Male,20,Business,68.45,55.74,45.01,89.74,58.61,4.94,50.85,54.75,D,12.2,Yes,Yes,Bachelor'S,Medium,8,8.4,48.78,Medio,-10.73,62.15,4.49
S1282,Emma,Davis,student282@university.com,Female,19,Business,79.61,93.08,71.82,62.72,66.78,6.61,72.8,77.09,D,12.4,Yes,Yes,High School,Medium,1,5.8,18.01,Bajo,-21.26,67.1,6.22
S1283,Omar,Brown,student283@university.com,Female,20,Cs,75.725,81.49,52.88,70.44,83.94,2.35,86.25,92.59,F,19.4,No,Yes,Unknown,Low,2,4.5,21.57,Bajo,-28.61,66.03,4.77
S1284,Sara,Jones,student284@university.com,Male,24,Cs,60.74,79.97,60.39,93.11,74.97,2.81,98.04,53.35,C,14.1,Yes,Yes,Master'S,Low,2,7.4,29.92,Bajo,-19.58,73.55,3.78
S1285,John,Williams,student285@university.com,Male,19,Cs,55.82,61.92,78.67,67.87,96.65,6.84,53.93,70.81,F,16.0,No,Yes,Bachelor'S,Medium,9,8.4,51.66,Medio,16.75,71.71,4.43
S1286,Ali,Smith,student286@university.com,Male,24,Cs,75.725,43.56,41.63,78.37,60.64,5.38,64.06,90.26,A,18.0,No,Yes,Master'S,Medium,7,8.9,44.76,Medio,-1.93,64.22,5.01
S1287,Ahmed,Brown,student287@university.com,Female,22,Engineering,72.02,89.8,75.63,76.74,68.21,0.15,74.71,92.92,B,6.4,Yes,No,Unknown,High,10,4.7,44.65,Medio,-14.17,55.29,14.52
S1288,Ali,Johnson,student288@university.com,Male,21,Business,81.26,50.25,57.01,70.06,66.49,6.7,58.52,88.77,A,21.6,Yes,Yes,Phd,Low,7,7.0,39.02,Medio,6.76,65.52,4.11
S1289,Liam,Brown,student289@university.com,Male,22,Cs,74.52,62.34,80.17,81.98,61.8,6.2,55.84,65.29,F,21.2,No,Yes,Bachelor'S,Medium,8,6.2,40.17,Medio,17.83,65.4,3.08
S1290,Ali,Johnson,student290@university.com,Male,18,Business,93.63,76.02,48.49,73.66,99.66,0.79,72.62,75.35,B,29.1,Yes,Yes,High School,Low,2,4.8,12.1,Bajo,-27.53,63.46,2.59
S1291,John,Davis,student291@university.com,Female,22,Engineering,77.35,68.94,84.15,51.06,69.36,7.48,79.04,87.06,B,8.3,No,Yes,High School,Medium,10,8.0,48.1,Medio,15.21,68.57,10.49
S1292,Ali,Smith,student292@university.com,Male,19,Cs,74.04,51.92,78.74,90.72,97.03,5.22,91.01,57.63,A,5.8,No,Yes,High School,Medium,1,7.9,35.61,Medio,26.82,82.74,9.94
S1293,Sara,Brown,student293@university.com,Female,20,Cs,96.23,48.44,98.27,55.66,69.52,2.05,99.89,79.75,B,8.3,Yes,Yes,Unknown,Low,6,8.8,38.75,Medio,49.83,61.39,9.61
S1294,Sara,Brown,student294@university.com,Male,21,Business,75.725,47.39,94.67,73.2,60.2,5.59,88.71,86.02,F,15.6,Yes,Yes,Master'S,Medium,3,4.4,35.92,Medio,47.28,69.5,5.51
S1295,Maria,Smith,student295@university.com,Male,24,Business,55.58,91.78,57.0,79.0,55.96,5.95,61.07,92.5,D,10.3,Yes,Yes,Phd,Medium,2,5.2,30.09,Medio,-34.78,63.88,8.98
S1296,Emma,Brown,student296@university.com,Male,22,Engineering,58.89,41.89,41.64,85.28,92.78,9.2,87.4,55.58,C,10.4,No,Yes,Master'S,Medium,3,8.1,46.07,Medio,-0.25,89.36,5.34
S1297,Omar,Johnson,student297@university.com,Female,22,Cs,89.36,98.62,79.32,70.54,51.6,7.42,76.86,66.48,A,26.7,No,No,Phd,Medium,4,6.0,12.45,Bajo,-19.3,68.3,2.49
S1298,Ahmed,Brown,student298@university.com,Male,20,Cs,91.79,51.91,76.17,86.78,98.22,3.02,72.54,77.08,A,13.1,No,Yes,Bachelor'S,Low,5,6.4,34.64,Medio,24.26,71.94,5.88
S1299,Liam,Williams,student299@university.com,Male,21,Cs,77.26,46.62,41.65,56.57,70.91,1.18,96.79,85.05,A,15.4,Yes,Yes,Unknown,High,10,7.1,51.27,Medio,-4.97,59.02,5.52
S1300,Ali,Davis,student300@university.com,Female,23,Engineering,77.72,74.62,47.36,82.67,62.37,8.53,85.1,86.5,B,22.1,No,Yes,High School,High,10,6.0,39.36,Medio,-27.26,78.86,3.91
S1301,Ali,Jones,student301@university.com,Female,24,Business,81.6,44.8,75.08,91.32,80.87,8.46,84.08,62.66,C,13.5,No,Yes,High School,Medium,4,4.2,37.92,Medio,30.28,85.22,4.64
S1302,John,Johnson,student302@university.com,Female,22,Cs,71.96,76.15,94.71,94.47,56.65,1.75,50.59,50.69,C,18.9,Yes,Yes,Phd,Medium,8,7.0,38.07,Medio,18.56,54.8,2.68
S1303,Emma,Williams,student303@university.com,Male,22,Business,84.01,91.04,94.39,74.81,53.61,0.62,93.25,84.69,B,18.1,No,Yes,Master'S,Low,6,5.1,25.35,Bajo,3.35,56.97,4.68
S1304,Sara,Davis,student304@university.com,Female,23,Engineering,55.42,42.87,49.09,65.64,91.39,7.12,89.67,95.46,D,11.5,No,Yes,Bachelor'S,Low,7,8.8,55.33,Alto,6.22,79.48,8.3
S1305,Ahmed,Smith,student305@university.com,Male,24,Engineering,98.06,87.99,63.07,58.17,71.23,7.23,64.95,89.88,A,22.9,Yes,No,Phd,Medium,4,7.5,14.5,Bajo,-24.92,66.66,3.92
S1306,Maria,Johnson,student306@university.com,Female,19,Mathematics,87.51,63.67,42.59,67.28,75.91,1.77,64.61,81.12,B,25.9,No,Yes,High School,Low,7,8.2,30.65,Medio,-21.08,56.38,3.13
S1307,Sara,Jones,student307@university.com,Female,19,Cs,81.56,49.57,68.16,77.0,58.83,6.68,52.67,98.88,D,24.6,Yes,Yes,Phd,Low,5,8.8,33.17,Medio,18.59,63.82,4.02
S1308,Liam,Davis,student308@university.com,Female,18,Mathematics,65.82,50.57,85.19,59.82,53.07,2.79,52.54,71.66,B,14.9,Yes,Yes,Unknown,Medium,2,4.3,36.56,Medio,34.62,48.33,4.81
S1309,Emma,Jones,student309@university.com,Male,20,Cs,58.05,95.13,87.4,97.63,68.39,2.61,83.43,76.25,C,28.3,No,Yes,Unknown,Low,9,4.7,34.77,Medio,-7.73,68.89,2.69
S1310,Liam,Smith,student310@university.com,Male,21,Cs,70.47,46.64,69.94,94.86,75.31,3.25,59.31,50.61,C,27.5,No,Yes,Unknown,Low,2,8.0,29.82,Bajo,23.3,65.5,1.84
S1311,Omar,Smith,student311@university.com,Male,22,Business,83.08,92.01,45.75,51.65,88.27,5.2,96.18,97.3,F,11.7,No,Yes,Unknown,Low,2,8.4,19.69,Bajo,-46.26,72.03,8.32
S1312,Maria,Johnson,student312@university.com,Male,24,Mathematics,75.725,72.65,62.88,78.1,75.05,8.04,92.12,79.17,F,8.1,No,Yes,Unknown,Medium,3,4.0,32.1,Medio,-9.77,81.42,9.77
S1313,Omar,Brown,student313@university.com,Male,22,Engineering,69.13,42.34,95.93,89.47,89.13,4.99,67.44,69.54,D,27.3,No,Yes,Bachelor'S,Medium,4,8.7,36.12,Medio,53.59,73.98,2.55
S1314,John,Smith,student314@university.com,Male,18,Engineering,80.66,67.87,53.78,62.27,55.77,2.98,69.0,52.23,B,23.6,Yes,Yes,Phd,Low,7,6.3,32.94,Medio,-14.09,54.21,2.21
S1315,Liam,Davis,student315@university.com,Male,24,Business,90.69,89.05,59.19,76.19,53.2,8.84,66.36,68.12,A,12.8,No,Yes,Bachelor'S,Medium,5,6.3,24.03,Bajo,-29.86,71.04,5.32
S1316,John,Brown,student316@university.com,Male,24,Business,51.31,83.57,84.81,70.3,57.94,0.55,54.62,50.18,F,12.6,No,Yes,High School,Low,7,8.4,44.0,Medio,1.24,47.09,3.98
S1317,Ali,Williams,student317@university.com,Male,22,Cs,72.53,69.33,84.01,59.83,88.6,7.97,51.57,66.22,B,13.1,No,Yes,Master'S,Low,1,5.4,27.27,Bajo,14.68,69.92,5.05
S1318,Omar,Jones,student318@university.com,Female,20,Business,75.725,91.6,94.73,80.74,87.97,7.84,72.61,97.57,C,26.5,No,Yes,Unknown,Low,4,6.9,19.43,Bajo,3.13,79.93,3.68
S1319,Emma,Brown,student319@university.com,Female,18,Engineering,77.31,47.22,63.29,99.68,57.07,2.54,97.15,57.71,B,11.0,No,Yes,Master'S,Low,2,5.7,35.5,Medio,16.07,69.82,5.25
S1320,Liam,Jones,student320@university.com,Male,20,Engineering,82.57,94.6,70.88,68.26,51.55,1.98,95.86,77.27,D,21.3,No,Yes,Phd,Low,6,4.6,23.18,Bajo,-23.72,58.87,3.63
S1321,Ahmed,Brown,student321@university.com,Male,18,Engineering,75.83,90.79,68.04,77.62,84.26,8.75,90.49,59.33,A,25.9,No,Yes,Bachelor'S,High,2,5.8,15.49,Bajo,-22.75,84.97,2.29
S1322,Maria,Williams,student322@university.com,Male,22,Engineering,99.59,82.5,95.67,66.39,92.76,5.59,81.43,89.17,A,14.7,Yes,Yes,Unknown,High,4,4.9,19.71,Bajo,13.17,74.12,6.07
S1323,Sara,Smith,student323@university.com,Male,18,Mathematics,52.73,89.07,86.16,93.85,87.71,0.46,92.81,78.12,C,6.5,Yes,Yes,Master'S,Medium,5,6.6,40.46,Medio,-2.91,69.74,12.02
S1324,Emma,Williams,student324@university.com,Female,19,Engineering,74.55,72.63,89.89,74.81,60.14,8.91,75.75,60.11,C,24.0,No,Yes,Phd,Low,8,6.6,35.67,Medio,17.26,74.95,2.5
S1325,Emma,Smith,student325@university.com,Female,24,Mathematics,54.57,80.51,47.99,58.94,79.19,3.49,59.01,93.31,C,5.5,No,Yes,Master'S,Medium,5,6.2,42.89,Medio,-32.52,58.01,16.97
S1326,John,Smith,student326@university.com,Male,21,Cs,57.99,73.64,87.51,95.0,87.87,3.42,84.21,89.2,D,25.8,No,Yes,High School,Medium,2,4.9,26.93,Bajo,13.87,75.32,3.46
S1327,Omar,Jones,student327@university.com,Female,22,Business,69.15,61.33,65.98,57.58,62.79,6.43,96.03,97.57,C,14.0,Yes,Yes,Unknown,Low,10,4.6,50.4,Medio,4.65,70.18,6.97
S1328,Liam,Davis,student328@university.com,Female,23,Business,57.78,74.13,41.4,54.77,76.39,6.61,50.98,50.03,D,25.0,No,Yes,Unknown,Low,8,4.5,40.59,Medio,-32.73,62.06,2.0
S1329,Liam,Williams,student329@university.com,Male,21,Engineering,98.18,55.45,43.61,82.65,65.72,3.53,62.57,72.86,A,18.6,No,Yes,Bachelor'S,Medium,8,4.6,35.26,Medio,-11.84,61.56,3.92
S1330,Ali,Brown,student330@university.com,Male,22,Engineering,97.34,66.42,80.67,69.3,61.28,1.43,63.27,99.99,B,14.0,Yes,Yes,Phd,Low,10,5.5,39.0,Medio,14.25,52.04,7.14
S1331,Ali,Williams,student331@university.com,Male,21,Engineering,66.81,56.85,62.32,76.54,98.48,5.52,54.95,90.56,C,27.5,Yes,Yes,Phd,Medium,1,4.0,25.81,Bajo,5.47,71.29,3.29
S1332,Maria,Jones,student332@university.com,Male,19,Business,81.99,47.37,92.09,82.63,95.63,6.25,61.27,91.56,C,24.2,Yes,Yes,Unknown,Low,9,4.3,42.77,Medio,44.72,75.51,3.78
S1333,John,Smith,student333@university.com,Female,21,Business,76.69,59.31,84.06,52.64,72.28,8.6,69.2,81.06,D,7.0,No,Yes,Phd,Medium,8,6.4,47.42,Medio,24.75,70.03,11.58
S1334,Emma,Jones,student334@university.com,Male,18,Cs,90.78,91.12,41.3,64.65,56.84,4.84,96.99,85.64,A,28.3,No,Yes,Phd,Medium,1,4.9,6.74,Bajo,-49.82,66.72,3.03
S1335,Liam,Johnson,student335@university.com,Female,21,Business,81.37,62.86,81.21,73.05,86.4,6.46,93.01,90.27,A,16.7,No,Yes,Unknown,Medium,9,5.3,42.09,Medio,18.35,79.26,5.41
S1336,Ahmed,Johnson,student336@university.com,Male,22,Engineering,50.01,84.88,51.54,63.33,62.79,0.54,97.3,54.61,D,8.7,No,Yes,High School,Low,9,5.8,50.46,Medio,-33.34,57.2,6.28
S1337,John,Brown,student337@university.com,Female,23,Cs,88.16,50.51,65.35,52.45,58.43,8.95,56.03,84.63,A,24.3,No,Yes,High School,High,8,4.2,37.4,Medio,14.84,64.1,3.48
S1338,Maria,Jones,student338@university.com,Male,23,Business,87.34,65.47,77.48,54.33,69.08,3.27,51.4,90.77,A,17.9,No,Yes,Bachelor'S,Low,10,5.1,40.84,Medio,12.01,51.88,5.07
S1339,Maria,Brown,student339@university.com,Male,20,Engineering,75.49,46.89,92.36,90.09,76.49,6.32,55.49,52.04,F,21.8,No,Yes,High School,Medium,7,7.9,41.94,Medio,45.47,71.32,2.39
S1340,John,Brown,student340@university.com,Female,24,Business,95.15,48.32,67.37,95.57,54.87,9.16,95.71,64.85,A,22.4,No,Yes,High School,Low,6,5.7,32.11,Medio,19.05,84.44,2.9
S1341,Maria,Johnson,student341@university.com,Female,21,Cs,95.42,77.05,88.51,57.61,78.59,8.11,57.87,66.2,A,9.9,No,No,Unknown,Low,5,4.9,27.43,Bajo,11.46,68.79,6.69
S1342,John,Brown,student342@university.com,Female,23,Cs,76.2,76.45,86.98,74.81,50.77,6.38,78.63,92.73,D,29.3,No,Yes,High School,Medium,6,5.0,26.86,Bajo,10.53,67.0,3.16
S1343,Sara,Johnson,student343@university.com,Male,21,Engineering,80.4,52.8,64.87,82.61,94.59,7.04,61.38,89.02,D,7.6,Yes,Yes,High School,Low,1,8.9,32.22,Medio,12.07,77.24,11.71
S1344,John,Smith,student344@university.com,Female,24,Cs,99.83,68.47,70.06,97.71,96.04,9.21,51.03,82.82,A,20.1,Yes,Yes,High School,Medium,1,4.7,14.47,Bajo,1.59,84.22,4.12
S1345,Omar,Jones,student345@university.com,Female,23,Business,64.94,91.8,82.03,64.98,86.65,8.12,54.23,90.24,B,8.7,No,Yes,Master'S,Medium,9,8.5,43.16,Medio,-9.77,71.76,10.37
S1346,John,Brown,student346@university.com,Female,24,Cs,66.23,50.45,41.87,92.76,73.33,6.1,85.49,72.67,A,26.9,Yes,Yes,High School,High,6,4.4,39.35,Medio,-8.58,78.14,2.7
S1347,Maria,Johnson,student347@university.com,Female,21,Engineering,59.14,41.15,93.45,75.3,62.74,6.59,59.12,93.74,D,9.3,No,Yes,Master'S,High,3,8.4,46.75,Medio,52.3,65.76,10.08
S1348,Liam,Williams,student348@university.com,Female,22,Cs,94.79,79.12,86.19,97.83,87.21,1.47,61.46,61.71,A,16.0,No,No,Unknown,Low,9,6.5,32.87,Medio,7.07,65.3,3.86
S1349,Omar,Brown,student349@university.com,Female,21,Cs,87.22,43.21,54.96,56.81,96.59,4.7,68.86,85.23,A,7.2,Yes,No,High School,Low,3,7.0,37.35,Medio,11.75,67.32,11.84
S1350,Maria,Davis,student350@university.com,Female,24,Business,55.28,98.8,98.87,74.81,57.93,3.01,82.86,62.09,F,16.2,No,Yes,Phd,Medium,9,5.2,40.69,Medio,0.07,61.42,3.83
S1351,Ali,Smith,student351@university.com,Female,22,Cs,99.09,76.58,50.76,72.05,73.29,4.32,73.47,51.99,A,5.1,No,Yes,Master'S,Low,5,8.5,28.68,Bajo,-25.82,65.5,10.19
S1352,Ali,Smith,student352@university.com,Female,22,Engineering,86.55,68.22,94.85,97.65,65.76,6.62,97.23,64.21,B,16.1,Yes,Yes,High School,Medium,1,6.9,21.19,Bajo,26.63,81.71,3.99
S1353,Liam,Williams,student353@university.com,Male,20,Mathematics,92.53,65.8,59.47,72.93,67.84,1.49,71.71,74.65,A,22.2,Yes,No,Phd,Low,5,7.4,25.66,Bajo,-6.33,56.84,3.36
S1354,Liam,Johnson,student354@university.com,Male,23,Engineering,75.725,74.38,85.79,76.5,70.29,0.17,59.96,92.17,A,9.6,No,Yes,Bachelor'S,Medium,10,6.8,46.38,Medio,11.41,52.11,9.6
S1355,Omar,Brown,student355@university.com,Female,18,Business,75.25,45.44,67.38,90.24,97.59,3.97,76.81,75.44,F,18.8,No,Yes,Master'S,Medium,2,4.6,32.85,Medio,21.94,76.08,4.01
S1356,Sara,Johnson,student356@university.com,Male,22,Cs,84.93,95.8,84.19,86.13,62.93,3.22,72.54,58.96,A,16.9,No,Yes,Unknown,Medium,2,8.2,15.31,Bajo,-11.61,63.45,3.49
S1357,Liam,Smith,student357@university.com,Male,24,Cs,77.15,77.54,49.35,80.98,74.63,4.2,89.36,99.64,D,13.4,Yes,No,Unknown,Low,1,4.9,23.04,Bajo,-28.19,71.74,7.44
S1358,Ali,Johnson,student358@university.com,Female,23,Business,83.33,51.04,56.17,70.85,97.57,9.31,96.76,63.5,A,21.8,Yes,Yes,Phd,Low,10,5.5,44.62,Medio,5.13,89.57,2.91
S1359,John,Smith,student359@university.com,Female,19,Business,75.725,73.75,45.99,89.62,73.8,7.07,91.81,99.26,B,29.9,Yes,No,Master'S,Low,4,7.3,23.09,Bajo,-27.76,81.48,3.32
S1360,Maria,Johnson,student360@university.com,Female,21,Engineering,68.72,48.0,91.91,97.41,93.18,3.27,69.45,96.82,B,28.4,No,Yes,Unknown,Medium,4,4.5,34.01,Medio,43.91,73.18,3.41
S1361,Ali,Williams,student361@university.com,Female,24,Engineering,92.43,41.05,57.78,50.49,52.94,1.79,60.81,77.12,A,29.3,No,Yes,High School,High,5,8.7,29.57,Bajo,16.73,45.54,2.63
S1362,Ali,Jones,student362@university.com,Female,19,Engineering,58.15,77.83,81.67,79.39,97.65,6.18,95.72,54.6,D,5.5,Yes,Yes,Unknown,Medium,4,4.6,40.22,Medio,3.84,83.64,9.93
S1363,Sara,Williams,student363@university.com,Female,24,Cs,63.54,78.91,89.21,93.3,59.38,6.58,69.3,84.77,B,11.4,Yes,Yes,High School,High,2,7.3,30.61,Medio,10.3,71.95,7.44
S1364,Omar,Williams,student364@university.com,Male,21,Business,52.17,75.02,94.09,82.66,99.0,4.84,88.51,92.29,C,28.1,Yes,No,Unknown,Low,5,7.2,34.07,Medio,19.07,79.64,3.28
S1365,Omar,Jones,student365@university.com,Female,20,Engineering,68.22,51.01,46.38,90.04,58.78,2.13,99.48,72.27,B,6.2,No,Yes,Unknown,Medium,8,7.5,53.28,Medio,-4.63,67.4,11.66
S1366,Emma,Jones,student366@university.com,Male,24,Engineering,69.0,76.21,93.58,94.75,72.22,0.29,78.87,61.95,F,14.1,No,Yes,Master'S,High,6,6.2,37.05,Medio,17.37,62.18,4.39
S1367,Sara,Brown,student367@university.com,Female,22,Business,90.26,43.39,51.84,87.55,65.43,2.66,73.99,90.14,A,21.3,No,Yes,Unknown,Low,5,5.9,33.63,Medio,8.45,63.39,4.23
S1368,John,Brown,student368@university.com,Female,18,Cs,82.66,76.55,84.21,74.81,71.66,4.57,84.99,77.25,F,29.6,No,Yes,Unknown,High,7,8.9,26.64,Bajo,7.66,69.29,2.61
S1369,Omar,Williams,student369@university.com,Male,22,Cs,71.84,73.24,83.73,98.24,62.53,7.88,59.7,59.88,D,11.9,Yes,Yes,High School,Medium,1,8.1,26.93,Bajo,10.49,74.82,5.03
S1370,Maria,Williams,student370@university.com,Female,21,Business,82.61,79.32,40.51,93.18,98.27,8.54,74.41,97.48,C,24.1,No,Yes,Unknown,High,6,6.4,26.35,Bajo,-38.81,87.82,4.04
S1371,Liam,Smith,student371@university.com,Female,24,Business,52.64,93.73,53.24,90.77,65.29,4.13,65.62,97.4,D,21.5,No,Yes,Unknown,Low,2,4.9,24.93,Bajo,-40.49,65.74,4.53
S1372,Sara,Smith,student372@university.com,Male,18,Engineering,59.01,91.02,69.51,54.32,82.66,7.96,58.21,68.35,C,20.3,No,Yes,Unknown,Medium,5,8.5,30.78,Medio,-21.51,68.7,3.37
S1373,Liam,Brown,student373@university.com,Female,22,Cs,81.35,98.84,65.2,74.81,56.87,9.93,80.51,53.2,D,23.6,No,Yes,Unknown,Low,10,7.2,30.08,Medio,-33.64,77.87,2.25
S1374,Ali,Davis,student374@university.com,Male,18,Cs,82.07,98.57,95.11,77.84,91.22,7.17,78.79,81.54,B,11.3,Yes,Yes,Bachelor'S,Low,4,4.7,22.72,Bajo,-3.46,79.89,7.22
S1375,Maria,Davis,student375@university.com,Female,21,Engineering,88.71,86.34,61.58,85.48,77.13,7.29,88.06,65.86,B,13.5,No,Yes,Unknown,High,7,4.9,29.63,Bajo,-24.76,80.89,4.88
S1376,Maria,Brown,student376@university.com,Female,20,Cs,70.15,97.39,96.22,65.16,98.97,9.1,93.65,53.32,B,19.0,No,No,Unknown,Medium,9,6.7,34.51,Medio,-1.17,87.2,2.81
S1377,Ali,Smith,student377@university.com,Male,20,Business,86.13,92.04,67.57,54.67,71.17,3.38,61.02,94.59,A,16.0,No,Yes,Master'S,Medium,9,6.5,32.02,Medio,-24.47,55.16,5.91
S1378,Sara,Smith,student378@university.com,Female,24,Mathematics,75.725,83.65,97.86,65.55,59.77,0.11,88.99,99.91,D,23.0,No,No,Bachelor'S,Medium,10,6.0,36.9,Medio,14.21,53.85,4.34
S1379,Ali,Davis,student379@university.com,Male,22,Business,75.725,44.52,84.24,74.81,67.3,9.87,68.37,67.52,C,25.0,No,Yes,Unknown,Medium,1,6.1,27.64,Bajo,39.72,77.3,2.7
S1380,Liam,Johnson,student380@university.com,Male,19,Cs,60.76,42.94,89.76,93.87,86.85,4.9,81.44,87.24,D,18.2,No,Yes,High School,High,7,4.9,50.09,Medio,46.82,77.79,4.79
S1381,Emma,Johnson,student381@university.com,Male,21,Business,77.58,90.26,46.29,95.65,82.96,7.86,92.51,53.29,A,14.8,Yes,No,High School,High,7,5.3,31.7,Medio,-43.97,87.43,3.6
S1382,Maria,Smith,student382@university.com,Female,22,Cs,80.09,69.38,75.17,68.94,88.92,8.12,62.81,68.49,F,27.8,No,Yes,Bachelor'S,Medium,5,6.5,26.14,Bajo,5.79,75.47,2.46
S1383,Ahmed,Johnson,student383@university.com,Female,22,Cs,99.93,88.88,48.56,68.63,53.67,3.98,80.05,55.44,A,23.7,No,Yes,Unknown,High,8,4.3,22.07,Bajo,-40.32,60.54,2.34
S1384,Ahmed,Jones,student384@university.com,Male,20,Cs,60.06,58.78,57.86,70.34,79.02,5.41,74.02,52.77,C,21.8,No,Yes,Bachelor'S,Low,10,5.8,50.44,Medio,-0.92,69.37,2.42
S1385,Liam,Brown,student385@university.com,Female,24,Cs,76.16,63.86,77.41,68.79,96.61,5.4,89.53,79.44,A,6.4,Yes,Yes,Unknown,Low,4,5.1,37.65,Medio,13.55,77.23,12.41
S1386,John,Brown,student386@university.com,Female,18,Mathematics,67.31,82.01,83.57,83.31,55.4,2.2,84.86,90.1,D,18.2,No,No,Master'S,Low,1,4.9,22.74,Bajo,1.56,61.39,4.95
S1387,Omar,Smith,student387@university.com,Female,21,Cs,76.29,94.92,42.35,67.92,54.72,1.18,88.48,72.65,C,8.0,No,Yes,Phd,High,4,4.7,27.49,Bajo,-52.57,55.73,9.08
S1388,Ali,Williams,student388@university.com,Male,18,Cs,61.61,45.27,71.86,51.02,85.83,5.44,64.4,76.21,D,21.5,No,No,High School,Medium,2,4.7,36.33,Medio,26.59,63.91,3.54
S1389,Ali,Davis,student389@university.com,Female,23,Mathematics,52.38,91.69,73.92,71.95,65.76,1.2,85.22,63.54,F,12.5,Yes,No,Bachelor'S,High,3,4.8,32.35,Medio,-17.77,58.73,5.08
S1390,John,Smith,student390@university.com,Male,23,Cs,78.63,87.58,44.73,61.21,82.93,3.46,80.29,86.82,B,23.5,No,Yes,High School,Low,4,5.9,21.12,Bajo,-42.85,64.76,3.69
S1391,John,Johnson,student391@university.com,Female,21,Business,66.79,58.93,70.04,51.44,77.27,1.86,72.83,68.05,C,24.5,No,Yes,Unknown,Low,7,4.5,40.03,Medio,11.11,55.04,2.78
S1392,Liam,Davis,student392@university.com,Female,24,Cs,59.1,61.31,82.83,73.54,99.3,7.07,68.92,53.37,C,12.5,No,Yes,High School,Medium,9,8.5,52.45,Medio,21.52,78.12,4.27
S1393,Liam,Williams,student393@university.com,Male,19,Cs,66.2,42.79,43.19,60.3,94.45,8.72,66.58,58.28,D,29.4,No,Yes,Unknown,Low,4,6.5,35.96,Medio,0.4,77.13,1.98
S1394,John,Johnson,student394@university.com,Female,23,Mathematics,52.46,40.94,85.62,72.64,83.9,5.78,50.48,56.42,D,17.9,Yes,Yes,Bachelor'S,High,2,6.5,42.63,Medio,44.68,66.21,3.15
S1395,Maria,Jones,student395@university.com,Male,20,Cs,97.52,68.62,74.59,63.89,63.08,4.1,58.48,71.79,B,10.4,No,Yes,Phd,Medium,10,5.1,40.08,Medio,5.97,56.61,6.9
S1396,Liam,Johnson,student396@university.com,Female,19,Engineering,79.06,45.73,89.99,80.19,63.1,9.97,52.95,53.26,F,24.4,No,Yes,Unknown,Medium,10,8.3,46.41,Medio,44.26,73.98,2.18
S1397,Emma,Jones,student397@university.com,Male,22,Cs,90.74,51.64,53.08,99.54,94.11,0.21,92.42,90.32,A,24.0,No,Yes,Master'S,Medium,4,8.1,27.42,Bajo,1.44,72.04,3.76
S1398,Liam,Davis,student398@university.com,Female,23,Cs,71.16,90.81,90.0,77.36,79.27,3.04,93.0,95.4,F,15.3,No,Yes,High School,Medium,8,4.2,35.76,Medio,-0.81,70.01,6.24
S1399,Ali,Jones,student399@university.com,Female,20,Cs,95.17,74.26,45.67,82.34,89.46,2.79,92.31,62.42,A,21.5,No,Yes,Bachelor'S,Medium,2,7.7,15.88,Bajo,-28.59,73.0,2.9
S1400,Liam,Davis,student400@university.com,Female,22,Cs,74.17,78.02,64.23,95.96,72.49,3.56,90.9,74.28,D,5.5,No,Yes,Unknown,Low,8,4.9,43.44,Medio,-13.79,73.74,13.51
S1401,Maria,Davis,student401@university.com,Male,19,Cs,78.7,51.25,51.97,68.7,55.15,2.31,61.07,75.95,B,12.3,No,Yes,Unknown,High,5,6.8,39.82,Medio,0.72,52.0,6.17
S1402,John,Davis,student402@university.com,Male,21,Business,74.59,89.72,92.56,74.81,66.63,2.64,74.59,99.25,C,27.0,No,Yes,Unknown,Medium,2,8.4,15.7,Bajo,2.84,60.61,3.68
S1403,Ali,Davis,student403@university.com,Male,22,Engineering,86.66,92.08,82.3,64.14,58.06,2.58,95.39,53.28,B,10.8,No,Yes,Master'S,Low,8,8.7,32.2,Medio,-9.78,60.85,4.93
S1404,Liam,Davis,student404@university.com,Female,18,Cs,78.33,71.4,41.52,70.14,89.09,5.06,87.99,83.39,A,27.6,Yes,No,High School,Medium,2,4.9,19.59,Bajo,-29.88,74.46,3.02
S1405,Maria,Johnson,student405@university.com,Male,21,Engineering,63.58,94.75,40.57,82.25,85.03,3.91,50.09,67.29,B,19.5,No,Yes,Master'S,Medium,4,8.7,26.24,Bajo,-54.18,64.12,3.45
S1406,Emma,Davis,student406@university.com,Male,21,Mathematics,57.28,90.69,57.47,50.23,54.42,6.39,72.97,75.09,D,27.6,No,Yes,Unknown,High,2,4.3,21.17,Bajo,-33.22,60.38,2.72
S1407,Liam,Johnson,student407@university.com,Male,19,Mathematics,80.31,83.88,48.6,92.67,81.07,5.14,50.53,60.85,C,8.3,No,Yes,High School,High,6,8.5,33.69,Medio,-35.28,68.92,7.33
S1408,Maria,Davis,student408@university.com,Male,19,Business,74.46,84.04,77.82,53.8,93.71,1.83,64.03,58.01,A,16.6,No,Yes,Unknown,Low,3,7.9,24.87,Bajo,-6.22,57.46,3.49
S1409,Emma,Jones,student409@university.com,Male,20,Business,54.8,46.32,79.83,95.03,84.87,8.1,71.79,62.18,C,12.4,No,Yes,Phd,Low,7,8.6,54.06,Medio,33.51,83.17,5.01
S1410,John,Davis,student410@university.com,Male,20,Cs,69.78,56.25,96.52,97.47,75.56,4.72,94.64,53.56,F,27.2,No,Yes,High School,Low,6,5.8,36.21,Medio,40.27,78.72,1.97
S1411,Liam,Williams,student411@university.com,Male,18,Cs,75.74,44.01,97.12,99.51,65.59,1.53,82.72,63.9,D,13.5,No,Yes,Unknown,Low,1,8.7,33.54,Medio,53.11,65.78,4.73
S1412,Emma,Davis,student412@university.com,Male,21,Engineering,91.34,40.52,79.53,74.81,94.35,1.67,68.12,84.52,A,19.7,No,Yes,Master'S,Medium,9,8.1,43.8,Medio,39.01,63.5,4.29
S1413,Ali,Davis,student413@university.com,Male,24,Engineering,53.81,49.5,40.34,57.09,71.14,7.97,74.53,82.57,F,25.7,No,Yes,Phd,Medium,7,5.6,46.8,Medio,-9.16,70.62,3.21
S1414,John,Jones,student414@university.com,Male,18,Engineering,67.42,92.83,61.54,85.31,92.77,7.03,90.87,77.72,A,10.7,Yes,Yes,Unknown,High,1,5.7,23.2,Bajo,-31.29,84.81,7.26
S1415,Ali,Brown,student415@university.com,Female,18,Engineering,91.13,54.39,70.79,60.17,89.15,5.07,64.98,50.02,A,6.1,Yes,Yes,Unknown,High,4,5.8,35.4,Medio,16.4,66.25,8.2
S1416,Ahmed,Jones,student416@university.com,Female,24,Mathematics,82.42,98.21,69.95,94.86,90.81,3.06,80.75,56.29,D,17.4,Yes,Yes,Phd,Medium,4,6.9,19.66,Bajo,-28.26,74.26,3.24
S1417,Sara,Williams,student417@university.com,Male,24,Business,64.5,75.84,76.2,65.83,99.49,4.61,63.11,92.14,A,22.1,Yes,Yes,Bachelor'S,Medium,6,4.9,34.73,Medio,0.36,68.63,4.17
S1418,Liam,Brown,student418@university.com,Female,24,Engineering,92.27,54.24,97.63,66.34,87.44,6.36,74.0,63.59,A,23.0,Yes,Yes,Bachelor'S,Medium,3,6.2,24.38,Bajo,43.39,72.84,2.76
S1419,Emma,Smith,student419@university.com,Female,19,Business,74.66,69.83,93.11,95.88,51.7,8.79,51.23,95.61,C,15.4,Yes,No,Phd,Medium,2,4.3,27.44,Bajo,23.28,71.68,6.21
S1420,Sara,Smith,student420@university.com,Male,18,Cs,74.92,53.15,46.53,50.66,60.27,5.56,92.61,93.73,A,7.0,No,No,Unknown,Low,3,5.8,38.78,Medio,-6.62,64.78,13.39
S1421,Sara,Williams,student421@university.com,Male,18,Cs,98.83,99.04,55.96,59.7,51.76,2.77,52.42,57.75,A,15.1,Yes,Yes,Unknown,Low,4,7.3,14.81,Bajo,-43.08,47.9,3.82
S1422,Emma,Jones,student422@university.com,Male,22,Cs,97.36,90.84,89.99,74.81,59.5,0.43,61.22,94.91,B,8.0,No,Yes,High School,High,8,6.9,30.23,Medio,-0.85,49.96,11.86
S1423,John,Johnson,student423@university.com,Female,24,Engineering,67.93,41.57,89.46,85.04,53.07,1.75,66.68,81.39,A,6.8,No,Yes,Unknown,Medium,8,5.6,55.91,Alto,47.89,55.57,11.97
S1424,Liam,Williams,student424@university.com,Male,24,Cs,57.03,96.87,56.52,82.38,75.08,6.5,81.26,81.51,F,12.6,No,No,Unknown,Medium,1,5.3,24.68,Bajo,-40.35,75.93,6.47
S1425,Ahmed,Brown,student425@university.com,Female,20,Business,66.28,83.26,83.84,83.47,51.41,1.6,86.0,92.63,C,24.4,No,Yes,Unknown,High,9,5.6,37.4,Medio,0.58,59.22,3.8
S1426,Ali,Brown,student426@university.com,Male,20,Cs,51.52,44.94,80.32,94.0,73.63,4.82,54.02,70.25,D,24.2,No,Yes,Bachelor'S,Low,4,4.3,43.05,Medio,35.38,67.46,2.9
S1427,Maria,Davis,student427@university.com,Female,21,Engineering,51.04,80.24,68.41,56.05,94.94,6.99,52.17,86.76,F,20.2,No,Yes,Unknown,Medium,4,5.3,34.63,Medio,-11.83,68.26,4.3
S1428,Ali,Smith,student428@university.com,Female,20,Cs,69.78,78.82,52.09,76.11,87.43,3.08,89.95,83.39,C,25.7,No,Yes,Master'S,Low,4,7.5,25.75,Bajo,-26.73,71.07,3.24
S1429,Maria,Brown,student429@university.com,Male,23,Cs,75.725,53.13,93.32,86.27,97.2,6.69,85.61,88.58,F,17.5,No,Yes,Unknown,Medium,7,4.9,42.14,Medio,40.19,84.0,5.06
S1430,Ali,Williams,student430@university.com,Male,21,Business,93.57,85.51,80.67,81.81,61.33,5.81,91.58,83.01,A,11.1,No,Yes,Unknown,Low,2,4.7,18.27,Bajo,-4.84,73.2,7.48
S1431,Emma,Brown,student431@university.com,Female,24,Engineering,75.57,45.22,50.14,72.42,76.55,4.39,83.83,54.0,B,19.2,No,No,Bachelor'S,Medium,7,8.2,43.72,Medio,4.92,69.18,2.81
S1432,Ahmed,Williams,student432@university.com,Female,22,Mathematics,78.26,69.37,82.29,50.86,65.93,8.97,87.55,64.64,F,28.1,No,Yes,Unknown,Low,10,5.2,37.75,Medio,12.92,73.51,2.3
S1433,Liam,Johnson,student433@university.com,Male,20,Mathematics,50.3,40.6,84.49,53.02,74.69,6.92,68.95,97.0,D,5.9,Yes,Yes,Phd,Medium,2,5.3,49.49,Medio,43.89,66.46,16.44
S1434,Maria,Davis,student434@university.com,Male,22,Cs,60.78,98.12,93.21,55.95,77.85,3.61,79.51,61.17,D,29.1,No,Yes,Bachelor'S,High,3,6.3,19.19,Bajo,-4.91,62.35,2.1
S1435,Liam,Smith,student435@university.com,Female,20,Cs,75.725,85.09,53.37,67.16,51.81,8.04,90.27,73.61,F,23.6,No,Yes,Unknown,Low,5,6.4,25.06,Bajo,-31.72,72.41,3.12
S1436,Liam,Brown,student436@university.com,Male,20,Business,87.73,49.53,99.33,55.88,61.66,7.38,58.61,67.85,A,22.2,No,No,Unknown,Low,1,4.9,23.34,Bajo,49.8,62.49,3.06
S1437,Liam,Williams,student437@university.com,Female,22,Mathematics,57.28,60.5,49.2,71.3,85.24,7.92,71.14,54.31,C,20.3,Yes,Yes,Unknown,High,8,6.8,47.21,Medio,-11.3,76.72,2.68
S1438,Omar,Jones,student438@university.com,Male,18,Engineering,75.725,49.63,76.04,58.93,88.65,6.41,87.02,59.06,C,11.4,No,No,Phd,Medium,6,7.5,44.02,Medio,26.41,74.68,5.18
S1439,John,Smith,student439@university.com,Male,18,Business,82.17,86.0,79.43,88.96,78.47,3.79,76.63,64.33,B,27.1,No,Yes,Unknown,Medium,4,6.4,18.56,Bajo,-6.57,70.49,2.37
S1440,Ali,Johnson,student440@university.com,Male,18,Business,61.47,43.53,65.14,93.57,63.54,3.49,84.08,73.17,D,29.3,Yes,Yes,Phd,Medium,3,8.5,35.22,Medio,21.61,69.02,2.5
S1441,Liam,Williams,student441@university.com,Female,23,Cs,75.725,90.42,68.5,69.48,70.25,6.54,64.64,93.73,A,28.1,No,Yes,Unknown,Low,7,9.0,25.65,Bajo,-21.92,67.44,3.34
S1442,Ali,Davis,student442@university.com,Male,18,Engineering,81.38,96.53,93.45,75.57,54.8,1.31,51.62,75.78,B,7.7,Yes,Yes,Phd,Medium,6,6.6,29.82,Bajo,-3.08,48.77,9.84
S1443,Liam,Davis,student443@university.com,Female,20,Business,95.04,80.6,78.72,97.67,97.66,8.2,51.46,82.6,A,23.4,No,Yes,Unknown,Low,9,8.9,28.63,Bajo,-1.88,82.2,3.53
S1444,Maria,Johnson,student444@university.com,Male,24,Engineering,85.92,52.78,69.82,76.78,93.43,3.7,97.14,71.3,A,18.9,Yes,Yes,Unknown,High,2,7.2,26.87,Bajo,17.04,76.09,3.77
S1445,John,Johnson,student445@university.com,Female,19,Cs,75.725,61.61,47.7,74.81,53.28,6.3,97.23,93.5,D,24.7,No,Yes,Unknown,Medium,6,6.6,33.77,Medio,-13.91,72.08,3.79
S1446,John,Davis,student446@university.com,Female,22,Cs,79.37,68.63,40.44,57.11,58.32,4.99,60.56,83.13,C,13.8,No,Yes,Bachelor'S,Low,10,8.4,44.73,Medio,-28.19,56.47,6.02
S1447,Emma,Brown,student447@university.com,Male,24,Cs,65.54,76.28,47.5,93.11,79.05,5.19,57.37,54.53,A,28.9,No,Yes,Bachelor'S,Medium,1,8.8,19.73,Bajo,-28.78,70.36,1.89
S1448,Omar,Brown,student448@university.com,Female,19,Cs,99.96,80.12,97.37,74.86,61.62,7.38,50.91,73.88,B,12.8,No,Yes,Bachelor'S,Low,4,9.0,21.24,Bajo,17.25,65.3,5.77
S1449,Emma,Williams,student449@university.com,Female,24,Mathematics,87.44,73.25,85.85,51.14,96.72,6.27,61.56,91.36,A,23.4,No,Yes,Phd,Low,4,7.8,22.39,Bajo,12.6,68.03,3.9
S1450,Emma,Jones,student450@university.com,Female,23,Cs,80.72,61.08,98.03,98.61,87.78,2.5,66.72,86.68,F,17.6,Yes,No,Unknown,Medium,9,6.4,42.4,Medio,36.95,69.53,4.92
S1451,Emma,Williams,student451@university.com,Female,19,Cs,71.16,93.46,42.14,98.25,63.66,0.74,62.06,95.27,D,20.4,No,Yes,Bachelor'S,Low,9,5.5,34.63,Medio,-51.32,57.84,4.67
S1452,Emma,Jones,student452@university.com,Male,21,Cs,80.91,44.88,80.81,69.16,50.31,8.4,89.87,61.38,C,7.9,No,Yes,Unknown,Medium,8,6.8,49.82,Medio,35.93,73.34,7.77
S1453,Emma,Johnson,student453@university.com,Male,18,Engineering,67.08,67.98,42.66,97.71,89.97,8.85,87.47,98.86,C,20.3,No,Yes,Bachelor'S,High,8,7.9,41.53,Medio,-25.32,90.91,4.87
S1454,Ahmed,Smith,student454@university.com,Male,23,Engineering,51.44,86.53,86.92,57.05,71.2,1.64,54.05,64.25,D,19.1,No,Yes,Unknown,High,5,4.1,35.38,Medio,0.39,49.68,3.36
S1455,John,Williams,student455@university.com,Female,24,Cs,69.75,43.65,62.86,84.01,82.12,3.09,84.87,52.51,F,23.0,No,Yes,Phd,Medium,3,5.3,35.44,Medio,19.21,70.47,2.28
S1456,Emma,Williams,student456@university.com,Female,20,Cs,96.52,82.32,45.75,59.6,64.35,2.82,76.03,74.78,A,12.2,No,Yes,Unknown,High,10,5.8,35.42,Medio,-36.57,57.04,6.13
S1457,Liam,Jones,student457@university.com,Male,18,Cs,81.32,89.18,74.08,62.33,57.14,9.37,56.61,55.52,F,25.8,No,Yes,Phd,Low,5,7.9,20.77,Bajo,-15.1,67.44,2.15
S1458,John,Johnson,student458@university.com,Male,18,Engineering,54.2,79.65,56.81,88.97,83.77,2.05,86.98,84.07,F,28.6,Yes,No,High School,Medium,10,7.1,42.83,Medio,-22.84,70.06,2.94
S1459,John,Johnson,student459@university.com,Female,19,Cs,75.725,40.78,79.57,68.87,72.52,1.67,54.3,95.03,C,27.1,No,Yes,Unknown,Low,7,6.1,41.05,Medio,38.79,53.1,3.51
S1460,Sara,Jones,student460@university.com,Male,21,Mathematics,63.44,50.81,79.49,50.36,61.76,1.82,58.86,96.07,D,14.8,No,No,Bachelor'S,Low,8,8.6,50.71,Medio,28.68,47.3,6.49
S1461,Ahmed,Johnson,student461@university.com,Male,18,Engineering,62.19,60.53,82.3,70.71,56.88,7.3,57.46,80.35,F,24.1,Yes,Yes,Unknown,Medium,8,6.7,43.58,Medio,21.77,64.51,3.33
S1462,Emma,Davis,student462@university.com,Female,24,Cs,64.85,54.02,99.55,61.4,79.02,8.88,96.95,76.76,F,14.1,Yes,Yes,High School,Low,2,7.6,36.27,Medio,45.53,81.54,5.44
S1463,Ali,Brown,student463@university.com,Male,24,Business,78.86,97.76,63.2,84.17,86.28,3.93,84.91,99.7,F,26.6,No,Yes,Unknown,Low,7,7.3,23.1,Bajo,-34.56,73.66,3.75
S1464,Maria,Davis,student464@university.com,Female,22,Cs,77.23,79.1,67.92,59.72,64.19,1.36,70.56,78.97,F,14.4,Yes,Yes,Unknown,Low,4,8.3,28.71,Bajo,-11.18,52.02,5.48
S1465,Omar,Smith,student465@university.com,Male,22,Engineering,74.57,57.82,88.28,92.11,86.76,5.86,91.11,96.37,F,9.7,No,Yes,Phd,Low,4,8.1,38.37,Medio,30.46,82.14,9.94
S1466,Liam,Williams,student466@university.com,Female,18,Cs,85.88,95.78,74.7,63.35,59.16,2.1,60.8,95.83,A,17.2,Yes,Yes,Phd,Low,9,8.9,30.39,Medio,-21.08,51.08,5.57
S1467,Ali,Smith,student467@university.com,Female,19,Engineering,65.83,84.44,42.24,69.65,66.92,0.64,96.55,64.48,C,8.4,No,Yes,Bachelor'S,Low,7,5.9,40.76,Medio,-42.2,59.88,7.68
S1468,Ahmed,Williams,student468@university.com,Female,19,Business,89.1,57.08,90.58,64.9,87.24,8.86,84.85,50.69,B,19.7,No,Yes,Master'S,Low,5,4.8,30.73,Medio,33.5,81.4,2.57
S1469,Maria,Brown,student469@university.com,Female,20,Mathematics,75.725,62.73,43.09,82.2,83.01,8.71,77.98,71.96,B,19.4,No,Yes,Bachelor'S,High,5,7.8,33.87,Medio,-19.64,82.57,3.71
S1470,Ahmed,Johnson,student470@university.com,Female,23,Cs,89.13,51.97,50.25,55.06,63.53,9.76,89.73,93.07,B,17.3,No,No,Master'S,Low,7,8.4,37.9,Medio,-1.72,76.48,5.38
S1471,Liam,Davis,student471@university.com,Male,23,Cs,83.19,98.26,46.12,73.9,56.11,4.74,82.24,91.81,D,20.1,No,Yes,Unknown,Low,9,4.3,29.13,Bajo,-52.14,64.91,4.57
S1472,John,Jones,student472@university.com,Male,23,Engineering,84.16,71.04,44.68,74.81,52.12,2.94,94.36,80.18,B,29.4,No,No,Unknown,Low,6,5.7,25.64,Bajo,-26.36,62.67,2.73
S1473,Maria,Davis,student473@university.com,Male,21,Mathematics,74.08,93.76,41.54,74.81,91.9,7.7,91.46,57.83,B,14.6,No,Yes,Phd,Low,10,8.0,38.64,Medio,-52.22,83.79,3.96
S1474,John,Brown,student474@university.com,Female,19,Mathematics,83.35,60.79,43.3,53.67,53.76,1.8,59.89,55.38,B,15.6,No,Yes,Phd,Low,7,7.4,38.12,Medio,-17.49,46.33,3.55
S1475,Liam,Smith,student475@university.com,Male,20,Cs,53.99,91.65,66.55,74.81,55.74,2.43,61.98,97.73,D,11.9,No,No,Unknown,Medium,4,7.8,34.33,Medio,-25.1,54.21,8.21
S1476,Ali,Jones,student476@university.com,Female,22,Cs,92.58,43.23,55.17,58.38,61.89,2.56,53.25,71.07,A,9.6,No,Yes,Master'S,High,9,6.7,47.61,Medio,11.94,49.78,7.4
S1477,Liam,Johnson,student477@university.com,Female,24,Engineering,52.78,98.93,47.59,54.43,72.28,9.52,61.01,82.41,C,12.2,No,Yes,Bachelor'S,Medium,8,5.9,41.3,Medio,-51.34,70.73,6.75
S1478,Ali,Brown,student478@university.com,Male,23,Cs,57.44,94.72,79.52,60.12,89.49,7.3,67.17,95.29,F,10.3,No,Yes,Unknown,High,9,8.1,44.11,Medio,-15.2,72.44,9.25
S1479,Maria,Jones,student479@university.com,Female,22,Cs,78.84,61.79,53.57,55.13,62.37,1.34,51.44,93.49,A,15.8,No,Yes,Unknown,Medium,5,6.8,34.86,Medio,-8.22,45.58,5.92
S1480,Maria,Brown,student480@university.com,Male,22,Cs,86.97,86.48,41.14,76.05,77.18,0.93,65.75,78.35,A,10.8,No,Yes,Unknown,Low,1,6.6,18.22,Bajo,-45.34,57.07,7.25
S1481,Emma,Brown,student481@university.com,Female,18,Engineering,53.81,85.14,65.11,99.41,54.52,8.43,88.58,74.4,F,17.9,Yes,Yes,Phd,Medium,8,7.7,42.23,Medio,-20.03,81.7,4.16
S1482,Ahmed,Johnson,student482@university.com,Female,21,Mathematics,75.725,94.08,58.63,51.72,73.23,8.02,92.02,86.76,C,12.2,No,Yes,Master'S,Medium,8,5.0,34.73,Medio,-35.45,74.29,7.11
S1483,Emma,Williams,student483@university.com,Male,20,Mathematics,75.725,58.44,59.12,73.06,58.88,6.71,50.44,67.48,F,15.6,No,Yes,Unknown,Low,7,6.9,41.5,Medio,0.68,62.37,4.33
S1484,Ahmed,Jones,student484@university.com,Female,21,Cs,80.3,67.93,66.72,69.3,60.56,1.96,50.36,81.27,A,8.2,No,Yes,High School,High,7,5.5,40.75,Medio,-1.21,49.96,9.91
S1485,Emma,Johnson,student485@university.com,Male,18,Engineering,74.06,91.9,80.13,66.98,68.34,4.8,57.32,51.16,A,9.1,No,No,High School,High,5,4.1,30.85,Medio,-11.77,60.16,5.62
S1486,John,Brown,student486@university.com,Female,20,Business,87.07,86.71,76.99,66.59,88.07,6.03,93.63,91.22,A,20.4,No,Yes,Unknown,Medium,8,7.7,28.87,Bajo,-9.72,77.15,4.47
S1487,Maria,Johnson,student487@university.com,Male,20,Cs,66.42,63.61,96.24,94.75,87.2,9.32,73.46,99.9,C,19.1,Yes,Yes,Phd,Low,3,6.4,32.56,Medio,32.63,87.15,5.23
S1488,Ali,Williams,student488@university.com,Female,19,Engineering,75.725,90.74,71.06,74.81,70.75,1.69,99.15,97.74,F,9.3,No,Yes,Unknown,Low,5,8.5,30.51,Medio,-19.68,65.4,10.51
S1489,Ahmed,Davis,student489@university.com,Male,21,Engineering,95.81,42.82,68.35,88.75,55.93,5.15,94.37,67.99,A,12.4,No,Yes,High School,Medium,10,6.5,47.42,Medio,25.53,72.64,5.48
S1490,Liam,Jones,student490@university.com,Male,21,Cs,97.78,86.92,52.8,62.65,64.03,1.58,94.51,76.56,A,10.5,No,Yes,High School,Low,10,4.1,34.45,Medio,-34.12,59.25,7.29
S1491,Ahmed,Williams,student491@university.com,Female,19,Engineering,96.35,52.41,85.32,69.16,75.27,4.44,56.42,61.81,A,24.9,Yes,Yes,Bachelor'S,Low,9,6.0,35.88,Medio,32.91,61.31,2.48
S1492,Ali,Smith,student492@university.com,Male,22,Cs,63.12,57.17,48.45,71.01,93.47,2.0,73.76,65.15,C,14.1,Yes,Yes,Unknown,Low,8,4.9,49.26,Medio,-8.72,64.56,4.62
S1493,Emma,Jones,student493@university.com,Female,18,Engineering,61.62,69.59,69.47,65.24,98.41,8.36,99.68,72.87,F,15.1,No,Yes,Unknown,Medium,9,8.6,47.78,Medio,-0.12,86.73,4.83
S1494,Ahmed,Williams,student494@university.com,Female,21,Cs,64.88,66.98,65.28,54.68,81.87,2.55,57.45,87.35,F,21.6,No,Yes,Master'S,Medium,8,6.2,41.95,Medio,-1.7,54.88,4.04
S1495,Omar,Brown,student495@university.com,Male,19,Cs,72.07,71.23,79.5,55.72,67.53,4.17,78.71,50.89,D,13.1,Yes,Yes,Unknown,Medium,6,6.6,37.97,Medio,8.27,60.91,3.88
S1496,John,Jones,student496@university.com,Male,24,Cs,65.71,72.69,95.06,64.91,84.67,4.08,67.21,69.69,A,14.4,No,Yes,Phd,Low,7,5.8,41.33,Medio,22.37,64.4,4.84
S1497,Maria,Jones,student497@university.com,Male,20,Business,68.71,59.89,96.8,91.09,66.81,8.66,69.39,77.82,F,24.9,No,Yes,Unknown,High,6,6.6,36.65,Medio,36.91,78.47,3.13
S1498,Ali,Johnson,student498@university.com,Male,23,Engineering,81.03,50.51,50.07,56.73,81.27,7.58,94.54,60.76,A,24.9,Yes,Yes,Unknown,Medium,2,4.4,26.26,Bajo,-0.44,77.09,2.44
S1499,Maria,Brown,student499@university.com,Male,24,Engineering,88.13,86.11,55.71,74.81,62.19,0.58,79.4,53.92,A,20.1,No,Yes,Phd,Medium,1,6.3,13.27,Bajo,-30.4,55.55,2.68
S1500,Omar,Smith,student500@university.com,Female,19,Engineering,86.78,64.0,88.7,64.44,63.35,0.67,87.94,76.98,A,19.0,No,Yes,Bachelor'S,Medium,1,7.3,20.93,Bajo,24.7,55.61,4.05
S1501,Ahmed,Davis,student501@university.com,Male,23,Engineering,90.72,70.35,71.1,94.17,53.76,5.51,83.66,81.89,A,9.5,No,Yes,Unknown,Medium,7,5.9,35.73,Medio,0.75,71.67,8.62
S1502,Ahmed,Williams,student502@university.com,Female,22,Cs,51.61,78.68,67.18,71.42,71.01,4.28,76.45,82.05,C,16.8,No,Yes,Phd,High,8,6.0,45.49,Medio,-11.5,65.42,4.88
S1503,Liam,Johnson,student503@university.com,Male,18,Business,52.39,94.58,82.64,58.59,80.91,2.76,89.59,67.83,D,11.9,No,Yes,Unknown,Medium,1,8.2,27.34,Bajo,-11.94,64.17,5.7
S1504,Omar,Williams,student504@university.com,Male,23,Cs,89.47,82.45,76.12,99.29,89.44,7.93,98.54,61.87,A,23.2,No,No,Unknown,Medium,1,6.7,12.35,Bajo,-6.33,91.64,2.67
S1505,Ali,Smith,student505@university.com,Male,22,Cs,76.65,42.73,98.24,58.83,90.52,1.29,98.34,61.02,F,20.7,No,Yes,Unknown,Medium,7,6.9,43.34,Medio,55.51,65.15,2.95
S1506,Liam,Smith,student506@university.com,Female,23,Business,78.91,90.31,75.04,78.38,99.62,9.74,89.47,52.03,F,14.4,No,Yes,High School,Low,5,5.5,26.98,Bajo,-15.27,91.22,3.61
S1507,John,Jones,student507@university.com,Male,20,Cs,52.63,99.36,67.96,78.46,54.39,0.24,74.37,59.23,D,18.4,Yes,Yes,Unknown,Low,9,6.4,40.35,Medio,-31.4,52.4,3.22
S1508,Liam,Smith,student508@university.com,Female,20,Cs,62.77,68.35,72.57,68.64,74.66,1.18,58.16,90.93,A,15.5,Yes,Yes,Master'S,Medium,9,4.3,47.55,Medio,4.22,53.32,5.87
S1509,Sara,Williams,student509@university.com,Female,20,Engineering,81.92,98.18,88.51,97.57,76.07,3.11,52.22,50.15,C,8.7,No,Yes,Phd,Low,7,6.2,30.86,Medio,-9.67,64.24,5.76
S1510,Ali,Brown,student510@university.com,Female,20,Engineering,92.96,72.84,76.76,92.19,90.23,5.09,61.57,52.19,A,24.5,No,Yes,Phd,Low,7,8.0,26.7,Bajo,3.92,73.72,2.13
S1511,Sara,Brown,student511@university.com,Male,19,Business,95.85,67.58,78.82,91.49,63.32,2.16,67.01,56.35,B,27.5,No,Yes,Unknown,Medium,2,4.8,14.65,Bajo,11.24,60.86,2.05
S1512,Omar,Jones,student512@university.com,Female,20,Engineering,75.02,59.88,98.29,74.81,53.47,7.36,56.49,71.01,B,28.3,No,Yes,High School,Medium,2,7.8,23.85,Bajo,38.41,64.59,2.51
S1513,Emma,Davis,student513@university.com,Male,24,Engineering,77.27,79.45,77.1,72.86,65.69,3.58,61.24,66.69,F,24.7,Yes,Yes,Phd,Medium,10,5.9,36.77,Medio,-2.35,58.9,2.7
S1514,Sara,Williams,student514@university.com,Female,20,Business,91.65,53.79,62.82,54.86,99.2,0.39,54.18,58.89,A,25.5,No,Yes,Phd,Low,1,4.1,19.04,Bajo,9.03,53.04,2.31
S1515,John,Williams,student515@university.com,Male,24,Cs,76.88,46.3,81.48,88.27,94.97,8.78,76.18,55.55,A,6.4,No,Yes,High School,Low,7,8.8,49.34,Medio,35.18,86.8,8.68
S1516,Liam,Smith,student516@university.com,Female,19,Cs,75.84,41.63,79.57,69.04,69.76,9.44,56.32,96.94,F,24.5,No,Yes,Master'S,Low,5,4.9,37.61,Medio,37.94,72.38,3.96
S1517,Emma,Williams,student517@university.com,Male,20,Engineering,95.25,57.54,40.83,59.52,93.81,6.19,87.14,95.56,B,12.6,Yes,Yes,Unknown,High,1,5.7,23.1,Bajo,-16.71,75.59,7.58
S1518,Liam,Johnson,student518@university.com,Male,22,Cs,75.725,63.75,68.04,74.16,51.64,8.07,66.63,88.59,B,8.4,Yes,Yes,Unknown,Low,7,6.4,43.5,Medio,4.29,68.28,10.55
S1519,Sara,Davis,student519@university.com,Male,22,Mathematics,95.45,73.12,84.57,96.29,65.71,1.21,83.6,62.6,B,18.0,No,Yes,Unknown,Low,7,8.7,28.99,Bajo,11.45,64.42,3.48
S1520,Liam,Smith,student520@university.com,Female,21,Business,60.91,57.56,69.94,58.57,86.34,2.69,94.13,66.18,C,19.3,Yes,Yes,Bachelor'S,Low,10,6.9,51.76,Medio,12.38,66.48,3.43
S1521,Omar,Johnson,student521@university.com,Female,22,Cs,76.22,99.04,86.78,92.43,61.07,3.25,54.3,83.29,A,17.1,No,Yes,Unknown,High,3,8.5,19.51,Bajo,-12.26,60.08,4.87
S1522,Emma,Jones,student522@university.com,Male,18,Cs,92.12,57.5,67.05,70.91,59.92,9.61,99.45,64.58,A,21.3,No,Yes,High School,Medium,3,6.8,24.3,Bajo,9.55,81.6,3.03
S1523,Omar,Brown,student523@university.com,Female,18,Cs,55.56,66.46,99.0,74.81,93.09,5.12,82.26,76.53,F,22.9,Yes,Yes,Unknown,Low,4,5.0,35.83,Medio,32.54,75.34,3.34
S1524,Sara,Jones,student524@university.com,Female,18,Cs,89.73,46.2,57.57,92.42,80.8,0.07,52.67,82.56,A,8.4,Yes,Yes,Master'S,Low,7,6.8,43.87,Medio,11.37,56.65,9.83
S1525,Omar,Brown,student525@university.com,Female,19,Cs,59.15,55.64,45.53,98.48,99.45,3.8,65.7,75.96,D,20.4,No,Yes,Bachelor'S,High,7,4.5,45.74,Medio,-10.11,75.41,3.72
S1526,John,Jones,student526@university.com,Female,22,Engineering,75.725,42.9,65.8,64.56,56.73,0.08,94.31,70.66,D,6.4,Yes,Yes,High School,Low,8,4.6,52.98,Medio,22.9,54.1,11.04
S1527,Sara,Williams,student527@university.com,Female,24,Business,80.6,73.57,72.5,65.18,67.81,2.38,79.81,67.39,D,16.2,Yes,Yes,High School,Medium,9,4.6,39.4,Medio,-1.07,59.15,4.16
S1528,Sara,Johnson,student528@university.com,Female,18,Business,59.66,85.06,60.95,69.53,65.56,4.55,64.36,88.89,F,7.5,Yes,Yes,Unknown,Medium,5,4.1,38.74,Medio,-24.11,61.24,11.85
S1529,Sara,Brown,student529@university.com,Female,21,Cs,73.67,51.74,54.54,90.71,94.01,3.23,97.02,86.95,C,16.2,Yes,No,Unknown,Medium,10,4.8,50.59,Medio,2.8,78.51,5.37
S1530,Ali,Smith,student530@university.com,Male,19,Cs,84.1,62.07,80.32,50.52,62.76,0.33,89.36,84.81,A,9.4,No,Yes,Bachelor'S,High,8,5.8,42.8,Medio,18.25,51.48,9.02
S1531,Liam,Johnson,student531@university.com,Male,21,Engineering,75.725,41.0,62.63,61.2,67.67,1.16,86.78,68.73,F,23.4,Yes,Yes,Bachelor'S,Low,1,4.4,29.5,Bajo,21.63,56.81,2.94
S1532,Ali,Smith,student532@university.com,Female,22,Business,71.36,90.37,77.88,85.29,57.14,5.51,94.42,88.79,B,27.5,No,Yes,Bachelor'S,High,2,4.0,16.39,Bajo,-12.49,72.99,3.23
S1533,Ali,Johnson,student533@university.com,Male,20,Business,94.97,86.8,86.74,70.28,88.77,6.96,88.49,97.89,B,9.2,No,Yes,High School,Medium,8,4.6,31.68,Medio,-0.06,79.28,10.64
S1534,John,Johnson,student534@university.com,Male,21,Mathematics,75.96,43.8,85.66,66.51,61.89,4.05,64.34,84.45,D,23.4,No,Yes,Master'S,High,8,8.7,44.13,Medio,41.86,58.31,3.61
S1535,Emma,Jones,student535@university.com,Male,20,Engineering,75.29,61.89,62.52,93.61,53.42,7.31,79.19,70.39,C,8.7,Yes,Yes,High School,Low,9,6.6,48.51,Medio,0.63,74.83,8.09
S1536,Liam,Brown,student536@university.com,Female,19,Engineering,53.11,97.32,74.07,95.87,71.76,1.63,92.11,89.82,D,15.8,Yes,Yes,Unknown,Low,7,6.2,37.65,Medio,-23.25,69.01,5.68
S1537,Omar,Brown,student537@university.com,Female,21,Cs,96.11,63.52,66.98,97.4,69.57,1.22,59.04,80.47,A,20.6,No,Yes,Unknown,Low,8,6.4,32.56,Medio,3.46,59.55,3.91
S1538,Ahmed,Johnson,student538@university.com,Female,21,Engineering,58.86,71.57,92.25,63.63,58.88,8.39,58.15,93.88,D,18.4,Yes,No,Bachelor'S,Medium,2,6.8,30.95,Medio,20.68,66.14,5.1
S1539,Sara,Williams,student539@university.com,Female,23,Cs,76.42,61.31,92.73,95.63,56.68,3.39,57.95,85.66,A,6.4,No,No,Bachelor'S,Low,8,4.5,47.22,Medio,31.42,61.04,13.38
S1540,Omar,Williams,student540@university.com,Female,19,Engineering,90.18,75.77,60.62,86.85,94.83,4.32,59.71,88.5,B,14.1,No,Yes,Bachelor'S,High,3,6.9,23.1,Bajo,-15.15,71.15,6.28
S1541,Sara,Smith,student541@university.com,Male,19,Engineering,60.77,98.69,45.5,57.71,53.39,9.48,55.16,83.37,C,16.8,Yes,Yes,High School,Medium,10,8.2,40.72,Medio,-53.19,65.26,4.96
S1542,John,Smith,student542@university.com,Female,18,Cs,75.725,99.85,50.05,80.51,54.97,4.24,91.88,54.6,C,14.8,No,Yes,Unknown,High,4,6.8,22.81,Bajo,-49.8,67.44,3.69
S1543,Sara,Jones,student543@university.com,Male,22,Cs,62.03,86.48,62.02,51.32,62.25,0.03,90.92,74.26,B,21.6,Yes,Yes,Bachelor'S,Medium,7,8.4,34.88,Medio,-24.46,51.2,3.44
S1544,Ali,Johnson,student544@university.com,Female,21,Cs,87.98,64.26,73.85,85.42,97.64,9.38,57.57,52.82,A,27.2,Yes,Yes,Phd,Medium,7,4.7,29.66,Bajo,9.59,83.61,1.94
S1545,Liam,Smith,student545@university.com,Male,21,Cs,78.22,69.67,79.41,86.68,54.27,0.14,85.28,72.38,C,21.7,No,No,Master'S,Low,6,8.1,31.98,Medio,9.74,56.91,3.34
S1546,Ahmed,Smith,student546@university.com,Female,24,Cs,75.725,61.4,59.88,89.47,90.8,6.62,81.35,85.82,B,19.7,No,No,Unknown,High,1,7.3,25.23,Bajo,-1.52,81.95,4.36
S1547,Maria,Davis,student547@university.com,Female,19,Cs,94.73,99.13,80.05,58.63,94.6,3.23,63.81,71.06,A,8.7,No,Yes,High School,Medium,9,7.0,30.53,Medio,-19.08,62.33,8.17
S1548,Sara,Johnson,student548@university.com,Female,19,Cs,82.44,82.47,96.26,74.81,68.89,4.7,61.37,50.08,C,13.7,Yes,Yes,Unknown,Medium,3,6.9,24.0,Bajo,13.79,63.02,3.66
S1549,Omar,Jones,student549@university.com,Female,22,Cs,86.27,66.94,79.12,58.94,64.69,5.47,62.53,68.46,A,18.7,Yes,Yes,Unknown,High,10,4.6,40.37,Medio,12.18,60.22,3.66
S1550,Ali,Smith,student550@university.com,Female,19,Mathematics,77.46,40.73,49.51,97.33,83.87,4.08,86.53,53.39,B,28.4,Yes,Yes,Unknown,High,4,7.2,33.14,Medio,8.78,77.13,1.88
S1551,Maria,Jones,student551@university.com,Female,20,Cs,69.22,71.23,74.78,83.75,85.13,7.74,65.97,89.03,A,12.6,Yes,Yes,High School,Low,2,6.0,30.33,Medio,3.55,78.06,7.07
S1552,Ahmed,Brown,student552@university.com,Male,20,Cs,82.41,99.04,72.51,54.77,89.0,9.31,63.9,89.19,B,13.4,No,Yes,Phd,High,5,4.3,23.63,Bajo,-26.53,75.19,6.66
S1553,Maria,Jones,student553@university.com,Female,23,Engineering,95.41,71.38,92.24,74.81,91.53,0.86,51.12,90.32,A,19.7,No,Yes,Unknown,Low,6,5.0,26.45,Bajo,20.86,56.52,4.58
S1554,Ali,Williams,student554@university.com,Male,20,Business,70.83,50.95,61.02,74.81,63.42,8.0,95.41,51.52,B,27.5,No,No,Master'S,Medium,6,6.2,37.29,Medio,10.07,78.41,1.87
S1555,Liam,Williams,student555@university.com,Female,20,Engineering,65.72,41.33,65.38,73.83,84.35,1.29,87.64,51.61,D,18.6,Yes,Yes,High School,Low,1,9.0,35.3,Medio,24.05,64.68,2.77
S1556,Liam,Jones,student556@university.com,Male,22,Cs,75.725,61.28,75.92,74.81,56.75,0.8,73.64,95.17,D,9.4,No,Yes,Master'S,High,4,6.2,37.08,Medio,14.64,53.3,10.12
S1557,Emma,Williams,student557@university.com,Male,21,Engineering,71.77,95.09,71.47,64.04,75.54,9.56,97.15,56.18,F,6.9,Yes,No,Unknown,Medium,10,4.7,42.9,Medio,-23.62,83.08,8.14
S1558,Liam,Brown,student558@university.com,Male,20,Business,53.68,99.79,83.14,82.9,80.64,4.89,64.68,83.5,F,27.2,No,Yes,Unknown,High,4,8.5,24.34,Bajo,-16.65,69.28,3.07
S1559,Emma,Johnson,student559@university.com,Male,23,Business,74.92,96.72,42.42,58.85,58.09,1.53,83.74,89.77,D,21.7,No,Yes,Unknown,Medium,3,4.2,18.36,Bajo,-54.3,54.0,4.14
S1560,Maria,Williams,student560@university.com,Male,19,Engineering,74.72,83.77,73.81,77.19,53.83,5.7,65.26,72.39,D,10.5,No,Yes,Bachelor'S,High,7,4.6,36.8,Medio,-9.96,63.32,6.89
S1561,John,Williams,student561@university.com,Male,20,Business,79.42,73.49,47.3,97.89,59.74,2.63,65.73,77.32,B,23.1,Yes,Yes,High School,High,4,6.4,25.27,Bajo,-26.19,62.42,3.35
S1562,Omar,Jones,student562@university.com,Female,23,Business,68.14,75.44,58.91,81.41,71.03,4.64,92.24,61.37,B,23.0,No,Yes,Unknown,High,7,4.5,35.35,Medio,-16.53,72.77,2.67
S1563,Omar,Brown,student563@university.com,Male,22,Engineering,80.66,72.34,79.7,52.5,94.39,6.25,89.35,96.18,C,24.3,No,Yes,Unknown,Low,3,6.9,22.36,Bajo,7.36,74.68,3.96
S1564,Maria,Johnson,student564@university.com,Female,24,Engineering,93.91,82.42,49.44,99.44,76.6,8.69,64.71,65.09,B,27.3,No,No,Phd,Low,4,4.8,15.42,Bajo,-32.98,81.91,2.38
S1565,Sara,Jones,student565@university.com,Female,24,Engineering,97.77,65.13,58.53,57.84,87.42,0.03,54.07,60.89,B,8.8,No,Yes,Bachelor'S,Medium,3,7.3,26.29,Bajo,-6.6,49.91,6.92
S1566,Sara,Jones,student566@university.com,Male,24,Business,79.18,80.15,82.18,85.9,58.71,2.14,67.88,76.27,D,28.9,No,Yes,Master'S,Low,4,4.6,20.46,Bajo,2.03,58.47,2.64
S1567,Liam,Davis,student567@university.com,Male,19,Cs,75.725,47.3,79.05,76.63,55.3,0.96,88.0,59.53,C,30.0,No,Yes,Unknown,High,10,8.1,44.31,Medio,31.75,57.38,1.98
S1568,Omar,Brown,student568@university.com,Female,23,Mathematics,98.46,55.94,45.46,64.72,61.98,0.97,55.03,84.33,B,5.4,Yes,Yes,Master'S,High,4,7.7,32.72,Medio,-10.48,47.86,15.62
S1569,Omar,Johnson,student569@university.com,Male,20,Cs,85.29,90.16,74.64,58.87,65.69,9.46,83.61,75.76,A,7.3,No,Yes,Unknown,Low,4,8.6,26.12,Bajo,-15.52,75.69,10.38
S1570,Emma,Brown,student570@university.com,Male,21,Engineering,75.725,94.22,48.84,58.89,77.41,9.36,94.49,57.39,F,15.8,No,No,Unknown,Low,3,4.3,21.77,Bajo,-45.38,81.1,3.63
S1571,John,Johnson,student571@university.com,Male,19,Business,57.36,72.34,55.14,92.92,94.06,7.49,58.96,53.36,F,5.9,Yes,Yes,Unknown,Medium,6,6.8,46.38,Medio,-17.2,80.21,9.04
S1572,Ali,Brown,student572@university.com,Male,19,Cs,57.17,41.9,67.55,93.65,71.3,6.43,93.11,56.85,F,23.4,No,Yes,Bachelor'S,Medium,5,7.5,44.61,Medio,25.65,80.59,2.43
S1573,Sara,Jones,student573@university.com,Male,24,Engineering,58.39,95.62,46.56,73.26,75.94,8.48,52.57,56.83,D,21.3,No,Yes,Unknown,Medium,6,8.5,31.34,Medio,-49.06,71.64,2.67
S1574,Omar,Jones,student574@university.com,Male,21,Cs,52.28,82.12,99.62,55.18,50.23,0.58,83.34,65.64,D,24.4,Yes,Yes,Master'S,Low,7,6.4,38.2,Medio,17.5,48.64,2.69
S1575,Emma,Smith,student575@university.com,Male,24,Cs,75.725,64.84,49.92,94.21,51.67,1.19,89.55,91.66,A,30.0,No,Yes,Unknown,Low,4,8.8,25.71,Bajo,-14.92,61.83,3.06
S1576,Ahmed,Williams,student576@university.com,Female,19,Cs,77.04,75.9,86.88,74.81,54.19,3.17,72.24,52.86,B,28.3,No,Yes,Phd,Medium,9,4.6,33.89,Medio,10.98,58.24,1.87
S1577,Emma,Davis,student577@university.com,Male,20,Cs,85.0,65.79,89.79,71.94,84.95,8.32,60.19,56.4,F,12.5,Yes,No,Phd,Medium,1,6.2,24.26,Bajo,24.0,75.07,4.51
S1578,Sara,Brown,student578@university.com,Female,24,Cs,91.41,67.92,99.67,70.37,74.31,4.72,96.24,65.14,B,14.9,Yes,Yes,Master'S,Low,8,5.3,35.74,Medio,31.75,72.03,4.37
S1579,Sara,Davis,student579@university.com,Female,24,Mathematics,89.58,93.21,65.72,68.25,59.65,5.04,51.0,77.67,A,24.4,No,No,Phd,Low,2,4.8,10.71,Bajo,-27.49,57.32,3.18
S1580,Emma,Smith,student580@university.com,Female,24,Mathematics,94.13,49.67,92.45,76.3,79.63,2.29,77.75,88.14,B,14.7,No,Yes,Bachelor'S,Medium,3,5.4,29.25,Bajo,42.78,64.15,6.0
S1581,Ali,Williams,student581@university.com,Female,19,Cs,98.36,46.22,97.45,80.23,77.23,6.48,68.64,96.06,A,22.5,No,No,Master'S,Medium,2,7.3,22.68,Bajo,51.23,72.73,4.27
S1582,Maria,Brown,student582@university.com,Male,20,Business,71.95,40.16,50.37,73.32,54.44,8.88,73.05,70.6,D,28.0,No,Yes,High School,High,10,6.4,48.77,Medio,10.21,72.4,2.52
S1583,Sara,Johnson,student583@university.com,Female,21,Cs,97.52,58.84,68.77,74.81,82.02,3.3,76.83,55.29,A,15.1,Yes,Yes,Master'S,Medium,6,4.9,31.78,Medio,9.93,66.66,3.66
S1584,Emma,Williams,student584@university.com,Female,18,Cs,86.16,48.84,43.6,65.88,88.36,6.19,76.74,60.68,B,19.0,Yes,No,High School,High,5,4.2,34.58,Medio,-5.24,73.22,3.19
S1585,Omar,Jones,student585@university.com,Female,21,Cs,53.53,53.2,77.24,74.81,64.33,3.32,60.18,64.36,F,26.0,No,Yes,Phd,Low,7,8.6,45.64,Medio,24.04,58.13,2.48
S1586,Emma,Smith,student586@university.com,Female,20,Mathematics,84.09,40.67,74.88,65.0,84.37,7.93,83.99,89.3,C,16.9,Yes,Yes,Master'S,Medium,9,5.6,47.7,Medio,34.21,78.17,5.28
S1587,John,Williams,student587@university.com,Female,22,Mathematics,75.725,53.63,52.25,87.67,59.99,4.75,50.96,84.33,D,12.2,Yes,Yes,Bachelor'S,Medium,7,4.6,44.64,Medio,-1.38,61.53,6.91
S1588,Maria,Williams,student588@university.com,Male,24,Cs,95.29,59.96,87.87,74.81,87.84,3.39,51.06,60.45,B,11.5,Yes,Yes,Phd,Medium,9,4.7,40.69,Medio,27.91,61.9,5.26
S1589,Ahmed,Jones,student589@university.com,Male,21,Cs,68.65,41.89,42.24,59.43,95.59,4.2,73.92,91.94,D,6.8,Yes,Yes,Phd,Low,5,5.3,48.89,Medio,0.35,67.74,13.52
S1590,Ali,Brown,student590@university.com,Female,22,Cs,79.25,76.47,88.37,90.06,72.09,0.91,77.1,92.96,B,13.3,Yes,Yes,Phd,Low,3,5.2,27.12,Bajo,11.9,62.09,6.99
S1591,Liam,Johnson,student591@university.com,Male,22,Engineering,50.61,74.13,41.6,74.81,62.23,8.66,63.74,94.12,F,22.1,No,Yes,High School,Medium,3,5.4,33.44,Medio,-32.53,71.84,4.26
S1592,Ahmed,Jones,student592@university.com,Male,20,Engineering,66.6,45.82,79.41,81.29,69.96,9.58,77.58,63.75,D,6.5,No,Yes,High School,Medium,4,5.1,46.36,Medio,33.59,81.16,9.81
S1593,Maria,Johnson,student593@university.com,Female,20,Cs,53.11,75.7,44.73,98.51,62.5,4.77,75.81,56.69,D,11.9,No,Yes,Bachelor'S,Low,2,6.2,34.97,Medio,-30.97,71.13,4.76
S1594,Maria,Brown,student594@university.com,Female,24,Business,76.09,99.92,55.07,76.14,50.06,2.21,67.46,55.2,B,7.8,Yes,Yes,High School,Low,3,7.8,23.94,Bajo,-44.85,53.94,7.08
S1595,Maria,Williams,student595@university.com,Female,18,Cs,90.87,96.67,83.31,59.37,82.52,6.65,82.59,70.0,A,15.1,No,Yes,Unknown,High,9,4.1,29.42,Bajo,-13.36,72.74,4.64
S1596,Ahmed,Johnson,student596@university.com,Male,23,Mathematics,75.725,40.16,56.82,66.03,52.13,4.52,97.9,71.47,F,7.3,Yes,Yes,Unknown,High,9,5.0,55.58,Alto,16.66,65.32,9.79
S1597,Omar,Smith,student597@university.com,Female,19,Engineering,75.725,87.72,70.67,91.17,60.52,2.52,74.54,93.41,F,23.7,No,Yes,Master'S,Low,8,7.6,30.89,Medio,-17.05,62.86,3.94
S1598,Maria,Smith,student598@university.com,Male,21,Engineering,60.2,61.22,94.91,67.58,86.12,0.38,89.3,63.39,A,28.2,No,Yes,Phd,High,2,4.7,28.69,Bajo,33.69,61.7,2.25
S1599,Emma,Jones,student599@university.com,Male,20,Business,56.03,43.82,42.98,86.18,83.29,8.9,62.38,81.34,F,9.8,No,Yes,Unknown,Medium,9,7.7,60.12,Alto,-0.84,80.21,8.3
S1600,Ahmed,Brown,student600@university.com,Male,21,Business,75.55,57.76,88.66,88.87,53.67,7.97,88.1,89.41,F,11.3,No,Yes,High School,Medium,5,6.6,39.47,Medio,30.9,77.59,7.91
S1601,Liam,Jones,student601@university.com,Female,23,Cs,53.96,59.3,43.92,75.06,83.0,8.29,82.45,63.46,C,9.0,No,Yes,Bachelor'S,Low,8,8.4,54.38,Medio,-15.38,80.85,7.05
S1602,Maria,Jones,student602@university.com,Male,23,Cs,75.725,71.39,47.61,89.16,96.53,4.4,81.98,63.36,B,9.7,No,Yes,High School,Medium,6,4.1,38.34,Medio,-23.78,77.92,6.53
S1603,Emma,Davis,student603@university.com,Female,24,Mathematics,51.57,79.67,47.16,65.85,53.73,7.53,94.65,83.46,C,12.8,No,Yes,Phd,High,2,7.9,33.87,Medio,-32.51,72.38,6.52
S1604,Omar,Jones,student604@university.com,Female,22,Cs,55.34,84.94,99.65,74.81,70.78,5.81,61.67,86.31,C,12.0,No,Yes,Unknown,Low,1,6.9,29.15,Bajo,14.71,66.34,7.19
S1605,John,Davis,student605@university.com,Female,24,Cs,77.5,54.75,50.81,84.33,86.47,3.75,68.42,97.99,C,14.6,No,Yes,Unknown,Medium,4,6.3,35.82,Medio,-3.94,69.18,6.71
S1606,Omar,Smith,student606@university.com,Female,19,Engineering,79.57,59.31,93.81,58.4,83.39,8.43,54.15,92.5,D,18.1,Yes,Yes,Unknown,High,4,4.7,31.97,Medio,34.5,70.06,5.11
S1607,Liam,Smith,student607@university.com,Female,18,Business,51.45,58.5,99.46,63.68,61.33,9.99,86.31,91.1,C,23.2,No,Yes,High School,High,7,5.2,46.18,Medio,40.96,77.81,3.93
S1608,Maria,Jones,student608@university.com,Male,21,Business,78.67,61.76,63.03,74.81,58.15,8.99,92.19,84.62,C,27.1,No,Yes,Master'S,Low,2,7.9,22.61,Bajo,1.27,78.76,3.12
S1609,Liam,Smith,student609@university.com,Male,19,Mathematics,91.93,99.98,77.86,74.81,89.21,7.76,70.29,55.92,A,16.5,Yes,Yes,High School,Medium,4,4.7,16.25,Bajo,-22.12,77.98,3.39
S1610,Ahmed,Brown,student610@university.com,Male,18,Engineering,86.12,86.68,86.75,74.67,97.81,7.48,67.84,90.46,A,27.7,No,Yes,Unknown,Low,10,6.6,30.0,Medio,0.07,78.78,3.27
S1611,Sara,Davis,student611@university.com,Male,21,Cs,56.56,98.5,63.56,74.81,88.38,6.5,82.93,96.77,D,22.0,No,No,Unknown,Medium,1,5.0,19.65,Bajo,-34.94,77.78,4.4
S1612,Maria,Davis,student612@university.com,Male,19,Engineering,79.62,81.59,49.71,74.1,98.16,8.54,53.78,69.54,F,23.2,Yes,Yes,Unknown,Medium,7,6.4,29.39,Bajo,-31.88,77.86,3.0
S1613,Sara,Jones,student613@university.com,Female,20,Business,83.61,64.38,66.03,94.07,80.25,4.93,64.69,65.68,F,18.1,No,Yes,Unknown,Medium,3,5.3,26.82,Bajo,1.65,72.08,3.63
S1614,Emma,Smith,student614@university.com,Female,21,Cs,51.86,63.38,86.31,86.8,96.45,1.82,68.31,76.12,F,18.1,Yes,Yes,Unknown,Low,8,5.8,49.34,Medio,22.93,67.44,4.21
S1615,John,Johnson,student615@university.com,Male,19,Cs,92.77,69.31,86.85,65.73,84.52,7.68,75.93,97.82,A,18.3,Yes,No,Bachelor'S,Medium,1,8.0,17.59,Bajo,17.54,75.74,5.35
S1616,Ali,Davis,student616@university.com,Male,23,Cs,95.31,65.01,53.83,69.76,95.44,9.2,73.83,52.54,B,17.3,No,Yes,Unknown,Low,1,4.2,18.49,Bajo,-11.18,82.76,3.04
S1617,Liam,Jones,student617@university.com,Male,18,Engineering,92.52,89.7,50.5,83.38,58.08,3.41,60.43,85.44,B,16.5,No,Yes,High School,Low,9,8.6,30.24,Medio,-39.2,59.0,5.18
S1618,Omar,Jones,student618@university.com,Female,19,Business,91.23,67.9,95.23,74.81,90.78,7.83,77.04,90.73,A,24.4,No,Yes,Bachelor'S,Medium,5,5.6,24.39,Bajo,27.33,80.23,3.72
S1619,John,Brown,student619@university.com,Female,20,Engineering,87.25,57.74,42.64,58.94,59.84,2.74,96.29,89.44,A,14.7,No,Yes,Phd,High,4,7.0,31.46,Medio,-15.1,60.62,6.08
S1620,Maria,Williams,student620@university.com,Female,24,Mathematics,81.67,86.49,84.08,75.73,51.37,9.43,51.35,78.34,A,10.2,No,No,Phd,Medium,4,5.1,27.04,Bajo,-2.41,68.19,7.68
S1621,Sara,Williams,student621@university.com,Male,21,Cs,83.93,91.27,42.79,55.94,75.88,6.83,84.02,96.03,A,8.4,Yes,Yes,Unknown,Low,8,5.8,34.6,Medio,-48.48,71.04,11.43
S1622,Omar,Davis,student622@university.com,Male,21,Mathematics,75.725,65.23,90.27,63.97,65.91,5.69,81.24,56.73,C,27.0,No,No,Unknown,High,9,6.3,38.21,Medio,25.04,67.0,2.1
S1623,Sara,Brown,student623@university.com,Male,21,Business,83.12,80.07,94.32,84.3,52.18,7.8,96.22,62.26,C,26.6,No,Yes,Master'S,Low,7,7.4,26.92,Bajo,14.25,77.68,2.34
S1624,Ahmed,Brown,student624@university.com,Male,20,Cs,66.39,43.53,57.85,53.89,99.02,8.13,82.27,65.35,C,11.1,Yes,Yes,Phd,Low,8,8.4,53.71,Medio,14.32,79.12,5.89
S1625,Sara,Brown,student625@university.com,Female,18,Mathematics,68.8,71.77,44.44,83.12,83.32,8.92,81.24,50.43,A,8.0,Yes,Yes,Phd,Medium,2,8.3,32.61,Medio,-27.33,84.22,6.3
S1626,Ahmed,Davis,student626@university.com,Male,21,Cs,94.85,42.7,68.84,95.04,95.09,9.01,88.49,68.53,A,29.0,Yes,Yes,Master'S,Medium,10,5.7,39.49,Medio,26.14,92.18,2.36
S1627,Emma,Williams,student627@university.com,Male,18,Business,50.86,41.75,57.91,98.47,99.95,0.53,63.39,58.03,F,17.1,Yes,Yes,Bachelor'S,Medium,7,4.4,54.46,Medio,16.16,66.78,3.39
S1628,Omar,Brown,student628@university.com,Male,19,Business,84.94,76.78,65.03,60.83,69.6,1.23,79.79,86.23,C,7.3,Yes,Yes,Unknown,Medium,4,8.6,30.25,Medio,-11.75,55.63,11.81
S1629,Omar,Smith,student629@university.com,Female,23,Business,97.74,58.2,79.9,87.44,62.74,8.26,75.97,70.75,A,10.4,No,Yes,Unknown,Medium,8,4.2,38.69,Medio,21.7,77.19,6.8
S1630,Ali,Jones,student630@university.com,Female,23,Engineering,85.31,84.55,52.59,96.32,59.19,9.46,71.92,85.22,A,22.6,No,Yes,Unknown,Medium,10,8.4,33.48,Medio,-31.96,80.51,3.77
S1631,Maria,Jones,student631@university.com,Male,18,Cs,99.7,93.76,61.42,54.57,75.76,3.08,53.97,64.68,B,7.0,Yes,Yes,Master'S,Low,8,4.1,29.03,Bajo,-32.34,53.78,9.24
S1632,Ahmed,Johnson,student632@university.com,Female,18,Engineering,84.38,48.36,86.95,70.7,80.3,0.09,64.63,56.6,C,15.8,Yes,Yes,Unknown,High,10,8.9,48.06,Medio,38.59,54.13,3.58
S1633,Ali,Johnson,student633@university.com,Female,23,Cs,51.72,83.47,78.63,95.97,73.62,3.23,64.0,56.6,F,15.7,No,Yes,Unknown,Low,2,4.1,31.23,Medio,-4.84,66.47,3.61
S1634,Sara,Davis,student634@university.com,Female,21,Business,91.35,70.87,59.58,60.14,69.36,3.83,86.21,60.16,B,22.1,No,Yes,Unknown,Medium,9,4.1,33.49,Medio,-11.29,63.5,2.72
S1635,Sara,Davis,student635@university.com,Female,22,Business,64.23,46.73,79.86,96.69,58.41,7.61,96.03,55.76,B,10.0,Yes,Yes,Unknown,Low,6,6.5,49.61,Medio,33.13,81.81,5.58
S1636,Ali,Jones,student636@university.com,Female,22,Mathematics,72.3,79.1,85.92,76.36,72.09,0.48,61.54,61.03,B,29.6,No,Yes,High School,Low,5,7.3,25.05,Bajo,6.82,53.7,2.06
S1637,Omar,Smith,student637@university.com,Male,20,Cs,65.6,76.57,75.55,54.99,54.26,2.13,53.73,78.95,C,8.9,Yes,Yes,Master'S,Low,9,5.8,47.4,Medio,-1.02,46.07,8.87
S1638,Sara,Williams,student638@university.com,Male,24,Business,63.43,70.94,54.37,72.49,93.25,8.94,100.0,62.82,A,20.0,No,No,Bachelor'S,Low,3,7.0,30.96,Medio,-16.57,88.78,3.14
S1639,Liam,Williams,student639@university.com,Male,23,Mathematics,71.57,95.59,40.01,66.31,52.35,1.55,84.56,67.15,D,13.2,Yes,Yes,High School,High,5,8.2,28.56,Bajo,-55.58,54.68,5.09
S1640,Emma,Davis,student640@university.com,Female,23,Business,68.94,71.26,88.17,64.11,69.03,7.59,94.32,52.64,D,8.3,Yes,Yes,Master'S,High,5,8.0,39.23,Medio,16.91,75.84,6.34
S1641,Emma,Smith,student641@university.com,Female,20,Cs,81.67,99.43,89.36,77.07,55.01,3.61,57.19,94.61,D,18.5,No,Yes,High School,Medium,8,8.4,27.89,Bajo,-10.07,56.34,5.11
S1642,Liam,Davis,student642@university.com,Female,22,Cs,75.725,70.55,81.86,74.18,88.75,6.63,90.04,56.91,A,9.2,No,Yes,Bachelor'S,Medium,9,4.8,45.51,Medio,11.31,79.82,6.19
S1643,Ali,Williams,student643@university.com,Female,19,Cs,64.85,46.95,44.59,74.1,65.64,0.74,90.67,67.43,B,22.0,No,Yes,High School,Low,9,5.1,50.0,Medio,-2.36,59.45,3.07
S1644,Liam,Davis,student644@university.com,Male,21,Engineering,60.69,68.23,75.11,54.41,55.66,2.87,57.57,68.97,C,5.8,No,Yes,High School,High,5,6.9,44.28,Medio,6.88,49.08,11.89
S1645,Ahmed,Brown,student645@university.com,Male,21,Engineering,83.34,50.94,89.26,90.12,76.57,4.25,58.07,88.61,B,17.8,No,Yes,Bachelor'S,Low,2,7.6,28.87,Bajo,38.32,66.82,4.98
S1646,Ahmed,Davis,student646@university.com,Male,19,Mathematics,83.52,75.83,63.38,74.07,95.81,8.57,64.77,74.18,D,10.5,No,Yes,Phd,Low,10,4.5,42.77,Medio,-12.45,80.09,7.06
S1647,Ali,Jones,student647@university.com,Male,19,Cs,95.06,81.59,51.88,91.05,95.43,5.63,60.84,69.15,A,28.7,No,Yes,High School,Medium,6,4.9,19.01,Bajo,-29.71,75.9,2.41
S1648,Liam,Davis,student648@university.com,Male,22,Cs,50.8,68.11,75.26,91.23,62.48,0.45,98.77,84.79,D,22.8,Yes,Yes,High School,Low,4,8.6,37.05,Medio,7.15,64.24,3.72
S1649,Ahmed,Jones,student649@university.com,Male,20,Engineering,75.725,45.86,89.58,65.86,85.98,8.02,68.15,79.85,A,23.9,No,Yes,High School,Low,9,4.1,45.57,Medio,43.72,75.05,3.34
S1650,Omar,Smith,student650@university.com,Female,19,Business,76.05,68.12,42.93,50.22,51.51,0.55,88.07,53.91,A,22.6,No,Yes,Unknown,Low,8,6.0,37.2,Medio,-25.19,48.82,2.39
S1651,Liam,Williams,student651@university.com,Female,20,Mathematics,81.07,44.89,75.82,95.56,56.59,9.34,90.25,65.64,C,21.6,No,Yes,Unknown,High,6,5.1,38.47,Medio,30.93,83.95,3.04
S1652,Omar,Johnson,student652@university.com,Male,24,Business,54.57,80.93,78.59,74.81,74.97,2.12,69.3,98.93,F,8.5,No,Yes,Bachelor'S,Medium,2,7.9,34.59,Medio,-2.34,60.07,11.64
S1653,Ahmed,Johnson,student653@university.com,Female,18,Engineering,71.63,87.42,76.14,55.36,61.44,4.88,84.13,74.17,F,29.9,No,Yes,Master'S,Medium,3,8.3,18.2,Bajo,-11.28,62.43,2.48
S1654,Emma,Williams,student654@university.com,Male,21,Engineering,61.37,97.74,79.0,85.09,89.91,0.72,55.39,71.21,C,21.4,No,Yes,Unknown,Low,2,5.2,20.72,Bajo,-18.74,59.4,3.33
S1655,Ahmed,Johnson,student655@university.com,Male,22,Business,62.71,48.93,77.88,51.0,96.55,5.62,69.85,57.5,C,27.4,No,Yes,Bachelor'S,Medium,6,6.9,40.78,Medio,28.95,68.4,2.1
S1656,Omar,Davis,student656@university.com,Female,21,Engineering,75.2,71.95,47.82,51.39,50.22,4.97,98.37,91.95,C,17.6,No,Yes,Unknown,Medium,4,8.2,29.96,Bajo,-24.13,62.42,5.22
S1657,John,Smith,student657@university.com,Male,22,Cs,90.62,74.05,54.1,74.81,61.65,4.1,58.43,56.67,B,12.1,Yes,No,Master'S,Medium,1,7.0,20.02,Bajo,-19.95,58.97,4.68
S1658,Maria,Smith,student658@university.com,Male,18,Cs,87.19,95.35,77.14,54.8,71.98,0.36,69.29,55.25,A,15.9,No,Yes,Unknown,High,9,7.0,30.71,Medio,-18.21,49.92,3.47
S1659,Sara,Williams,student659@university.com,Male,21,Cs,75.725,77.64,41.06,98.22,78.15,8.79,89.53,71.95,B,15.0,No,Yes,Phd,Low,6,6.1,33.82,Medio,-36.58,88.45,4.8
S1660,Liam,Johnson,student660@university.com,Female,18,Business,76.97,48.73,78.08,94.69,95.8,8.03,83.27,71.83,A,5.4,No,Yes,Master'S,Low,2,7.3,37.96,Medio,29.35,88.52,13.3
S1661,John,Davis,student661@university.com,Female,22,Cs,71.37,66.18,79.92,82.49,94.59,6.33,81.58,99.07,D,21.9,Yes,Yes,Master'S,Medium,3,8.8,28.66,Bajo,13.74,80.49,4.52
S1662,Ahmed,Smith,student662@university.com,Female,19,Cs,98.64,79.29,54.35,53.19,81.86,5.72,92.66,56.38,A,23.4,Yes,Yes,Unknown,High,8,5.5,25.54,Bajo,-24.94,71.23,2.41
S1663,Emma,Smith,student663@university.com,Female,24,Cs,78.01,82.02,75.89,66.24,62.87,6.95,51.45,74.19,D,6.0,No,Yes,Unknown,Medium,9,5.0,42.87,Medio,-6.13,62.52,12.36
S1664,Ali,Brown,student664@university.com,Male,21,Engineering,62.7,91.78,72.05,68.59,89.16,1.44,88.56,60.06,F,11.1,No,Yes,High School,Medium,9,8.8,42.75,Medio,-19.73,65.18,5.41
S1665,Ahmed,Brown,student665@university.com,Female,18,Cs,61.5,50.83,55.64,74.04,60.13,9.33,94.13,85.09,A,21.6,No,Yes,High School,Low,5,4.3,41.31,Medio,4.81,80.4,3.94
S1666,Emma,Smith,student666@university.com,Female,23,Engineering,80.57,97.09,67.78,58.45,98.26,2.85,50.81,69.58,F,13.0,No,Yes,Master'S,High,4,8.2,22.84,Bajo,-29.31,59.0,5.35
S1667,Maria,Williams,student667@university.com,Female,21,Cs,76.14,43.55,94.58,78.88,50.29,6.56,77.95,82.42,A,28.3,No,Yes,High School,Medium,5,8.5,35.02,Medio,51.03,68.18,2.91
S1668,Ahmed,Jones,student668@university.com,Male,21,Cs,50.38,99.03,65.6,71.79,78.49,6.07,67.43,66.92,C,7.8,Yes,No,High School,Low,1,5.1,28.76,Bajo,-33.43,69.6,8.58
S1669,Omar,Jones,student669@university.com,Female,21,Engineering,91.5,91.47,77.79,74.81,54.42,6.37,52.54,78.23,B,28.2,Yes,Yes,Unknown,Medium,3,6.1,10.88,Bajo,-13.68,61.37,2.77
S1670,Ali,Davis,student670@university.com,Female,20,Cs,85.21,79.62,42.12,96.81,70.38,8.79,70.89,73.46,A,27.8,No,Yes,Phd,Medium,9,4.6,30.17,Medio,-37.5,81.49,2.64
S1671,Emma,Smith,student671@university.com,Male,18,Cs,83.09,84.1,44.67,78.27,81.75,2.96,82.2,68.72,C,28.9,No,Yes,High School,Low,8,5.8,26.79,Bajo,-39.43,67.96,2.38
S1672,Emma,Smith,student672@university.com,Male,18,Cs,53.44,44.36,44.88,82.22,84.48,7.49,95.95,76.88,F,6.9,No,Yes,High School,Low,4,6.3,51.2,Medio,0.52,84.39,11.14
S1673,Emma,Smith,student673@university.com,Male,21,Business,75.725,42.49,86.69,56.89,89.28,5.98,81.03,69.19,B,11.8,No,Yes,Phd,Low,1,6.5,34.85,Medio,44.2,71.75,5.86
S1674,Maria,Williams,student674@university.com,Male,19,Engineering,96.77,46.11,61.02,61.17,79.67,0.76,92.84,90.3,B,11.3,Yes,No,Unknown,High,3,4.6,31.09,Medio,14.91,60.32,7.99
S1675,Ahmed,Brown,student675@university.com,Female,21,Cs,93.13,45.24,53.66,95.04,62.57,4.14,56.08,74.76,A,27.1,No,Yes,Master'S,Low,4,6.0,26.95,Bajo,8.42,63.77,2.76
S1676,Maria,Smith,student676@university.com,Male,20,Cs,64.28,72.84,84.84,84.96,94.46,8.38,60.53,95.16,C,25.2,No,Yes,Bachelor'S,Low,4,7.1,29.72,Bajo,12.0,80.94,3.78
S1677,Liam,Smith,student677@university.com,Female,22,Mathematics,57.85,52.93,50.2,59.47,90.56,3.15,98.51,61.14,F,9.0,Yes,Yes,Unknown,Low,1,6.5,39.37,Medio,-2.73,70.01,6.79
S1678,Sara,Johnson,student678@university.com,Female,20,Engineering,72.45,91.61,54.79,78.51,58.0,4.82,94.37,55.61,D,8.5,No,Yes,Phd,Medium,6,8.2,34.02,Medio,-36.82,69.77,6.54
S1679,Sara,Williams,student679@university.com,Female,19,Engineering,67.79,66.74,65.86,96.74,91.33,4.89,61.76,69.05,B,16.9,No,Yes,Phd,Low,9,8.8,45.58,Medio,-0.88,74.68,4.09
S1680,Liam,Davis,student680@university.com,Female,21,Business,84.11,81.73,59.89,67.26,98.63,6.18,81.05,59.18,C,9.3,No,Yes,Master'S,High,8,8.1,36.95,Medio,-21.84,77.18,6.36
S1681,Ahmed,Smith,student681@university.com,Female,18,Business,98.32,79.17,75.12,59.29,81.86,8.84,68.13,69.66,B,16.9,No,Yes,High School,Low,2,4.2,15.61,Bajo,-4.05,74.42,4.12
S1682,Omar,Johnson,student682@university.com,Male,24,Business,68.15,59.19,60.27,97.1,64.09,1.74,73.43,60.37,C,26.1,No,Yes,Bachelor'S,Low,7,5.1,38.67,Medio,1.08,63.0,2.31
S1683,Maria,Jones,student683@university.com,Female,23,Engineering,53.11,54.59,63.58,73.06,80.33,5.05,93.04,93.41,D,17.5,Yes,Yes,Bachelor'S,Medium,3,4.4,40.73,Medio,8.99,74.23,5.34
S1684,Ali,Davis,student684@university.com,Female,21,Engineering,94.88,60.55,91.77,70.86,67.13,4.24,86.79,78.4,A,23.1,Yes,Yes,Bachelor'S,Low,6,6.2,28.19,Bajo,31.22,66.8,3.39
S1685,Emma,Smith,student685@university.com,Female,19,Cs,51.9,87.8,93.07,63.38,83.8,2.96,61.92,74.88,D,11.3,No,Yes,Unknown,Low,2,7.6,32.07,Medio,5.27,59.68,6.63
S1686,Emma,Smith,student686@university.com,Male,18,Mathematics,97.64,75.18,89.66,94.58,77.24,9.2,65.8,89.39,A,11.6,No,Yes,Phd,High,8,4.2,33.03,Medio,14.48,82.4,7.71
S1687,Ahmed,Johnson,student687@university.com,Female,20,Engineering,83.23,55.21,91.89,92.28,96.47,0.08,64.49,56.52,F,19.8,No,Yes,Unknown,Medium,4,5.3,31.07,Medio,36.68,63.51,2.85
S1688,Omar,Williams,student688@university.com,Female,22,Cs,97.08,89.07,74.18,70.15,80.9,1.22,89.03,92.85,B,26.3,No,Yes,Bachelor'S,High,6,4.5,17.26,Bajo,-14.89,63.07,3.53
S1689,Sara,Smith,student689@university.com,Male,22,Mathematics,59.98,43.29,78.77,51.53,60.7,7.33,74.5,74.17,F,18.3,No,Yes,Unknown,Low,3,6.1,41.31,Medio,35.48,65.01,4.05
S1690,Sara,Jones,student690@university.com,Female,24,Mathematics,52.03,81.95,73.43,72.33,86.26,2.63,97.54,56.82,D,10.0,Yes,Yes,Unknown,Medium,1,8.6,32.2,Medio,-8.52,70.61,5.68
S1691,Emma,Smith,student691@university.com,Female,21,Mathematics,74.41,66.35,87.14,59.04,65.04,7.23,90.83,90.97,B,10.4,Yes,Yes,Unknown,Medium,2,6.1,31.07,Medio,20.79,71.8,8.75
S1692,Ahmed,Jones,student692@university.com,Male,20,Business,72.53,83.88,73.06,57.14,63.62,8.32,60.56,73.04,D,20.4,Yes,No,Master'S,Medium,10,7.2,39.25,Medio,-10.82,66.13,3.58
S1693,Maria,Davis,student693@university.com,Female,24,Mathematics,75.725,95.65,46.66,69.65,69.59,2.55,89.3,80.23,B,7.6,Yes,Yes,High School,Medium,8,5.9,36.56,Medio,-48.99,63.51,10.56
S1694,Sara,Davis,student694@university.com,Female,23,Cs,97.88,85.0,88.57,54.95,50.6,1.92,75.3,94.68,A,6.6,No,Yes,High School,High,6,7.7,28.05,Bajo,3.57,50.01,14.35
S1695,Maria,Brown,student695@university.com,Female,23,Business,91.13,66.52,85.64,97.87,98.46,1.45,62.69,94.53,B,7.6,No,Yes,High School,Low,4,7.7,31.02,Medio,19.12,68.38,12.44
S1696,Omar,Brown,student696@university.com,Female,24,Business,83.08,49.06,89.22,74.81,76.62,2.0,68.17,94.64,F,14.8,No,Yes,Bachelor'S,Low,9,4.7,46.58,Medio,40.16,59.9,6.39
S1697,Sara,Jones,student697@university.com,Female,19,Cs,58.14,88.38,51.43,74.81,88.67,2.67,98.61,70.85,F,13.9,No,Yes,Unknown,High,7,7.3,39.52,Medio,-36.95,72.2,5.1
S1698,Sara,Williams,student698@university.com,Male,22,Cs,86.72,67.64,56.3,58.14,62.89,8.69,74.2,87.48,B,5.1,No,No,Unknown,Low,1,5.9,26.81,Bajo,-11.34,70.53,17.15
S1699,John,Smith,student699@university.com,Male,20,Mathematics,86.35,44.52,57.75,74.81,87.33,7.7,85.98,61.66,A,9.0,No,Yes,Phd,Medium,6,8.3,43.03,Medio,13.23,81.28,6.85
S1700,Sara,Smith,student700@university.com,Male,21,Cs,71.25,83.14,70.48,53.94,78.36,0.02,73.85,91.56,B,13.7,No,Yes,Unknown,Medium,4,4.8,29.94,Bajo,-12.66,51.59,6.68
S1701,Liam,Brown,student701@university.com,Female,18,Business,96.24,57.51,48.03,77.34,71.21,8.74,68.58,67.09,A,15.7,No,Yes,Unknown,Medium,6,8.5,32.32,Medio,-9.48,76.13,4.27
S1702,Ali,Jones,student702@university.com,Female,21,Cs,75.725,42.93,63.12,88.66,98.53,0.79,89.82,73.2,B,15.1,Yes,Yes,Unknown,Medium,8,6.6,48.62,Medio,20.19,71.23,4.85
S1703,Liam,Smith,student703@university.com,Female,21,Cs,63.37,94.17,50.93,97.5,74.69,6.55,92.42,94.57,F,13.0,Yes,Yes,Unknown,Medium,9,5.3,40.85,Medio,-43.24,82.53,7.27
S1704,Ahmed,Smith,student704@university.com,Male,20,Engineering,53.16,68.99,55.89,84.93,82.87,1.51,53.59,90.29,D,25.3,No,Yes,Unknown,High,3,5.7,32.49,Medio,-13.1,59.12,3.57
S1705,Ahmed,Williams,student705@university.com,Female,22,Cs,89.77,56.86,82.38,74.81,50.77,0.62,63.95,97.63,A,15.4,No,Yes,High School,Low,2,4.0,26.04,Bajo,25.52,48.93,6.34
S1706,Maria,Johnson,student706@university.com,Female,20,Engineering,81.09,82.98,91.29,54.43,65.07,7.6,75.39,68.17,F,21.1,No,Yes,Unknown,High,10,8.7,36.17,Medio,8.31,67.72,3.23
S1707,Liam,Brown,student707@university.com,Female,18,Engineering,65.75,93.15,41.37,86.58,94.43,4.67,65.82,57.55,B,25.8,No,Yes,Unknown,Medium,7,5.1,29.48,Bajo,-51.78,73.38,2.23
S1708,Liam,Brown,student708@university.com,Male,24,Cs,58.19,40.02,73.95,60.77,87.95,5.99,89.18,95.52,D,26.3,No,Yes,Unknown,Medium,7,8.5,47.81,Medio,33.93,74.45,3.63
S1709,Liam,Johnson,student709@university.com,Male,20,Cs,52.01,81.27,42.16,72.36,76.84,4.25,55.74,74.66,F,26.4,No,Yes,Bachelor'S,Low,3,8.3,28.66,Bajo,-39.11,61.86,2.83
S1710,Omar,Smith,student710@university.com,Female,19,Cs,58.34,86.02,45.11,98.83,95.01,0.67,89.89,94.47,F,17.4,No,Yes,Master'S,Low,5,5.7,33.96,Medio,-40.91,72.61,5.43
S1711,Sara,Williams,student711@university.com,Female,21,Cs,72.66,52.6,82.31,91.0,74.31,7.4,80.89,86.6,A,21.5,Yes,Yes,High School,Medium,10,5.1,48.04,Medio,29.71,80.05,4.03
S1712,Ali,Williams,student712@university.com,Female,22,Business,62.36,69.38,84.14,92.33,78.33,8.2,64.47,93.74,F,12.9,No,Yes,Phd,Low,8,6.1,46.47,Medio,14.76,79.28,7.27
S1713,Maria,Brown,student713@university.com,Male,23,Engineering,62.95,45.36,88.84,93.04,69.11,0.41,67.22,82.74,C,26.5,No,Yes,Phd,Low,3,8.7,35.55,Medio,43.48,58.37,3.12
S1714,Liam,Williams,student714@university.com,Male,18,Cs,93.78,84.8,68.45,80.98,81.0,3.76,59.14,90.62,A,10.3,No,Yes,Unknown,Low,8,8.3,32.14,Medio,-16.35,64.68,8.8
S1715,Liam,Davis,student715@university.com,Male,23,Engineering,75.76,90.85,91.59,74.81,65.95,5.57,62.63,56.02,F,24.7,No,Yes,Master'S,Medium,3,6.4,18.32,Bajo,0.74,64.77,2.27
S1716,John,Johnson,student716@university.com,Female,21,Cs,86.46,46.49,50.01,67.95,69.27,6.05,85.86,98.41,B,16.7,No,No,Phd,Medium,4,6.7,34.11,Medio,3.52,70.9,5.89
S1717,Maria,Smith,student717@university.com,Male,20,Cs,51.79,88.99,54.98,74.81,98.32,5.78,68.79,59.05,D,12.5,Yes,Yes,Bachelor'S,High,3,6.0,33.37,Medio,-34.01,74.93,4.72
S1718,Liam,Davis,student718@university.com,Female,23,Cs,68.26,86.29,48.07,63.98,55.57,6.93,84.37,51.23,C,14.5,No,No,High School,High,5,8.7,31.86,Medio,-38.22,68.31,3.53
S1719,Maria,Johnson,student719@university.com,Female,19,Business,73.96,60.81,87.85,79.5,55.26,9.67,75.71,76.54,D,19.7,No,Yes,Phd,Medium,8,8.9,41.58,Medio,27.04,76.79,3.89
S1720,Sara,Jones,student720@university.com,Male,20,Mathematics,59.32,81.42,53.72,64.1,52.17,3.91,57.26,85.6,C,28.2,Yes,Yes,Phd,Low,5,5.4,29.6,Bajo,-27.7,53.16,3.04
S1721,John,Brown,student721@university.com,Female,21,Business,56.01,40.0,49.33,55.6,66.0,5.57,74.95,85.82,F,7.4,No,Yes,Unknown,Low,7,8.7,58.03,Alto,9.33,63.06,11.6
S1722,Maria,Williams,student722@university.com,Male,23,Cs,93.52,95.91,77.39,78.38,69.91,6.99,87.82,66.96,A,28.0,Yes,Yes,Master'S,Low,4,8.8,11.16,Bajo,-18.52,76.5,2.39
S1723,Ali,Jones,student723@university.com,Female,24,Cs,96.97,73.02,44.62,67.67,54.73,5.92,64.88,87.69,A,25.4,Yes,Yes,High School,Low,10,6.4,31.45,Medio,-28.4,61.62,3.45
S1724,Ali,Williams,student724@university.com,Female,18,Engineering,75.725,77.22,42.69,79.16,77.46,3.87,82.4,92.13,A,19.7,Yes,Yes,Unknown,High,2,6.1,22.7,Bajo,-34.53,69.43,4.68
S1725,Ahmed,Davis,student725@university.com,Male,23,Business,67.45,79.88,46.4,77.93,79.17,6.24,59.95,80.5,A,8.3,No,Yes,Phd,High,6,8.3,39.39,Medio,-33.48,69.86,9.7
S1726,John,Smith,student726@university.com,Female,24,Mathematics,97.91,73.68,40.01,77.11,87.55,6.5,56.78,69.3,A,25.3,No,No,Unknown,Low,5,8.7,19.87,Bajo,-33.67,71.61,2.74
S1727,John,Smith,student727@university.com,Female,24,Cs,54.16,91.41,81.82,56.17,98.8,5.85,68.01,80.68,F,22.3,No,No,Master'S,High,8,6.0,38.03,Medio,-9.59,70.37,3.62
S1728,Ahmed,Smith,student728@university.com,Female,23,Cs,82.18,76.58,73.73,72.01,80.97,2.05,69.46,93.11,D,17.4,No,Yes,Unknown,High,8,6.5,35.12,Medio,-2.85,60.74,5.35
S1729,Maria,Williams,student729@university.com,Female,22,Engineering,98.61,94.47,52.59,90.6,55.58,5.06,88.05,95.02,A,27.1,No,Yes,Master'S,High,1,5.7,3.6,Bajo,-41.88,71.21,3.51
S1730,John,Jones,student730@university.com,Female,23,Business,98.91,74.94,53.98,65.76,54.43,8.84,73.0,51.58,A,21.6,No,No,High School,Low,8,5.0,27.66,Bajo,-20.96,70.4,2.39
S1731,Ali,Smith,student731@university.com,Female,21,Business,73.56,50.27,88.66,72.19,88.88,8.69,54.06,56.12,F,12.2,No,No,Bachelor'S,Low,3,9.0,37.52,Medio,38.39,75.51,4.6
S1732,Ali,Jones,student732@university.com,Female,24,Engineering,58.14,94.81,70.11,74.69,82.52,7.51,81.7,50.23,D,6.1,No,Yes,Bachelor'S,Medium,2,4.9,30.38,Medio,-24.7,78.5,8.23
S1733,Liam,Williams,student733@university.com,Female,18,Mathematics,60.1,80.9,81.91,93.14,58.1,6.97,73.46,74.62,A,24.0,Yes,Yes,High School,Low,10,8.1,42.69,Medio,1.01,73.6,3.11
S1734,Sara,Davis,student734@university.com,Male,21,Engineering,94.48,81.95,67.17,82.78,62.67,1.53,66.58,71.82,A,11.4,No,Yes,Phd,Medium,4,6.1,23.31,Bajo,-14.78,56.83,6.3
S1735,John,Jones,student735@university.com,Male,19,Mathematics,95.58,99.13,54.26,55.01,87.51,4.59,90.11,77.29,B,12.0,No,Yes,Master'S,Low,10,4.4,30.81,Medio,-44.87,69.63,6.44
S1736,Maria,Davis,student736@university.com,Female,20,Mathematics,80.39,44.51,98.22,93.26,78.31,1.11,57.72,84.18,B,16.2,No,Yes,Unknown,High,8,5.6,45.97,Medio,53.71,60.1,5.2
S1737,Ahmed,Williams,student737@university.com,Female,23,Business,75.725,65.72,73.94,91.6,79.25,8.17,95.66,68.29,A,23.7,No,Yes,Bachelor'S,Low,5,4.4,30.82,Medio,8.22,87.05,2.88
S1738,Ahmed,Williams,student738@university.com,Male,22,Cs,87.0,54.35,47.86,87.68,60.5,2.91,66.7,60.43,A,28.1,No,Yes,Unknown,Medium,7,8.9,32.53,Medio,-6.49,61.0,2.15
S1739,Maria,Brown,student739@university.com,Female,18,Cs,83.09,77.83,64.37,73.3,81.45,7.67,73.05,69.74,B,10.4,Yes,Yes,Unknown,High,8,5.3,37.93,Medio,-13.46,76.12,6.71
S1740,Omar,Williams,student740@university.com,Male,22,Engineering,91.36,88.41,59.76,87.88,88.53,8.15,96.46,50.45,A,27.1,Yes,Yes,Unknown,High,3,7.7,12.4,Bajo,-28.65,88.59,1.86
S1741,Emma,Williams,student741@university.com,Male,22,Engineering,84.27,97.98,52.85,73.94,94.26,8.92,88.06,91.47,D,20.1,Yes,Yes,Phd,Medium,7,6.1,24.39,Bajo,-45.13,86.36,4.55
S1742,Sara,Johnson,student742@university.com,Male,22,Business,76.7,67.28,96.01,86.83,86.84,7.54,53.72,69.19,D,26.4,Yes,Yes,Unknown,Medium,7,7.4,33.1,Medio,28.73,75.7,2.62
S1743,Ahmed,Smith,student743@university.com,Female,23,Cs,61.85,87.17,92.86,94.01,78.82,5.65,78.91,81.14,F,26.2,Yes,Yes,Unknown,Medium,9,5.3,36.88,Medio,5.69,77.06,3.1
S1744,John,Brown,student744@university.com,Female,18,Cs,87.19,95.02,51.95,94.53,83.66,5.98,65.52,66.24,A,14.8,No,Yes,Unknown,Medium,3,4.5,18.02,Bajo,-43.07,75.88,4.48
S1745,Sara,Brown,student745@university.com,Female,18,Business,73.67,81.0,61.13,72.73,74.26,3.21,75.42,80.74,A,22.0,Yes,Yes,Unknown,Low,6,8.0,30.03,Medio,-19.87,63.63,3.67
S1746,John,Brown,student746@university.com,Male,24,Cs,64.74,54.56,85.74,92.97,61.34,1.77,87.15,77.02,B,28.7,Yes,Yes,Unknown,Low,7,7.6,39.96,Medio,31.18,64.79,2.68
S1747,Omar,Johnson,student747@university.com,Male,22,Cs,90.1,76.47,52.51,74.81,94.11,1.31,74.81,60.43,A,21.8,No,Yes,Master'S,High,9,4.5,32.4,Medio,-23.96,64.21,2.77
S1748,Ali,Davis,student748@university.com,Male,24,Cs,84.84,98.2,75.49,55.09,76.63,1.82,53.55,81.27,C,16.5,No,Yes,Bachelor'S,Medium,4,7.7,19.26,Bajo,-22.71,50.87,4.93
S1749,Sara,Williams,student749@university.com,Female,24,Engineering,96.87,99.25,81.99,77.41,79.72,9.34,76.5,55.48,A,14.3,No,Yes,Unknown,Low,4,7.0,15.84,Bajo,-17.26,81.76,3.88
S1750,Liam,Smith,student750@university.com,Male,20,Cs,58.27,78.54,79.24,82.59,99.51,1.64,51.21,74.05,D,8.6,Yes,Yes,Phd,Medium,5,4.9,40.63,Medio,0.7,62.43,8.61
S1751,Ahmed,Jones,student751@university.com,Male,23,Business,75.725,93.22,82.38,57.65,99.25,7.24,67.42,85.99,F,30.0,No,Yes,Unknown,Medium,10,8.1,30.53,Medio,-10.84,74.18,2.87
S1752,Sara,Davis,student752@university.com,Female,23,Engineering,62.21,52.02,82.4,73.61,79.32,1.85,73.9,77.45,F,21.4,No,No,High School,Low,5,7.5,40.81,Medio,30.38,61.33,3.62
S1753,Sara,Williams,student753@university.com,Male,21,Mathematics,95.18,54.76,97.89,54.72,51.7,9.75,82.23,87.31,A,11.9,No,Yes,Phd,Medium,1,6.5,24.31,Bajo,43.13,71.54,7.34
S1754,Sara,Johnson,student754@university.com,Male,24,Engineering,54.97,97.17,60.79,80.1,69.81,3.67,75.31,63.66,D,6.9,Yes,Yes,High School,Medium,8,4.9,43.72,Medio,-36.38,65.48,9.23
S1755,Emma,Williams,student755@university.com,Female,23,Cs,82.81,48.11,92.72,92.75,96.86,4.12,57.6,52.44,F,23.8,No,Yes,High School,Medium,8,6.7,40.24,Medio,44.61,72.1,2.2
S1756,Sara,Williams,student756@university.com,Female,22,Cs,89.55,51.47,41.31,86.88,64.42,4.05,96.61,52.8,A,26.4,No,Yes,Unknown,Medium,9,4.8,37.79,Medio,-10.16,72.1,2.0
S1757,John,Johnson,student757@university.com,Male,19,Cs,67.75,65.23,57.29,68.91,99.96,8.16,82.51,63.44,B,15.7,No,No,Unknown,Low,3,4.9,33.31,Medio,-7.94,83.24,4.04
S1758,Ali,Brown,student758@university.com,Female,22,Engineering,97.71,75.38,42.92,99.69,54.22,2.18,65.85,70.38,A,28.9,No,No,Unknown,Low,6,5.2,19.85,Bajo,-32.46,60.39,2.44
S1759,Omar,Brown,student759@university.com,Male,18,Cs,92.54,76.23,79.07,83.15,78.41,8.31,98.3,76.88,A,13.2,No,Yes,Phd,Low,10,7.3,38.14,Medio,2.84,85.74,5.82
S1760,Maria,Smith,student760@university.com,Female,23,Cs,64.73,57.52,46.05,90.76,75.77,6.57,94.13,87.88,D,23.9,No,Yes,High School,Medium,9,7.4,45.92,Medio,-11.47,81.59,3.68
S1761,Sara,Smith,student761@university.com,Male,23,Engineering,50.38,95.24,90.74,83.48,62.77,2.2,57.17,91.98,C,11.6,Yes,Yes,Unknown,Low,4,4.4,34.66,Medio,-4.5,56.36,7.93
S1762,Ahmed,Brown,student762@university.com,Female,21,Cs,64.83,94.91,78.8,99.47,97.43,0.65,82.77,84.68,B,13.4,No,Yes,Unknown,High,9,7.3,39.91,Medio,-16.11,71.54,6.32
S1763,Sara,Davis,student763@university.com,Male,24,Cs,64.07,63.52,41.73,91.07,80.96,7.75,78.0,73.16,A,20.1,Yes,Yes,Phd,Medium,6,4.2,39.58,Medio,-21.79,81.88,3.64
S1764,Ahmed,Jones,student764@university.com,Female,19,Business,94.5,66.06,82.89,75.97,61.51,2.19,59.64,63.22,A,5.9,No,Yes,High School,Medium,4,8.5,30.82,Medio,16.83,54.76,10.72
S1765,John,Williams,student765@university.com,Female,23,Mathematics,98.36,82.15,91.72,68.34,69.2,8.89,61.67,71.39,A,10.3,Yes,Yes,Unknown,Medium,6,7.9,26.89,Bajo,9.57,72.03,6.93
S1766,Ahmed,Jones,student766@university.com,Female,21,Cs,53.52,79.78,79.67,84.11,86.06,1.3,78.19,63.67,D,9.4,Yes,Yes,Master'S,Low,6,7.6,43.75,Medio,-0.11,65.34,6.77
S1767,Liam,Williams,student767@university.com,Female,21,Cs,73.56,62.94,41.83,79.51,64.88,6.16,66.06,81.22,A,13.2,No,Yes,Phd,Low,4,5.2,35.44,Medio,-21.11,68.01,6.15
S1768,Maria,Brown,student768@university.com,Female,19,Mathematics,77.42,64.85,91.48,81.47,93.98,6.92,91.74,90.91,C,24.4,No,Yes,Unknown,Low,10,8.9,41.25,Medio,26.63,84.1,3.73
S1769,Ali,Smith,student769@university.com,Female,22,Cs,54.65,60.88,83.95,67.15,58.28,6.58,54.89,75.91,D,27.7,No,Yes,Master'S,Medium,5,8.6,37.65,Medio,23.07,61.53,2.74
S1770,Ahmed,Davis,student770@university.com,Female,22,Mathematics,68.87,54.12,62.71,71.44,63.23,3.16,95.7,52.29,B,5.3,Yes,Yes,High School,Medium,1,6.4,37.01,Medio,8.59,65.49,9.87
S1771,Ahmed,Smith,student771@university.com,Male,22,Cs,65.85,67.49,59.72,77.9,57.24,8.76,92.03,96.99,D,11.4,Yes,Yes,Unknown,High,9,4.2,48.78,Medio,-7.77,78.69,8.51
S1772,Ali,Jones,student772@university.com,Male,20,Business,76.8,81.19,68.79,91.96,55.21,7.7,86.93,64.71,B,5.6,Yes,Yes,High School,Medium,7,6.6,39.3,Medio,-12.4,77.78,11.56
S1773,Maria,Smith,student773@university.com,Female,24,Cs,83.06,84.52,92.03,88.15,65.02,5.1,63.13,95.73,D,26.5,No,Yes,Phd,High,5,4.8,21.21,Bajo,7.51,66.82,3.61
S1774,Sara,Brown,student774@university.com,Female,24,Mathematics,85.17,86.73,55.12,74.81,99.96,6.03,85.75,90.65,A,10.0,No,Yes,Bachelor'S,High,5,7.0,28.06,Bajo,-31.61,80.2,9.07
S1775,Ahmed,Davis,student775@university.com,Male,22,Cs,56.84,62.48,46.06,62.28,54.72,5.66,71.94,70.66,F,24.3,No,Yes,Bachelor'S,High,6,8.9,40.32,Medio,-16.42,61.38,2.91
S1776,Ali,Jones,student776@university.com,Male,19,Engineering,90.65,85.88,91.88,51.33,60.65,9.47,81.69,52.84,A,5.8,Yes,Yes,Unknown,Medium,8,7.8,35.16,Medio,6.0,72.09,9.11
S1777,Liam,Davis,student777@university.com,Female,20,Cs,83.93,40.39,41.58,74.81,63.58,8.96,65.63,97.39,A,15.0,No,No,Master'S,Low,3,5.6,35.45,Medio,1.19,73.4,6.49
S1778,Liam,Williams,student778@university.com,Male,24,Cs,94.45,68.62,94.66,61.22,80.96,2.35,91.79,82.95,A,14.0,No,Yes,Bachelor'S,Low,8,6.0,34.91,Medio,26.04,64.37,5.92
S1779,John,Smith,student779@university.com,Male,22,Business,72.47,87.63,58.34,89.97,87.27,2.63,52.03,62.48,A,13.2,No,Yes,Unknown,High,3,8.7,26.19,Bajo,-29.29,63.89,4.73
S1780,Ali,Davis,student780@university.com,Female,20,Engineering,75.725,77.8,70.49,95.24,87.6,9.81,84.57,76.68,A,19.3,No,Yes,Phd,Low,10,4.6,40.51,Medio,-7.31,91.38,3.97
S1781,John,Johnson,student781@university.com,Female,19,Mathematics,75.725,68.44,47.94,69.59,50.43,2.37,91.43,81.77,D,14.8,No,Yes,Unknown,Low,5,8.5,34.45,Medio,-20.5,58.79,5.52
S1782,Liam,Smith,student782@university.com,Female,22,Engineering,71.92,78.68,94.14,78.16,82.59,9.53,82.32,61.33,B,15.1,No,Yes,Bachelor'S,Low,5,4.4,32.56,Medio,15.46,84.59,4.06
S1783,Maria,Williams,student783@university.com,Male,18,Business,69.06,94.42,84.99,85.3,81.54,6.5,59.6,54.68,C,9.7,No,Yes,Master'S,Medium,2,6.1,24.88,Bajo,-9.43,72.86,5.64
S1784,Sara,Davis,student784@university.com,Female,23,Engineering,96.64,73.98,95.45,97.65,75.88,0.5,64.25,63.37,A,15.4,No,Yes,Phd,High,1,7.7,16.28,Bajo,21.47,60.7,4.11
S1785,Ali,Jones,student785@university.com,Female,19,Mathematics,75.725,87.99,80.99,95.65,68.96,3.36,75.75,52.38,F,23.5,No,Yes,Bachelor'S,Medium,3,6.0,19.79,Bajo,-7.0,68.49,2.23
S1786,Omar,Williams,student786@university.com,Male,21,Mathematics,96.41,98.84,51.08,52.86,89.87,4.76,66.47,53.5,A,13.1,No,Yes,Bachelor'S,Low,10,6.9,30.05,Medio,-47.76,64.2,4.08
S1787,Liam,Johnson,student787@university.com,Female,21,Cs,89.85,82.33,58.5,62.41,67.19,8.33,50.25,57.83,A,26.4,No,Yes,Unknown,Medium,4,6.5,17.32,Bajo,-23.83,65.79,2.19
S1788,Liam,Davis,student788@university.com,Male,19,Business,80.46,74.4,69.21,52.46,61.5,3.29,52.03,57.92,F,9.2,No,Yes,Unknown,Medium,7,7.0,38.25,Medio,-5.19,49.72,6.3
S1789,Omar,Brown,student789@university.com,Male,21,Business,55.79,42.25,76.44,80.83,65.5,3.11,88.39,62.4,D,26.2,No,Yes,Unknown,Low,7,4.9,48.03,Medio,34.19,66.46,2.38
S1790,Emma,Smith,student790@university.com,Male,24,Cs,64.57,62.47,95.59,85.52,71.98,9.2,54.19,96.87,F,20.4,No,Yes,Unknown,High,9,6.9,46.24,Medio,33.12,75.92,4.75
S1791,Liam,Jones,student791@university.com,Male,19,Engineering,98.44,73.93,63.04,74.81,60.7,0.79,96.4,78.79,A,15.6,No,Yes,Unknown,Medium,4,8.9,22.23,Bajo,-10.89,59.95,5.05
S1792,Ahmed,Brown,student792@university.com,Male,18,Cs,65.97,87.83,82.18,92.69,80.38,5.52,72.14,71.13,C,5.9,No,Yes,High School,Low,3,5.0,32.06,Medio,-5.65,75.1,12.06
S1793,Maria,Davis,student793@university.com,Male,19,Business,54.66,66.29,97.66,72.64,94.21,5.04,87.91,78.19,F,8.2,No,Yes,Unknown,Low,3,4.3,41.33,Medio,31.37,76.29,9.54
S1794,Ali,Davis,student794@university.com,Female,22,Cs,85.38,97.6,49.14,99.92,79.77,0.57,56.28,50.29,A,15.4,No,Yes,Phd,Low,10,6.0,33.14,Medio,-48.46,60.42,3.27
S1795,Omar,Williams,student795@university.com,Female,22,Cs,86.7,56.31,91.76,50.02,72.33,0.88,96.33,94.74,A,26.9,Yes,Yes,Unknown,High,10,5.9,39.31,Medio,35.45,56.87,3.52
S1796,Ahmed,Davis,student796@university.com,Female,20,Engineering,75.725,84.67,65.24,55.47,89.84,3.82,51.69,76.62,D,28.9,No,Yes,Bachelor'S,Medium,1,4.6,13.65,Bajo,-19.43,58.8,2.65
S1797,Omar,Jones,student797@university.com,Male,21,Engineering,64.88,65.14,83.95,65.09,87.4,1.34,52.11,72.58,A,28.2,Yes,Yes,Unknown,Low,6,6.9,34.76,Medio,18.81,54.5,2.57
S1798,Ali,Brown,student798@university.com,Female,23,Business,73.44,69.16,57.61,51.28,68.35,4.78,52.73,97.08,C,11.9,Yes,Yes,Bachelor'S,Low,4,6.2,34.26,Medio,-11.55,55.04,8.16
S1799,John,Jones,student799@university.com,Male,21,Mathematics,51.09,88.15,60.04,89.12,80.21,6.09,55.17,86.52,D,11.4,No,Yes,Phd,Medium,5,8.2,38.86,Medio,-28.11,71.35,7.59
S1800,Ali,Johnson,student800@university.com,Female,24,Engineering,89.47,57.77,41.63,52.64,86.49,6.91,74.34,66.87,A,23.5,Yes,Yes,Master'S,Low,2,6.1,21.83,Bajo,-16.14,70.64,2.85
S1801,Emma,Johnson,student801@university.com,Male,19,Cs,65.85,45.81,98.28,87.45,62.27,5.46,89.41,96.81,F,28.5,Yes,Yes,Unknown,Medium,8,8.9,44.52,Medio,52.47,73.43,3.4
S1802,Ali,Smith,student802@university.com,Female,23,Business,92.69,71.22,88.81,52.63,68.31,3.8,64.25,92.6,A,8.3,No,Yes,Master'S,Low,10,7.9,42.04,Medio,17.59,55.8,11.16
S1803,Ali,Smith,student803@university.com,Male,23,Engineering,90.13,71.73,45.64,62.64,55.29,1.3,87.29,97.73,B,14.4,No,Yes,Master'S,High,3,6.4,24.18,Bajo,-26.09,54.56,6.79
S1804,Emma,Johnson,student804@university.com,Female,21,Engineering,83.07,87.83,99.97,74.81,99.38,2.47,88.7,54.81,A,25.9,No,Yes,Unknown,Medium,7,6.8,24.96,Bajo,12.14,71.9,2.12
S1805,Maria,Davis,student805@university.com,Male,23,Cs,66.24,98.1,76.3,74.81,54.29,4.19,95.41,97.76,C,17.3,No,Yes,Unknown,Low,9,8.3,36.51,Medio,-21.8,66.6,5.65
S1806,Liam,Jones,student806@university.com,Female,23,Engineering,75.82,43.32,91.22,70.73,58.43,9.24,57.47,77.14,A,26.1,No,No,Unknown,Low,9,7.9,45.19,Medio,47.9,69.76,2.96
S1807,Ali,Johnson,student807@university.com,Male,22,Cs,72.24,75.5,44.0,98.5,73.99,2.03,56.78,83.61,B,7.9,No,Yes,Unknown,Medium,8,7.3,43.67,Medio,-31.5,62.39,10.58
S1808,Emma,Smith,student808@university.com,Female,18,Business,66.94,80.88,63.37,81.34,93.26,4.13,56.1,60.61,F,24.4,Yes,Yes,High School,Medium,3,5.3,24.55,Bajo,-17.51,68.0,2.48
S1809,Ahmed,Johnson,student809@university.com,Female,19,Engineering,92.41,99.15,80.18,70.79,67.79,7.32,67.97,57.02,B,14.7,No,Yes,High School,Medium,5,6.1,19.45,Bajo,-18.97,69.94,3.88
S1810,John,Davis,student810@university.com,Female,21,Business,74.18,96.56,46.39,90.14,88.43,7.05,74.47,53.97,D,22.3,No,Yes,Bachelor'S,High,10,7.9,33.92,Medio,-50.17,80.88,2.42
S1811,John,Johnson,student811@university.com,Male,22,Engineering,75.725,82.75,69.33,64.77,83.8,9.66,73.08,71.12,D,12.3,Yes,Yes,Unknown,Low,1,7.1,22.52,Bajo,-13.42,79.56,5.78
S1812,Ali,Jones,student812@university.com,Male,24,Cs,55.26,71.31,66.56,74.81,81.93,1.91,62.85,61.07,C,22.3,No,Yes,Master'S,Low,7,8.8,41.45,Medio,-4.75,59.67,2.74
S1813,Maria,Brown,student813@university.com,Male,24,Business,57.05,49.69,52.96,82.83,92.25,0.17,81.1,54.08,D,22.6,Yes,Yes,Master'S,Medium,4,8.4,40.49,Medio,3.27,64.47,2.39
S1814,Maria,Davis,student814@university.com,Male,20,Engineering,75.725,63.05,58.02,69.52,50.71,3.22,66.91,97.75,F,15.5,No,Yes,High School,Medium,9,6.1,44.61,Medio,-5.03,54.84,6.31
S1815,Ahmed,Smith,student815@university.com,Male,23,Cs,75.725,75.11,98.03,56.8,96.46,1.5,68.3,86.67,F,29.2,No,Yes,Unknown,Medium,10,5.5,36.36,Medio,22.92,59.14,2.97
S1816,Ali,Jones,student816@university.com,Female,23,Engineering,75.49,83.51,57.32,74.81,91.46,5.48,55.28,75.89,D,5.0,Yes,Yes,Unknown,Low,8,4.6,41.58,Medio,-26.19,69.09,15.18
S1817,John,Johnson,student817@university.com,Male,21,Cs,76.16,78.12,52.81,89.39,96.89,8.99,79.61,87.17,A,21.9,No,Yes,High School,High,10,6.0,38.96,Medio,-25.31,88.95,3.98
S1818,Maria,Johnson,student818@university.com,Female,18,Business,60.76,82.85,72.17,83.8,89.68,6.88,82.76,80.57,F,27.7,Yes,Yes,High School,Low,7,5.1,33.36,Medio,-10.68,81.26,2.91
S1819,Ali,Brown,student819@university.com,Female,18,Engineering,85.94,65.75,80.26,70.59,93.93,1.36,87.9,58.9,B,26.4,No,Yes,Master'S,Low,10,4.1,37.0,Medio,14.51,66.5,2.23
S1820,Omar,Smith,student820@university.com,Male,21,Business,54.24,83.66,83.51,94.81,60.15,1.16,95.2,81.67,F,19.1,No,Yes,Phd,Low,4,4.7,33.03,Medio,-0.15,65.44,4.28
S1821,Maria,Smith,student821@university.com,Female,21,Cs,78.67,48.62,85.25,70.54,65.96,9.11,88.3,84.05,B,27.4,Yes,Yes,Phd,Low,2,6.3,26.4,Bajo,36.63,78.97,3.07
S1822,Emma,Williams,student822@university.com,Male,22,Cs,78.54,49.76,42.21,74.81,65.76,4.88,61.79,61.87,B,7.7,No,Yes,Master'S,High,3,8.5,38.18,Medio,-7.55,62.79,8.04
S1823,Omar,Smith,student823@university.com,Male,24,Mathematics,95.71,49.77,63.63,74.81,55.46,9.24,61.78,66.01,A,18.6,No,Yes,Master'S,Low,8,5.6,37.83,Medio,13.86,71.11,3.55
S1824,Liam,Brown,student824@university.com,Male,21,Business,76.31,93.45,86.44,92.04,86.48,7.36,95.75,69.17,C,29.5,Yes,Yes,Master'S,Medium,6,6.2,21.62,Bajo,-7.01,86.97,2.34
S1825,Maria,Williams,student825@university.com,Female,24,Cs,75.725,44.56,94.29,75.56,56.81,9.93,89.51,80.13,D,29.8,No,Yes,Phd,Low,3,5.9,29.67,Bajo,49.73,80.3,2.69
S1826,John,Williams,student826@university.com,Male,20,Cs,78.64,88.09,76.13,84.03,52.63,8.71,89.11,56.34,A,22.0,No,Yes,Unknown,Low,10,5.8,35.05,Medio,-11.96,78.22,2.56
S1827,Sara,Johnson,student827@university.com,Male,24,Cs,54.57,54.01,43.14,70.68,88.77,4.14,85.99,87.17,C,9.2,No,Yes,High School,High,2,7.6,42.32,Medio,-10.87,71.71,9.48
S1828,Omar,Johnson,student828@university.com,Male,22,Engineering,60.19,68.11,63.8,82.36,95.23,7.58,63.36,67.3,D,7.8,No,Yes,Bachelor'S,High,8,6.5,50.16,Medio,-4.31,79.19,8.63
S1829,Liam,Smith,student829@university.com,Female,23,Business,51.56,94.96,44.45,62.88,88.21,4.71,92.37,84.59,C,28.1,Yes,No,Unknown,Low,9,6.0,37.19,Medio,-50.51,72.64,3.01
S1830,Ahmed,Williams,student830@university.com,Male,23,Business,75.725,75.16,84.91,71.74,91.27,2.33,57.14,96.64,D,27.0,No,Yes,Unknown,Medium,7,8.7,30.78,Medio,9.75,60.86,3.58
S1831,Ahmed,Johnson,student831@university.com,Female,24,Engineering,54.23,52.61,43.81,60.48,79.78,2.41,67.5,93.49,C,12.9,No,No,Bachelor'S,High,5,5.4,47.68,Medio,-8.8,57.96,7.25
S1832,John,Brown,student832@university.com,Female,23,Business,73.47,57.05,51.14,51.91,94.39,3.97,67.32,86.88,C,28.3,No,Yes,Phd,Medium,8,8.2,38.58,Medio,-5.91,63.33,3.07
S1833,Maria,Johnson,student833@university.com,Male,23,Engineering,96.65,95.23,65.02,79.43,74.84,1.11,78.01,59.67,B,8.3,No,Yes,Unknown,Medium,3,6.6,17.9,Bajo,-30.21,60.84,7.19
S1834,Ali,Davis,student834@university.com,Female,19,Cs,85.99,65.63,67.76,93.22,99.42,1.78,73.17,86.6,A,12.4,No,Yes,Phd,Medium,4,6.2,30.68,Medio,2.13,70.9,6.98
S1835,Maria,Davis,student835@university.com,Female,20,Engineering,75.725,75.22,64.39,51.28,55.17,5.01,72.99,81.79,F,21.1,No,Yes,Bachelor'S,Medium,3,4.3,24.82,Bajo,-10.83,57.39,3.88
S1836,John,Johnson,student836@university.com,Male,22,Mathematics,61.21,67.6,67.8,59.8,90.46,9.54,77.68,88.63,C,9.3,No,Yes,Phd,Low,3,8.3,38.09,Medio,0.2,80.83,9.53
S1837,Ahmed,Williams,student837@university.com,Male,22,Business,83.68,62.71,82.79,73.01,82.07,5.78,70.77,93.44,B,29.7,No,Yes,High School,Medium,8,5.4,32.6,Medio,20.08,70.91,3.15
S1838,Maria,Williams,student838@university.com,Male,23,Engineering,94.74,53.4,62.16,83.29,79.03,4.08,62.5,65.57,A,10.6,No,Yes,Bachelor'S,Medium,3,7.4,29.97,Bajo,8.76,66.4,6.19
S1839,Ahmed,Jones,student839@university.com,Female,18,Engineering,51.65,81.17,72.87,58.56,86.29,2.43,83.21,82.22,F,11.1,No,Yes,Unknown,High,6,8.4,43.13,Medio,-8.3,63.09,7.41
S1840,Omar,Davis,student840@university.com,Male,22,Mathematics,90.62,83.09,58.2,52.83,92.01,1.96,89.53,63.76,B,16.9,No,Yes,High School,Low,7,6.7,28.24,Bajo,-24.89,63.49,3.77
S1841,Liam,Brown,student841@university.com,Female,20,Engineering,75.725,56.49,61.22,75.95,93.14,6.58,73.95,67.31,F,24.5,No,No,Phd,Low,1,7.2,24.3,Bajo,4.73,77.21,2.75
S1842,Ali,Williams,student842@university.com,Female,21,Cs,77.3,87.34,76.83,90.94,58.77,8.48,82.47,76.03,B,8.0,Yes,Yes,Bachelor'S,Low,8,5.7,38.3,Medio,-10.51,79.24,9.5
S1843,Omar,Smith,student843@university.com,Female,20,Mathematics,97.89,91.27,69.43,51.76,59.85,3.99,76.77,71.71,B,21.7,No,Yes,Phd,Medium,8,7.6,23.06,Bajo,-21.84,57.07,3.3
S1844,Ahmed,Davis,student844@university.com,Female,23,Business,87.38,95.24,83.38,67.47,50.81,5.51,52.95,80.03,B,7.5,Yes,Yes,Bachelor'S,Medium,4,7.3,23.76,Bajo,-11.86,56.58,10.67
S1845,Ahmed,Brown,student845@university.com,Female,23,Cs,92.51,49.67,73.63,83.18,56.59,7.07,71.15,87.94,A,7.4,No,No,Unknown,Low,8,6.2,44.58,Medio,23.96,70.4,11.88
S1846,Sara,Brown,student846@university.com,Male,19,Engineering,67.7,58.24,88.21,56.54,63.19,0.58,50.49,80.25,A,6.0,No,Yes,Unknown,Medium,6,7.2,46.94,Medio,29.97,44.0,13.38
S1847,Sara,Williams,student847@university.com,Male,24,Engineering,77.72,91.62,66.6,61.8,86.05,3.51,83.09,98.49,F,18.6,Yes,Yes,Bachelor'S,Medium,7,5.3,29.35,Bajo,-25.02,66.51,5.3
S1848,Omar,Brown,student848@university.com,Female,22,Cs,80.77,51.91,69.46,76.77,73.79,7.3,75.41,86.91,A,15.9,No,Yes,Unknown,Low,3,7.3,32.65,Medio,17.55,74.74,5.47
S1849,Emma,Williams,student849@university.com,Female,24,Mathematics,66.08,40.21,80.2,97.66,87.9,6.85,56.34,99.25,A,12.7,Yes,Yes,Master'S,Low,3,7.4,42.9,Medio,39.99,77.6,7.81
S1850,Omar,Johnson,student850@university.com,Male,24,Engineering,78.51,92.25,53.27,64.37,74.33,0.53,77.11,87.17,C,18.2,No,Yes,Bachelor'S,High,10,6.2,35.75,Medio,-38.98,55.28,4.79
S1851,Sara,Davis,student851@university.com,Male,22,Business,61.83,59.59,63.16,74.38,77.78,2.38,94.92,75.4,A,17.5,Yes,Yes,High School,Medium,10,5.2,51.73,Medio,3.57,67.72,4.31
S1852,Ahmed,Jones,student852@university.com,Female,22,Cs,57.17,64.87,77.49,70.0,55.55,6.8,67.02,70.55,F,16.8,Yes,No,Unknown,Medium,9,8.0,49.91,Medio,12.62,65.14,4.2
S1853,John,Johnson,student853@university.com,Female,23,Engineering,68.7,66.78,41.73,94.87,88.83,2.71,99.12,86.78,F,9.3,No,Yes,Bachelor'S,High,10,7.8,51.27,Medio,-25.05,77.48,9.33
S1854,Omar,Davis,student854@university.com,Male,22,Cs,86.96,90.9,66.22,53.59,87.91,8.14,97.97,84.36,A,27.4,Yes,No,Bachelor'S,Low,10,4.3,28.59,Bajo,-24.68,80.22,3.08
S1855,Ahmed,Williams,student855@university.com,Male,18,Business,95.81,60.27,75.93,78.31,65.38,0.3,89.27,83.44,B,20.5,No,Yes,Bachelor'S,Low,9,6.5,35.91,Medio,15.66,58.99,4.07
S1856,John,Davis,student856@university.com,Female,18,Engineering,75.725,93.54,98.04,92.31,66.43,1.9,90.69,86.09,B,8.2,No,Yes,High School,Medium,3,4.5,25.78,Bajo,4.5,67.11,10.5
S1857,John,Williams,student857@university.com,Male,21,Engineering,82.14,77.02,92.62,74.81,60.98,2.81,70.53,93.61,C,11.4,No,Yes,Phd,Low,9,5.6,40.22,Medio,15.6,58.6,8.21
S1858,Sara,Johnson,student858@university.com,Male,22,Cs,55.15,71.64,56.84,84.94,90.69,9.25,70.13,61.39,F,24.1,Yes,Yes,Unknown,High,3,6.1,31.6,Medio,-14.8,84.56,2.55
S1859,Omar,Smith,student859@university.com,Female,19,Cs,95.22,59.54,70.43,69.0,87.35,7.96,97.72,78.24,B,24.4,Yes,Yes,High School,Low,4,4.9,23.28,Bajo,10.89,83.42,3.21
S1860,Maria,Smith,student860@university.com,Female,21,Cs,78.43,54.62,43.38,70.59,80.46,8.84,68.31,80.17,F,23.1,Yes,Yes,Unknown,Low,3,6.3,29.06,Bajo,-11.24,76.94,3.47
S1861,Ali,Davis,student861@university.com,Female,23,Cs,89.02,77.44,54.45,67.58,61.94,4.4,54.84,64.64,B,24.8,No,Yes,Unknown,Low,5,7.5,22.1,Bajo,-22.99,57.09,2.61
S1862,Sara,Smith,student862@university.com,Male,22,Engineering,89.72,66.81,86.49,74.81,58.59,8.23,57.64,99.4,A,20.0,Yes,Yes,Unknown,High,4,6.2,25.22,Bajo,19.68,68.34,4.97
S1863,Sara,Williams,student863@university.com,Female,18,Engineering,62.82,94.63,47.4,86.97,52.51,8.53,85.52,89.28,A,12.2,No,Yes,Master'S,Medium,9,5.2,41.3,Medio,-47.23,77.57,7.32
S1864,Maria,Brown,student864@university.com,Male,19,Engineering,76.46,69.5,55.46,90.97,52.28,4.0,69.15,66.06,F,13.9,No,Yes,Unknown,Medium,2,6.1,27.66,Bajo,-14.04,63.1,4.75
S1865,Ali,Williams,student865@university.com,Female,21,Engineering,98.02,70.71,96.64,74.81,59.36,9.94,59.97,67.92,A,17.7,Yes,Yes,High School,Low,10,7.0,35.63,Medio,25.93,73.38,3.84
S1866,Ahmed,Brown,student866@university.com,Female,19,Cs,54.48,65.0,89.43,85.84,55.03,8.51,90.69,85.91,D,11.2,Yes,Yes,High School,Low,8,8.7,51.39,Medio,24.43,79.16,7.67
S1867,Emma,Johnson,student867@university.com,Male,22,Cs,84.15,87.36,86.91,95.81,77.81,9.74,74.43,50.57,A,26.3,No,Yes,Unknown,High,3,6.5,15.63,Bajo,-0.45,86.36,1.92
S1868,Omar,Jones,student868@university.com,Male,20,Cs,98.11,65.49,91.87,96.04,67.9,8.66,78.38,73.2,A,23.7,No,Yes,Unknown,Medium,9,8.4,31.94,Medio,26.38,82.23,3.09
S1869,Emma,Brown,student869@university.com,Female,19,Business,65.03,56.16,84.98,85.2,72.25,7.76,57.7,67.16,A,29.5,No,Yes,Phd,Low,2,8.9,27.86,Bajo,28.82,73.19,2.28
S1870,Ahmed,Smith,student870@university.com,Female,19,Engineering,93.07,91.72,47.24,81.85,79.7,9.44,59.64,92.7,A,15.4,Yes,Yes,Master'S,Medium,7,6.8,25.54,Bajo,-44.48,78.9,6.02
S1871,Liam,Williams,student871@university.com,Male,23,Cs,96.68,75.81,70.99,76.58,82.96,4.2,56.29,89.56,B,26.8,No,Yes,High School,Medium,6,4.7,21.13,Bajo,-4.82,64.46,3.34
S1872,Sara,Johnson,student872@university.com,Female,18,Cs,87.35,75.49,66.65,59.16,82.41,7.83,75.73,66.6,A,24.5,No,Yes,Master'S,Low,8,8.4,30.09,Medio,-8.84,73.9,2.72
S1873,Ali,Smith,student873@university.com,Male,22,Business,61.57,76.65,58.67,74.81,63.04,2.13,88.78,93.24,A,25.8,Yes,Yes,Unknown,Medium,3,8.3,27.0,Bajo,-17.98,61.98,3.61
S1874,Sara,Johnson,student874@university.com,Male,19,Business,66.7,83.13,90.04,74.29,90.48,7.33,86.61,95.68,B,22.2,No,Yes,Master'S,Low,6,8.3,31.73,Medio,6.91,81.17,4.31
S1875,John,Jones,student875@university.com,Female,22,Engineering,51.79,58.78,67.85,57.97,95.89,7.85,63.06,77.62,D,13.7,No,Yes,Unknown,High,2,8.8,39.61,Medio,9.07,73.86,5.67
S1876,Sara,Williams,student876@university.com,Male,18,Engineering,91.57,42.03,43.62,78.85,65.8,7.17,92.58,57.96,A,11.1,No,Yes,Unknown,Medium,10,5.4,49.79,Medio,1.59,77.23,5.22
S1877,Sara,Davis,student877@university.com,Male,23,Cs,92.48,88.64,56.5,82.29,50.85,8.5,55.28,88.52,B,11.8,No,No,Unknown,High,10,5.7,35.14,Medio,-32.14,68.36,7.5
S1878,Ahmed,Williams,student878@university.com,Male,22,Mathematics,81.64,47.73,53.72,76.28,94.96,4.13,55.7,65.97,F,19.2,Yes,Yes,Phd,Medium,7,7.4,40.84,Medio,5.99,67.06,3.44
S1879,Ahmed,Jones,student879@university.com,Female,24,Business,67.63,83.31,93.25,51.82,96.18,5.45,92.47,76.36,C,27.0,No,Yes,Phd,Medium,3,6.8,22.28,Bajo,9.94,73.74,2.83
S1880,Ahmed,Williams,student880@university.com,Male,18,Cs,53.84,44.94,78.85,52.89,52.55,0.11,62.22,52.28,C,16.2,No,Yes,Unknown,Medium,5,8.3,48.46,Medio,33.91,42.19,3.23
S1881,Emma,Davis,student881@university.com,Female,18,Business,87.65,62.52,73.62,74.81,50.25,1.46,85.41,75.0,A,20.0,Yes,Yes,Master'S,Medium,3,5.3,25.01,Bajo,11.1,56.27,3.75
S1882,John,Brown,student882@university.com,Female,21,Business,86.33,43.78,70.4,57.68,90.82,6.44,50.45,69.01,A,23.3,No,Yes,Unknown,Medium,10,7.3,45.0,Medio,26.62,65.84,2.96
S1883,Liam,Johnson,student883@university.com,Female,23,Cs,95.63,71.33,79.01,99.49,65.07,5.62,54.68,84.3,B,26.4,Yes,Yes,Unknown,Medium,1,8.7,11.93,Bajo,7.68,68.86,3.19
S1884,Liam,Davis,student884@university.com,Male,23,Engineering,86.53,79.19,85.29,67.22,95.73,1.97,80.46,52.04,A,21.2,No,No,Bachelor'S,Medium,1,5.1,15.36,Bajo,6.1,65.78,2.45
S1885,Ahmed,Smith,student885@university.com,Male,24,Cs,91.43,50.29,73.26,64.6,60.84,2.43,59.12,81.25,B,20.7,Yes,Yes,Unknown,High,10,5.5,42.56,Medio,22.97,52.22,3.93
S1886,Ali,Jones,student886@university.com,Female,22,Cs,87.3,62.3,96.3,52.61,93.06,3.44,51.41,88.6,A,29.7,No,Yes,Phd,Medium,4,6.0,22.57,Bajo,34.0,57.87,2.98
S1887,Emma,Brown,student887@university.com,Female,20,Business,81.53,95.81,98.61,81.77,53.43,7.16,73.35,50.64,A,26.6,No,Yes,Unknown,High,5,4.4,18.31,Bajo,2.8,70.04,1.9
S1888,Maria,Smith,student888@university.com,Male,24,Cs,71.35,66.54,99.72,82.61,63.03,6.1,66.53,87.5,A,23.3,No,Yes,Unknown,High,1,4.9,23.42,Bajo,33.18,68.29,3.76
S1889,Ali,Smith,student889@university.com,Female,21,Business,95.11,88.15,80.16,58.77,98.66,0.7,90.11,56.51,A,25.8,Yes,Yes,Bachelor'S,Medium,10,5.9,27.37,Bajo,-7.99,63.64,2.19
S1890,Omar,Jones,student890@university.com,Female,23,Mathematics,75.725,95.63,95.96,95.96,61.56,7.6,90.94,84.9,A,30.0,No,No,Unknown,High,3,4.4,14.25,Bajo,0.33,81.11,2.83
S1891,Omar,Brown,student891@university.com,Male,18,Cs,69.92,98.46,64.27,90.02,56.65,2.63,80.72,72.76,B,17.6,No,Yes,Unknown,Medium,3,5.8,21.63,Bajo,-34.19,63.42,4.13
S1892,Ali,Smith,student892@university.com,Female,23,Engineering,54.17,93.9,91.58,61.52,92.85,6.72,64.65,77.6,F,22.6,Yes,Yes,Phd,High,2,5.2,23.79,Bajo,-2.32,71.56,3.43
S1893,Ahmed,Smith,student893@university.com,Male,24,Business,75.725,59.04,94.55,74.29,55.89,1.23,73.08,66.87,B,25.3,No,Yes,Unknown,Low,6,8.3,34.25,Medio,35.51,53.89,2.64
S1894,Maria,Brown,student894@university.com,Male,20,Business,77.19,97.75,94.25,72.92,54.87,9.98,85.11,62.27,D,16.1,Yes,Yes,Phd,Low,2,7.0,17.83,Bajo,-3.5,78.18,3.87
S1895,Maria,Williams,student895@university.com,Female,19,Business,63.78,88.74,89.85,67.43,66.17,0.8,53.47,53.55,B,28.9,No,No,Master'S,Medium,4,8.5,23.27,Bajo,1.11,48.77,1.85
S1896,Emma,Smith,student896@university.com,Male,19,Cs,61.06,90.23,64.4,90.88,81.77,7.42,66.62,93.23,D,14.6,Yes,Yes,Unknown,Low,5,5.0,33.15,Medio,-25.83,78.37,6.39
S1897,Maria,Johnson,student897@university.com,Male,23,Engineering,76.37,40.91,49.53,55.46,85.54,5.41,91.12,80.52,C,11.1,No,Yes,Master'S,Medium,3,4.4,39.89,Medio,8.62,71.56,7.25
S1898,Omar,Brown,student898@university.com,Male,23,Engineering,58.49,97.25,60.04,70.77,94.06,0.86,70.3,99.14,C,21.9,No,Yes,High School,Low,1,5.8,19.4,Bajo,-37.21,60.93,4.53
S1899,John,Smith,student899@university.com,Female,21,Mathematics,90.02,86.69,86.04,71.4,77.05,0.27,81.23,92.52,B,7.0,No,Yes,Unknown,High,1,4.3,18.99,Bajo,-0.65,58.1,13.22
S1900,Ahmed,Jones,student900@university.com,Female,23,Cs,74.22,86.08,53.97,73.44,69.67,3.63,54.82,93.48,D,8.2,No,Yes,Phd,Medium,1,8.4,24.1,Bajo,-32.11,58.56,11.4
S1901,Maria,Davis,student901@university.com,Female,20,Mathematics,78.69,44.89,68.7,74.81,67.94,8.02,88.85,79.89,C,29.3,Yes,Yes,Unknown,Low,6,4.9,35.45,Medio,23.81,77.95,2.73
S1902,Emma,Johnson,student902@university.com,Male,23,Cs,57.37,53.95,73.92,60.91,92.35,0.41,55.02,54.05,F,12.0,No,Yes,Phd,Medium,4,4.7,44.4,Medio,19.97,53.1,4.5
S1903,Omar,Davis,student903@university.com,Male,22,Mathematics,66.23,97.74,76.23,55.15,86.19,7.04,93.08,95.67,D,5.8,Yes,Yes,Phd,Medium,6,7.9,35.71,Medio,-21.51,76.2,16.49
S1904,John,Davis,student904@university.com,Female,24,Engineering,70.5,70.04,96.14,80.89,95.27,6.55,55.33,55.89,C,16.9,No,Yes,Unknown,High,1,7.6,25.86,Bajo,26.1,74.25,3.31
S1905,Sara,Smith,student905@university.com,Female,20,Engineering,75.725,63.87,79.69,58.69,98.2,2.66,94.54,75.86,A,26.7,No,Yes,Unknown,Medium,5,4.3,29.87,Bajo,15.82,69.51,2.84
S1906,Sara,Johnson,student906@university.com,Male,21,Engineering,88.51,90.4,87.18,53.75,65.0,0.77,68.19,92.84,A,13.3,Yes,Yes,Unknown,Low,1,6.5,15.25,Bajo,-3.22,48.66,6.98
S1907,John,Johnson,student907@university.com,Female,22,Cs,61.15,45.24,74.91,71.33,76.48,9.15,81.23,73.62,C,15.5,No,Yes,Unknown,High,4,6.2,43.94,Medio,29.67,80.14,4.75
S1908,Omar,Williams,student908@university.com,Female,22,Cs,80.81,65.02,90.01,60.98,81.59,3.0,92.33,58.28,A,8.9,No,Yes,Phd,High,9,5.9,45.54,Medio,24.99,66.22,6.55
S1909,Emma,Davis,student909@university.com,Female,24,Cs,62.17,62.54,55.82,68.06,58.19,1.11,50.51,68.66,D,13.7,No,Yes,Unknown,Low,6,4.6,43.74,Medio,-6.72,46.96,5.01
S1910,John,Johnson,student910@university.com,Female,19,Cs,99.41,60.99,52.59,62.99,52.67,6.82,63.28,99.42,A,29.1,Yes,Yes,Unknown,Low,4,7.9,19.03,Bajo,-8.4,61.78,3.42
S1911,Ahmed,Williams,student911@university.com,Female,20,Cs,97.61,58.46,95.58,54.63,93.39,2.17,95.42,99.99,A,26.9,Yes,Yes,High School,Medium,10,5.2,34.85,Medio,37.12,66.28,3.72
S1912,Ahmed,Brown,student912@university.com,Male,24,Business,78.16,52.6,81.61,78.02,76.78,4.76,69.41,85.54,D,23.5,No,Yes,High School,Medium,7,6.3,38.45,Medio,29.01,67.95,3.64
S1913,Sara,Williams,student913@university.com,Female,22,Engineering,84.95,50.37,80.29,51.35,78.54,0.5,85.32,94.4,A,24.7,No,Yes,Unknown,Medium,10,8.4,42.81,Medio,29.92,55.05,3.82
S1914,Maria,Jones,student914@university.com,Female,21,Cs,90.07,78.42,68.04,98.32,77.75,9.93,57.0,52.21,B,21.7,No,Yes,Unknown,Low,10,5.6,34.1,Medio,-10.38,83.09,2.41
S1915,Emma,Smith,student915@university.com,Male,24,Business,86.05,95.16,62.6,74.81,87.75,4.48,83.92,63.8,A,7.9,No,Yes,Unknown,Low,1,4.2,17.38,Bajo,-32.56,72.82,8.08
S1916,Sara,Brown,student916@university.com,Male,19,Engineering,84.99,70.53,73.34,84.76,57.28,9.99,53.66,68.45,B,7.9,No,Yes,High School,Medium,1,8.4,25.14,Bajo,2.81,73.9,8.66
S1917,Maria,Brown,student917@university.com,Male,22,Mathematics,75.725,57.88,47.23,90.52,80.7,3.86,85.87,50.6,C,18.4,Yes,Yes,Unknown,Low,5,6.5,35.82,Medio,-10.65,73.92,2.75
S1918,Maria,Jones,student918@university.com,Male,24,Engineering,79.82,49.55,67.28,63.96,73.47,3.48,66.19,68.85,C,19.9,Yes,Yes,Bachelor'S,Low,7,6.5,40.58,Medio,17.73,59.6,3.46
S1919,Liam,Williams,student919@university.com,Female,20,Cs,81.82,89.81,67.32,87.44,94.85,9.15,73.29,54.65,C,29.3,No,Yes,High School,Medium,9,6.8,27.55,Bajo,-22.49,86.77,1.87
S1920,Ahmed,Smith,student920@university.com,Female,19,Engineering,92.46,98.29,72.3,91.62,75.98,3.29,58.31,75.87,A,16.3,Yes,Yes,Unknown,Low,9,4.9,27.78,Bajo,-25.99,64.7,4.65
S1921,Omar,Williams,student921@university.com,Female,20,Engineering,83.49,60.95,78.08,62.07,97.15,4.32,81.39,50.22,F,27.9,Yes,Yes,Master'S,Medium,10,7.6,38.54,Medio,17.13,70.95,1.8
S1922,Ali,Johnson,student922@university.com,Female,20,Cs,86.65,57.46,97.44,99.62,67.66,0.78,66.88,63.52,B,29.8,No,Yes,Unknown,Medium,8,5.2,33.09,Medio,39.98,60.49,2.13
S1923,Omar,Williams,student923@university.com,Male,20,Cs,61.71,76.09,79.13,51.03,98.34,9.55,69.17,93.31,D,26.1,Yes,No,High School,Low,2,5.5,24.75,Bajo,3.04,78.51,3.58
S1924,Ali,Brown,student924@university.com,Male,24,Cs,68.56,86.52,93.02,60.85,93.76,0.85,82.61,60.65,F,15.0,No,Yes,Unknown,Medium,1,7.2,22.55,Bajo,6.5,61.43,4.04
S1925,John,Smith,student925@university.com,Female,19,Cs,57.37,67.32,73.38,89.0,79.21,7.71,58.94,53.24,C,23.8,No,Yes,Bachelor'S,Medium,3,7.7,32.27,Medio,6.06,76.06,2.24
S1926,Ahmed,Williams,student926@university.com,Female,24,Engineering,75.29,77.8,77.62,59.71,67.69,5.39,92.6,62.49,B,18.6,No,Yes,Unknown,Low,1,7.7,21.01,Bajo,-0.18,68.47,3.36
S1927,Maria,Smith,student927@university.com,Female,24,Engineering,72.79,82.99,44.19,84.91,68.8,0.61,86.96,91.38,F,10.0,No,No,High School,Medium,1,4.4,24.63,Bajo,-38.8,61.69,9.14
S1928,Emma,Smith,student928@university.com,Female,24,Cs,99.86,97.64,48.0,92.78,88.64,0.02,78.89,79.36,A,8.2,No,Yes,Unknown,Low,8,7.8,27.21,Bajo,-49.64,65.13,9.68
S1929,Ali,Johnson,student929@university.com,Male,22,Engineering,80.56,49.9,74.78,97.96,79.03,9.36,56.42,79.3,B,6.8,Yes,Yes,Unknown,Low,3,7.3,37.88,Medio,24.88,81.75,11.66
S1930,Omar,Johnson,student930@university.com,Female,23,Engineering,89.32,99.84,63.74,73.71,70.08,7.42,84.36,50.03,A,13.2,No,Yes,High School,Low,2,7.0,14.41,Bajo,-36.1,75.59,3.79
S1931,Maria,Brown,student931@university.com,Male,18,Cs,66.7,63.53,87.93,74.81,81.8,6.86,50.9,73.61,F,22.2,No,Yes,Master'S,Medium,6,8.8,37.61,Medio,24.4,69.03,3.32
S1932,Ali,Jones,student932@university.com,Male,22,Cs,91.58,83.39,72.59,70.58,86.66,4.39,90.22,63.28,A,27.8,No,Yes,Unknown,Medium,1,5.7,9.03,Bajo,-10.8,72.84,2.28
S1933,Ali,Smith,student933@university.com,Male,19,Cs,80.75,74.34,92.94,60.91,51.15,2.39,65.19,66.81,A,13.0,No,Yes,High School,Low,2,7.4,25.16,Bajo,18.6,50.29,5.14
S1934,Liam,Jones,student934@university.com,Male,18,Cs,84.85,69.2,98.34,75.7,54.49,6.8,55.86,79.93,A,18.3,Yes,Yes,Phd,High,4,6.9,27.06,Bajo,29.14,63.51,4.37
S1935,Ali,Brown,student935@university.com,Female,18,Cs,64.72,81.88,48.86,82.49,54.72,6.08,58.22,93.72,A,16.7,No,Yes,Unknown,Low,7,5.9,37.77,Medio,-33.02,64.06,5.61
S1936,Emma,Smith,student936@university.com,Female,18,Cs,77.43,63.75,63.69,72.9,61.6,7.26,98.16,59.08,B,7.7,No,Yes,Unknown,Low,2,7.9,32.15,Medio,-0.06,76.32,7.67
S1937,Ahmed,Smith,student937@university.com,Female,23,Engineering,81.7,47.57,79.9,78.35,71.35,3.66,88.69,88.41,C,24.0,Yes,Yes,High School,Low,4,6.0,31.8,Medio,32.33,68.75,3.68
S1938,Emma,Davis,student938@university.com,Female,24,Engineering,79.45,69.33,58.33,70.82,90.18,9.87,61.89,52.45,D,18.0,Yes,Yes,Master'S,Low,4,6.8,29.06,Bajo,-11.0,80.4,2.91
S1939,Sara,Jones,student939@university.com,Male,21,Cs,75.725,71.31,56.02,76.24,67.55,0.67,98.17,66.34,F,27.9,No,Yes,Unknown,High,8,6.8,33.71,Medio,-15.29,62.16,2.38
S1940,Maria,Williams,student940@university.com,Male,19,Cs,94.91,52.11,88.82,97.63,50.87,0.8,57.01,60.95,A,25.9,No,Yes,Master'S,Medium,7,6.6,31.53,Medio,36.71,53.38,2.35
S1941,Ahmed,Johnson,student941@university.com,Male,23,Engineering,98.55,96.14,98.82,74.99,74.17,9.17,86.68,95.78,A,12.0,No,No,Master'S,Medium,7,6.3,24.0,Bajo,2.68,81.89,7.98
S1942,Liam,Williams,student942@university.com,Female,23,Business,83.37,53.65,86.43,62.66,99.83,6.48,82.84,58.9,B,12.8,No,Yes,Phd,Medium,9,4.8,46.1,Medio,32.78,77.53,4.6
S1943,Ahmed,Jones,student943@university.com,Male,21,Business,98.6,64.55,71.42,87.94,67.45,3.26,91.07,78.93,A,18.4,No,Yes,Phd,Medium,3,5.2,21.37,Bajo,6.87,69.76,4.29
S1944,Ahmed,Johnson,student944@university.com,Male,18,Engineering,91.62,49.3,66.55,74.81,98.06,7.62,69.08,58.24,A,8.1,Yes,No,Master'S,High,3,4.6,33.54,Medio,17.25,79.54,7.19
S1945,Omar,Williams,student945@university.com,Male,24,Cs,63.54,72.15,72.38,90.81,55.07,4.53,70.09,73.67,B,11.3,No,Yes,Master'S,Low,10,7.6,50.47,Medio,0.23,65.32,6.52
S1946,Ahmed,Davis,student946@university.com,Male,21,Cs,75.725,58.46,67.77,52.84,58.65,0.21,81.23,70.67,D,25.5,No,Yes,Master'S,Low,9,7.7,40.99,Medio,9.31,48.7,2.77
S1947,Liam,Johnson,student947@university.com,Female,21,Business,61.92,69.36,70.17,66.61,86.21,6.51,69.91,52.07,D,8.8,Yes,Yes,Unknown,Low,2,7.2,35.34,Medio,0.81,71.96,5.92
S1948,Emma,Smith,student948@university.com,Male,23,Cs,50.21,53.48,52.21,54.72,75.06,2.43,52.07,91.29,F,18.7,No,Yes,Unknown,Low,3,8.6,41.48,Medio,-1.27,51.54,4.88
S1949,Ahmed,Williams,student949@university.com,Male,19,Mathematics,59.4,43.23,94.22,54.27,88.26,1.15,86.49,89.01,F,14.8,No,Yes,Unknown,Medium,9,5.3,56.62,Alto,50.99,60.13,6.01
S1950,John,Johnson,student950@university.com,Female,20,Engineering,50.2,86.75,85.27,82.92,93.18,2.25,82.05,63.89,D,10.0,No,Yes,Unknown,Low,10,8.1,51.4,Medio,-1.48,70.16,6.39
S1951,Maria,Davis,student951@university.com,Female,24,Engineering,85.99,78.47,80.86,69.27,62.55,4.76,71.19,80.7,A,29.2,Yes,Yes,Phd,High,6,4.9,22.87,Bajo,2.39,62.65,2.76
S1952,Ahmed,Johnson,student952@university.com,Female,21,Cs,71.28,60.44,97.0,93.57,84.14,0.5,65.14,68.13,A,25.6,No,Yes,High School,Low,5,4.3,33.01,Medio,36.56,61.96,2.66
S1953,Maria,Johnson,student953@university.com,Male,24,Engineering,65.63,42.85,57.06,75.82,80.38,8.83,66.04,88.46,C,11.7,No,Yes,Unknown,Low,9,4.0,56.1,Alto,14.21,77.64,7.56
S1954,John,Davis,student954@university.com,Male,21,Engineering,88.09,91.93,44.87,64.77,93.08,5.6,87.05,84.62,A,24.6,No,No,Master'S,High,7,6.9,22.62,Bajo,-47.06,75.22,3.44
S1955,John,Williams,student955@university.com,Male,18,Cs,75.725,50.19,89.57,86.04,71.51,2.93,86.46,54.52,D,5.2,No,Yes,High School,Medium,2,7.9,38.06,Medio,39.38,68.33,10.48
S1956,Maria,Brown,student956@university.com,Male,24,Cs,98.76,95.84,99.91,74.81,52.59,6.87,90.95,92.21,A,11.9,Yes,Yes,Unknown,Medium,10,8.1,30.73,Medio,4.07,71.76,7.75
S1957,Ali,Williams,student957@university.com,Female,18,Business,82.1,68.72,74.71,89.98,78.71,8.04,88.11,58.97,B,7.7,No,Yes,Bachelor'S,Low,9,6.4,44.58,Medio,5.99,84.3,7.66
S1958,Sara,Jones,student958@university.com,Male,23,Engineering,73.08,60.42,43.53,74.81,97.94,6.14,87.9,58.71,D,15.6,No,Yes,Bachelor'S,Low,6,4.3,39.61,Medio,-16.89,80.51,3.76
S1959,Omar,Davis,student959@university.com,Male,18,Engineering,65.26,84.51,86.83,58.35,50.73,2.02,62.59,86.69,A,20.9,No,Yes,Phd,High,3,4.2,25.8,Bajo,2.32,47.97,4.15
S1960,Ali,Williams,student960@university.com,Female,24,Cs,61.12,92.61,44.42,83.52,62.01,1.1,55.08,59.16,D,9.3,No,Yes,Bachelor'S,Medium,1,8.6,26.18,Bajo,-48.19,52.9,6.36
S1961,Ali,Johnson,student961@university.com,Female,22,Business,60.65,62.24,72.4,69.58,65.8,8.6,88.09,56.12,A,11.0,No,Yes,Phd,Low,4,4.5,41.27,Medio,10.16,77.37,5.1
S1962,Emma,Davis,student962@university.com,Female,24,Business,70.46,64.44,56.65,73.16,88.29,2.35,54.93,66.78,A,14.8,No,Yes,Phd,Low,8,7.9,44.16,Medio,-7.79,59.97,4.51
S1963,Omar,Smith,student963@university.com,Male,21,Engineering,99.59,65.99,94.9,96.08,66.16,0.2,99.11,91.94,B,20.8,No,Yes,Phd,Low,5,4.3,23.84,Bajo,28.91,65.84,4.42
S1964,Omar,Williams,student964@university.com,Male,18,Engineering,50.04,95.34,67.08,68.0,61.95,6.43,93.75,58.84,C,12.8,No,Yes,High School,High,5,4.9,36.37,Medio,-28.26,72.0,4.6
S1965,Ali,Davis,student965@university.com,Male,19,Engineering,59.86,81.55,93.91,80.6,82.43,1.53,76.67,66.95,D,20.0,Yes,Yes,High School,Medium,2,4.8,26.81,Bajo,12.36,63.75,3.35
S1966,Ahmed,Williams,student966@university.com,Male,22,Engineering,59.42,54.86,57.94,68.17,52.32,9.91,67.61,64.31,D,13.7,No,Yes,Bachelor'S,Medium,4,5.4,42.56,Medio,3.08,71.8,4.69
S1967,Emma,Davis,student967@university.com,Male,23,Cs,85.86,51.1,63.24,54.74,58.53,8.7,76.34,67.8,A,11.4,No,Yes,High School,Medium,4,6.0,35.59,Medio,12.14,69.15,5.95
S1968,Emma,Johnson,student968@university.com,Female,20,Mathematics,75.725,53.82,96.83,72.68,70.4,6.08,86.72,85.71,F,26.4,No,Yes,Unknown,High,9,4.6,41.93,Medio,43.01,72.65,3.25
S1969,John,Smith,student969@university.com,Female,21,Engineering,72.86,55.81,52.08,79.85,67.78,8.34,87.82,70.27,B,14.6,No,Yes,Phd,Medium,7,8.9,43.79,Medio,-3.73,79.71,4.81
S1970,Liam,Smith,student970@university.com,Male,21,Cs,57.43,53.81,74.71,70.38,67.36,4.71,53.68,87.98,D,28.0,No,Yes,Unknown,Medium,7,4.0,43.09,Medio,20.9,59.63,3.14
S1971,Omar,Jones,student971@university.com,Male,19,Engineering,70.25,79.51,63.31,69.53,55.43,7.88,90.24,82.02,D,12.6,No,Yes,High School,Low,9,7.9,43.04,Medio,-16.2,73.5,6.51
S1972,Ali,Davis,student972@university.com,Male,20,Business,55.16,46.96,86.45,91.02,68.04,6.47,82.07,68.05,C,18.6,No,Yes,Master'S,Medium,9,6.6,55.08,Alto,39.49,76.46,3.66
S1973,John,Williams,student973@university.com,Male,20,Cs,76.65,63.24,47.76,51.48,89.9,0.29,52.03,71.61,C,6.3,No,No,Unknown,Low,5,4.4,39.94,Medio,-15.48,49.08,11.37
S1974,Maria,Smith,student974@university.com,Male,23,Cs,54.9,77.5,66.23,64.78,70.69,9.49,65.66,85.18,C,22.0,No,Yes,Phd,Medium,1,4.6,26.54,Bajo,-11.27,74.01,3.87
S1975,Sara,Smith,student975@university.com,Female,23,Engineering,89.53,57.45,81.94,90.59,79.31,8.61,75.53,76.74,A,24.9,Yes,Yes,Master'S,Low,2,6.9,21.2,Bajo,24.49,82.88,3.08
S1976,Liam,Brown,student976@university.com,Female,22,Cs,78.33,43.92,64.42,96.03,58.18,9.53,59.42,93.42,C,29.3,No,Yes,Master'S,Low,8,5.6,40.31,Medio,20.5,77.23,3.19
S1977,Liam,Brown,student977@university.com,Female,21,Business,86.2,44.91,43.51,70.61,53.49,7.31,57.76,96.66,B,25.9,Yes,Yes,Phd,Low,6,6.3,34.52,Medio,-1.4,63.74,3.73
S1978,Liam,Smith,student978@university.com,Male,18,Cs,70.93,47.56,82.31,94.44,94.0,4.12,50.71,85.89,B,12.8,No,Yes,Bachelor'S,Low,10,6.7,54.51,Medio,34.75,70.09,6.71
S1979,Emma,Davis,student979@university.com,Male,23,Business,69.07,90.15,70.19,59.95,66.57,2.07,95.58,99.46,A,18.9,No,Yes,Unknown,Low,8,6.9,34.89,Medio,-19.96,60.7,5.26
S1980,Maria,Jones,student980@university.com,Female,19,Cs,54.91,79.47,40.68,61.07,67.52,1.8,52.81,79.83,D,19.8,No,Yes,High School,Low,3,6.9,31.48,Medio,-38.79,49.85,4.03
S1981,Liam,Smith,student981@university.com,Female,19,Cs,76.19,43.87,76.76,74.81,93.88,1.45,68.3,51.99,A,6.4,No,Yes,Master'S,Low,3,4.4,41.42,Medio,32.89,62.87,8.12
S1982,Maria,Johnson,student982@university.com,Male,19,Business,75.73,63.46,95.19,95.16,85.39,2.21,60.29,75.24,B,6.8,Yes,Yes,Master'S,Low,6,7.7,42.17,Medio,31.73,65.74,11.06
S1983,Ahmed,Williams,student983@university.com,Female,24,Engineering,73.41,56.72,46.66,61.14,87.81,5.51,87.05,61.5,C,13.1,Yes,Yes,Phd,High,4,5.5,37.41,Medio,-10.06,72.77,4.69
S1984,Liam,Jones,student984@university.com,Female,23,Cs,87.03,74.68,75.44,52.97,84.1,6.84,85.36,66.69,B,23.6,No,Yes,Phd,Low,4,4.6,22.0,Bajo,0.76,72.71,2.83
S1985,Sara,Johnson,student985@university.com,Male,23,Cs,75.725,71.37,83.72,74.81,55.29,3.14,90.31,74.5,D,12.1,Yes,Yes,Bachelor'S,Low,4,4.5,32.7,Medio,12.35,62.95,6.16
S1986,Maria,Jones,student986@university.com,Female,19,Engineering,87.54,68.87,44.25,63.07,97.9,5.49,80.84,64.75,A,26.9,No,Yes,Master'S,Medium,2,5.2,17.47,Bajo,-24.62,74.18,2.41
S1987,Maria,Johnson,student987@university.com,Female,23,Engineering,57.19,58.87,41.36,88.07,95.46,3.41,79.58,65.48,C,21.1,No,Yes,High School,High,7,7.1,45.11,Medio,-17.51,74.3,3.1
S1988,Sara,Williams,student988@university.com,Female,24,Mathematics,81.1,48.27,67.85,75.5,61.81,6.97,70.36,70.1,D,16.7,No,Yes,Unknown,Low,5,6.4,37.67,Medio,19.58,69.34,4.2
S1989,Liam,Williams,student989@university.com,Male,18,Mathematics,54.02,84.54,87.47,72.78,90.2,9.88,81.82,64.32,F,18.5,Yes,Yes,Unknown,Low,5,4.5,35.37,Medio,2.93,85.9,3.48
S1990,Sara,Brown,student990@university.com,Female,18,Engineering,84.73,92.79,49.64,79.21,70.47,6.89,55.76,58.48,C,13.3,No,Yes,High School,Medium,7,4.2,29.19,Bajo,-43.15,68.58,4.4
S1991,Maria,Davis,student991@university.com,Female,22,Engineering,69.09,96.65,90.2,94.51,84.19,0.59,84.23,88.28,B,29.3,Yes,No,Master'S,Low,5,4.1,21.06,Bajo,-6.45,67.21,3.01
S1992,Sara,Johnson,student992@university.com,Female,21,Engineering,56.62,43.52,79.39,54.52,58.28,4.77,55.19,69.76,C,9.4,No,Yes,Phd,High,1,6.1,42.43,Medio,35.87,53.92,7.42
S1993,Maria,Brown,student993@university.com,Male,18,Engineering,93.1,84.39,59.93,84.74,76.93,7.7,93.09,91.59,A,26.5,No,Yes,Phd,Medium,2,7.9,11.07,Bajo,-24.46,82.94,3.46
S1994,Maria,Johnson,student994@university.com,Male,22,Cs,80.7,83.59,70.95,96.34,56.33,5.42,75.28,94.14,A,22.0,No,Yes,Unknown,Medium,5,6.9,24.57,Bajo,-12.64,70.54,4.28
S1995,Ahmed,Brown,student995@university.com,Female,20,Cs,67.74,96.83,97.93,60.67,76.81,9.51,76.52,87.55,B,22.8,No,Yes,Unknown,Medium,7,8.0,29.18,Bajo,1.1,77.28,3.84
S1996,Ali,Williams,student996@university.com,Male,21,Cs,51.54,55.17,52.99,91.89,62.18,0.55,79.24,69.83,D,25.9,Yes,Yes,High School,Low,10,5.6,52.46,Medio,-2.18,59.7,2.7
S1997,Maria,Jones,student997@university.com,Female,18,Cs,76.87,84.53,69.97,84.9,72.62,2.91,88.8,86.07,B,8.4,No,Yes,Phd,Low,2,4.7,25.76,Bajo,-14.56,68.86,10.25
S1998,Liam,Brown,student998@university.com,Male,24,Cs,96.16,43.28,77.47,50.72,83.4,2.21,73.92,57.76,A,22.4,No,Yes,Bachelor'S,Low,8,8.0,37.72,Medio,34.19,57.54,2.58
S1999,John,Johnson,student999@university.com,Male,20,Engineering,79.82,77.87,48.28,61.58,93.85,7.68,71.38,83.06,F,24.4,No,Yes,Unknown,Medium,5,7.6,25.39,Bajo,-29.59,75.9,3.4
S2000,Emma,Johnson,student1000@university.com,Female,22,Business,98.58,61.05,42.61,80.29,58.26,5.24,64.42,70.3,B,29.6,No,No,Unknown,High,9,6.9,30.16,Medio,-18.44,63.84,2.38
S2001,Omar,Davis,student1001@university.com,Female,18,Engineering,75.725,86.13,40.81,75.12,94.66,1.38,56.4,82.78,B,23.7,No,Yes,High School,Low,6,8.4,26.92,Bajo,-45.32,60.0,3.49
S2002,Ali,Williams,student1002@university.com,Female,18,Cs,75.725,91.8,59.48,76.4,69.5,2.86,59.52,87.74,F,28.8,Yes,Yes,High School,Low,3,7.2,16.0,Bajo,-32.32,58.5,3.05
S2003,Ali,Johnson,student1003@university.com,Male,23,Cs,89.91,61.89,44.44,61.6,92.19,5.23,50.03,78.13,B,26.2,Yes,Yes,Phd,Medium,6,6.6,27.98,Bajo,-17.45,64.03,2.98
S2004,Ali,Smith,student1004@university.com,Female,20,Engineering,76.28,71.54,88.23,74.81,75.63,9.96,93.47,82.12,B,26.9,No,Yes,Phd,Low,9,6.5,36.17,Medio,16.69,85.88,3.05
S2005,Ahmed,Jones,student1005@university.com,Male,18,Cs,75.725,47.04,99.84,63.32,93.11,3.64,88.25,60.68,A,27.9,No,Yes,Unknown,Low,1,7.1,25.43,Bajo,52.8,70.27,2.17
S2006,Maria,Brown,student1006@university.com,Male,19,Engineering,79.14,65.01,43.68,69.47,83.14,1.57,60.93,79.63,F,18.3,No,Yes,Unknown,High,1,6.6,23.65,Bajo,-21.33,57.31,4.35
S2007,Ahmed,Davis,student1007@university.com,Female,24,Mathematics,80.59,61.65,65.96,68.45,75.44,4.97,50.12,73.02,A,22.8,No,Yes,Phd,High,8,5.4,37.45,Medio,4.31,60.93,3.2
S2008,Maria,Jones,student1008@university.com,Male,23,Cs,86.44,50.99,41.54,83.6,65.63,3.1,74.61,71.4,B,8.1,No,Yes,Unknown,High,7,8.8,43.73,Medio,-9.45,63.71,8.81
S2009,Liam,Williams,student1009@university.com,Female,23,Cs,88.06,93.67,48.04,54.51,98.45,5.66,70.63,70.52,A,13.9,No,Yes,Phd,Low,1,8.8,14.13,Bajo,-45.63,70.05,5.07
S2010,Ahmed,Davis,student1010@university.com,Male,18,Engineering,88.54,48.89,59.38,60.28,90.04,4.67,88.8,65.55,A,27.0,No,Yes,Unknown,Low,8,4.8,36.4,Medio,10.49,71.46,2.43
S2011,Ahmed,Brown,student1011@university.com,Female,24,Mathematics,83.17,78.14,63.62,60.02,69.06,6.89,70.14,65.27,B,29.4,No,Yes,Master'S,Medium,5,6.7,21.64,Bajo,-14.52,67.03,2.22
S2012,Emma,Brown,student1012@university.com,Male,23,Business,60.79,93.41,96.39,55.42,58.34,9.14,93.21,84.99,F,7.8,Yes,Yes,High School,Low,9,7.9,44.58,Medio,2.98,74.59,10.9
S2013,John,Smith,student1013@university.com,Male,21,Business,70.21,94.72,63.75,60.38,88.98,2.01,54.79,77.89,D,19.7,No,Yes,Unknown,Low,3,4.3,21.6,Bajo,-30.97,56.06,3.95
S2014,Ahmed,Williams,student1014@university.com,Female,20,Cs,88.81,87.59,69.78,80.35,99.5,8.21,68.29,51.5,A,23.4,No,Yes,Phd,Medium,5,4.6,19.83,Bajo,-17.81,82.56,2.2
S2015,Emma,Davis,student1015@university.com,Male,21,Mathematics,75.725,50.57,54.74,86.61,63.95,9.49,96.7,52.43,D,17.9,Yes,Yes,Master'S,Medium,7,6.7,42.71,Medio,4.17,85.54,2.93
S2016,Sara,Davis,student1016@university.com,Female,22,Cs,53.95,89.05,40.01,83.02,95.79,3.74,50.59,78.51,D,10.8,No,Yes,Master'S,Medium,10,4.1,49.0,Medio,-49.04,66.7,7.27
S2017,John,Johnson,student1017@university.com,Male,21,Cs,76.78,56.59,93.96,73.76,56.27,1.14,69.54,92.31,C,6.0,No,Yes,Unknown,Low,8,8.2,48.71,Medio,37.37,52.74,15.38
S2018,Liam,Smith,student1018@university.com,Male,24,Business,65.63,95.34,44.9,52.62,97.61,8.22,62.99,52.2,F,28.8,No,Yes,Unknown,Medium,3,8.4,18.47,Bajo,-50.44,73.86,1.81
S2019,Ahmed,Smith,student1019@university.com,Male,19,Mathematics,61.27,82.55,97.85,97.95,87.27,7.01,76.59,75.36,B,10.9,Yes,No,Bachelor'S,Medium,1,7.7,28.34,Bajo,15.3,82.98,6.91
S2020,Omar,Davis,student1020@university.com,Female,23,Cs,75.29,87.12,47.85,58.4,67.33,2.13,63.94,92.56,F,12.5,Yes,Yes,Phd,Low,6,8.1,32.37,Medio,-39.27,52.74,7.4
S2021,Ali,Davis,student1021@university.com,Female,24,Cs,80.3,45.1,76.29,83.42,65.23,4.45,93.5,50.22,C,21.1,Yes,Yes,Bachelor'S,Medium,5,7.4,36.7,Medio,31.19,71.66,2.38
S2022,Sara,Jones,student1022@university.com,Female,23,Cs,75.725,74.97,99.96,95.64,82.17,5.78,96.86,63.79,A,15.7,No,Yes,Unknown,Medium,5,4.7,32.04,Medio,24.99,83.12,4.06
S2023,Sara,Jones,student1023@university.com,Female,19,Cs,89.01,89.27,48.31,84.89,79.68,1.7,92.46,96.0,A,15.6,Yes,Yes,Bachelor'S,Low,6,4.1,25.38,Bajo,-40.96,68.51,6.15
S2024,Liam,Jones,student1024@university.com,Female,23,Cs,90.99,91.7,65.44,60.9,95.95,7.15,69.93,54.07,B,7.1,No,No,Unknown,Medium,3,8.2,21.54,Bajo,-26.26,74.57,7.62
S2025,Emma,Smith,student1025@university.com,Male,21,Mathematics,98.28,41.72,86.83,65.79,88.31,6.9,99.5,80.35,A,29.8,Yes,No,Master'S,Low,5,7.5,27.07,Bajo,45.11,80.65,2.7
S2026,Sara,Johnson,student1026@university.com,Male,22,Engineering,59.03,96.35,41.93,74.81,77.02,8.87,86.75,75.37,D,12.1,No,Yes,High School,High,10,6.0,44.38,Medio,-54.42,81.82,6.23
S2027,John,Brown,student1027@university.com,Female,18,Business,79.73,42.6,81.39,80.64,96.38,5.67,67.78,57.58,B,7.8,Yes,Yes,Master'S,Medium,1,8.0,35.41,Medio,38.79,75.38,7.38
S2028,Ahmed,Jones,student1028@university.com,Male,19,Business,75.725,76.87,44.82,80.65,79.64,5.74,54.68,52.12,F,22.0,No,Yes,Bachelor'S,Medium,8,4.3,34.99,Medio,-32.05,68.09,2.37
S2029,Ahmed,Johnson,student1029@university.com,Male,21,Engineering,66.74,81.6,54.19,86.28,92.48,6.19,83.35,75.13,F,23.8,No,Yes,Master'S,Low,9,5.6,38.04,Medio,-27.41,81.0,3.16
S2030,Omar,Williams,student1030@university.com,Male,24,Business,78.28,46.44,49.6,50.55,92.05,2.74,86.43,86.76,A,5.6,Yes,Yes,Bachelor'S,High,4,5.7,42.54,Medio,3.16,64.11,15.49
S2031,Liam,Jones,student1031@university.com,Male,21,Engineering,89.12,42.88,94.44,90.89,95.96,7.59,56.12,58.86,B,11.7,No,No,Phd,High,5,4.5,38.98,Medio,51.56,79.72,5.03
S2032,Ali,Brown,student1032@university.com,Female,21,Cs,51.15,87.09,50.83,86.94,53.38,6.62,77.49,84.57,F,9.9,No,Yes,Unknown,Low,7,7.7,44.35,Medio,-36.26,71.0,8.54
S2033,Emma,Williams,student1033@university.com,Male,18,Engineering,98.47,63.08,42.43,57.04,79.19,8.39,99.35,77.32,A,24.7,No,No,Phd,High,10,7.9,34.26,Medio,-20.65,79.87,3.13
S2034,Ali,Williams,student1034@university.com,Female,20,Engineering,90.49,46.43,75.26,67.38,73.42,7.69,66.31,67.89,B,9.6,No,Yes,High School,Medium,5,6.9,38.49,Medio,28.83,71.0,7.07
S2035,Sara,Brown,student1035@university.com,Female,23,Business,87.56,85.76,60.77,81.93,74.53,6.39,65.09,83.22,A,10.9,No,Yes,Phd,Medium,4,6.1,24.84,Bajo,-24.99,71.36,7.63
S2036,Liam,Jones,student1036@university.com,Male,23,Mathematics,88.02,90.95,64.34,74.79,73.0,1.61,95.17,59.6,A,29.7,Yes,No,Phd,Low,8,7.0,22.61,Bajo,-26.61,64.76,2.01
S2037,Omar,Smith,student1037@university.com,Female,24,Engineering,69.45,75.24,47.14,55.75,91.87,9.19,55.87,72.85,B,22.6,No,Yes,Master'S,Low,6,8.5,32.93,Medio,-28.1,73.85,3.22
S2038,Ali,Brown,student1038@university.com,Male,22,Business,87.58,49.67,84.89,54.37,65.92,3.67,96.68,77.47,A,14.7,No,Yes,High School,Medium,2,5.8,29.32,Bajo,35.22,63.42,5.27
S2039,John,Brown,student1039@university.com,Male,24,Cs,69.34,40.91,76.09,89.07,73.14,9.64,88.97,72.93,D,23.8,Yes,Yes,Master'S,Low,4,5.7,38.22,Medio,35.18,86.9,3.06
S2040,Ahmed,Brown,student1040@university.com,Male,20,Business,75.725,82.05,61.85,57.8,60.03,4.02,69.54,69.88,D,16.7,No,Yes,Phd,High,3,7.1,24.98,Bajo,-20.2,56.89,4.18
S2041,Sara,Williams,student1041@university.com,Female,23,Cs,75.725,73.01,50.29,58.6,62.59,1.46,54.18,87.05,D,10.3,Yes,Yes,Master'S,High,2,7.4,28.67,Bajo,-22.72,47.49,8.45
S2042,Omar,Johnson,student1042@university.com,Female,22,Cs,64.62,79.05,75.61,91.55,83.02,8.85,50.96,82.81,C,17.2,No,Yes,Bachelor'S,Medium,6,6.3,36.18,Medio,-3.44,78.51,4.81
S2043,Ali,Smith,student1043@university.com,Female,24,Cs,77.57,88.79,86.72,80.61,55.85,7.95,68.79,81.97,B,24.3,Yes,Yes,Phd,Low,10,8.3,34.06,Medio,-2.07,71.19,3.37
S2044,Emma,Jones,student1044@university.com,Male,22,Engineering,65.96,66.05,58.74,80.24,59.39,7.86,85.27,94.59,B,9.5,Yes,Yes,Bachelor'S,Medium,1,5.8,32.35,Medio,-7.31,75.88,9.96
S2045,John,Jones,student1045@university.com,Male,21,Cs,71.21,47.47,41.55,73.97,76.4,0.89,74.38,99.68,C,17.1,No,Yes,Unknown,Low,10,7.2,52.29,Medio,-5.92,58.41,5.83
S2046,John,Johnson,student1046@university.com,Male,19,Mathematics,74.62,96.4,52.86,74.81,52.19,8.79,86.93,78.36,B,8.0,No,No,Bachelor'S,High,4,7.3,27.63,Bajo,-43.54,75.46,9.8
S2047,Ali,Brown,student1047@university.com,Female,21,Cs,92.82,72.72,80.94,80.09,56.35,5.96,83.53,67.41,A,26.1,Yes,Yes,Unknown,Medium,8,5.5,28.2,Bajo,8.22,69.89,2.58
S2048,Ahmed,Smith,student1048@university.com,Male,18,Mathematics,76.16,76.92,99.35,98.39,93.17,4.7,78.65,88.94,F,25.5,No,Yes,Phd,Low,5,4.1,26.41,Bajo,22.43,79.3,3.49
S2049,Ali,Jones,student1049@university.com,Male,23,Business,68.12,96.0,40.8,61.15,92.31,9.13,98.37,57.1,B,21.8,Yes,Yes,Bachelor'S,Medium,3,8.1,20.9,Bajo,-55.2,85.78,2.62
S2050,Sara,Davis,student1050@university.com,Female,22,Cs,62.39,95.9,58.37,60.73,67.39,6.66,86.42,75.65,F,28.0,No,Yes,High School,Low,2,6.4,17.62,Bajo,-37.53,70.28,2.7
S2051,Ali,Jones,student1051@university.com,Female,24,Cs,70.43,74.33,43.72,52.86,67.4,1.33,95.73,76.23,D,15.0,No,No,Bachelor'S,Low,6,4.5,36.66,Medio,-30.61,57.32,5.08
S2052,John,Brown,student1052@university.com,Female,19,Business,75.79,57.86,58.98,82.91,96.83,5.2,62.11,99.17,A,8.3,Yes,Yes,Phd,Low,4,8.8,38.63,Medio,1.12,73.46,11.95
S2053,Omar,Davis,student1053@university.com,Male,24,Engineering,87.31,99.83,64.35,77.45,51.29,6.37,85.68,99.55,A,29.4,Yes,Yes,High School,High,7,5.5,18.13,Bajo,-35.48,69.53,3.39
S2054,Ali,Johnson,student1054@university.com,Male,23,Engineering,56.05,80.85,95.25,55.56,79.01,8.99,79.89,89.96,D,17.8,No,Yes,Unknown,Medium,8,6.4,42.78,Medio,14.4,76.09,5.05
S2055,Ahmed,Smith,student1055@university.com,Male,22,Cs,61.08,64.51,44.83,68.23,79.87,2.8,96.21,73.65,D,16.9,No,Yes,High School,Low,9,6.4,48.6,Medio,-19.68,68.08,4.36
S2056,Liam,Johnson,student1056@university.com,Female,22,Engineering,68.98,73.59,86.63,58.93,89.39,7.94,75.52,77.36,A,6.6,No,Yes,Unknown,Low,7,5.9,43.81,Medio,13.04,75.81,11.72
S2057,Omar,Johnson,student1057@university.com,Female,21,Mathematics,75.725,64.95,63.73,66.57,97.59,8.0,63.98,65.99,A,19.3,No,Yes,High School,Medium,9,4.8,42.14,Medio,-1.22,77.04,3.42
S2058,Emma,Smith,student1058@university.com,Female,19,Cs,69.59,93.3,88.68,97.56,67.79,1.28,69.24,91.49,D,21.1,No,Yes,Unknown,Medium,4,7.5,23.77,Bajo,-4.62,61.85,4.34
S2059,Maria,Smith,student1059@university.com,Female,19,Engineering,89.68,68.95,70.8,84.17,71.89,0.17,60.94,87.33,A,16.8,No,Yes,Unknown,Low,1,5.0,19.53,Bajo,1.85,54.68,5.2
S2060,Ali,Jones,student1060@university.com,Male,23,Cs,66.21,89.41,42.36,50.38,83.56,5.81,61.0,88.57,A,27.8,No,Yes,Bachelor'S,Medium,7,7.4,29.44,Bajo,-47.05,63.26,3.19
S2061,Ahmed,Jones,student1061@university.com,Male,22,Business,75.09,90.41,96.77,62.63,98.36,7.89,73.52,56.93,A,23.6,No,Yes,Master'S,Low,2,8.0,17.02,Bajo,6.36,78.35,2.41
S2062,Omar,Smith,student1062@university.com,Male,19,Business,81.2,89.46,44.96,50.52,94.54,5.54,94.63,69.93,B,6.0,No,Yes,Unknown,High,10,4.1,41.74,Medio,-44.5,73.77,11.66
S2063,Ahmed,Davis,student1063@university.com,Male,19,Cs,61.61,83.33,75.86,85.74,83.35,8.13,59.59,76.87,F,18.6,No,Yes,High School,Low,9,7.7,41.92,Medio,-7.47,77.5,4.13
S2064,Emma,Williams,student1064@university.com,Male,24,Cs,85.93,91.29,92.66,73.47,92.84,6.22,64.39,56.23,A,29.8,No,Yes,Phd,High,6,7.2,18.75,Bajo,1.37,73.22,1.89
S2065,John,Jones,student1065@university.com,Male,23,Cs,77.36,63.23,44.79,99.7,54.26,6.53,92.65,68.43,A,10.0,Yes,Yes,High School,Medium,9,5.0,46.73,Medio,-18.44,77.98,6.84
S2066,Ahmed,Williams,student1066@university.com,Male,21,Engineering,72.34,46.88,73.23,86.68,68.86,0.28,66.96,54.37,A,20.4,No,Yes,Phd,High,8,7.1,45.97,Medio,26.35,56.32,2.67
S2067,Omar,Davis,student1067@university.com,Male,24,Engineering,75.725,90.55,89.46,75.9,50.65,0.89,98.12,97.94,C,11.8,Yes,Yes,Unknown,Medium,9,6.1,38.21,Medio,-1.09,58.39,8.3
S2068,Ahmed,Smith,student1068@university.com,Female,24,Mathematics,75.725,69.89,99.18,74.81,58.87,7.25,63.45,87.56,A,14.3,No,Yes,Bachelor'S,High,7,4.4,38.71,Medio,29.29,67.41,6.12
S2069,Ahmed,Davis,student1069@university.com,Female,20,Engineering,94.16,47.64,83.46,85.24,81.52,7.63,72.11,81.04,A,5.8,No,Yes,Unknown,Low,3,6.6,34.3,Medio,35.82,78.79,13.97
S2070,Ahmed,Jones,student1070@university.com,Male,18,Cs,78.05,46.92,56.7,62.19,94.28,5.42,54.78,60.24,B,22.2,No,Yes,Phd,Low,10,8.9,47.51,Medio,9.78,66.36,2.71
S2071,Sara,Johnson,student1071@university.com,Female,20,Business,80.46,49.55,81.97,76.51,81.64,5.9,99.61,66.71,C,24.1,No,Yes,Unknown,Low,5,7.2,33.81,Medio,32.42,79.19,2.77
S2072,Sara,Smith,student1072@university.com,Male,19,Engineering,75.725,85.06,82.35,77.8,83.21,6.14,94.51,57.22,F,24.3,No,Yes,Unknown,Low,3,5.7,20.27,Bajo,-2.71,79.23,2.35
S2073,John,Brown,student1073@university.com,Male,22,Engineering,90.88,82.65,82.0,72.56,55.19,1.05,90.88,76.81,A,29.3,Yes,Yes,Bachelor'S,High,3,6.8,13.19,Bajo,-0.65,57.28,2.62
S2074,Ali,Williams,student1074@university.com,Female,18,Cs,80.08,52.23,91.26,58.96,83.24,6.68,57.87,91.03,C,25.9,Yes,No,Unknown,Low,7,7.7,36.69,Medio,39.03,66.72,3.51
S2075,Ahmed,Davis,student1075@university.com,Male,18,Cs,87.66,90.82,45.24,61.17,72.72,4.78,98.47,50.95,B,10.2,Yes,Yes,High School,High,6,4.8,28.08,Bajo,-45.58,70.04,5.0
S2076,Emma,Smith,student1076@university.com,Male,22,Mathematics,71.67,56.88,46.51,64.05,82.57,6.03,96.46,55.17,C,10.8,No,Yes,Bachelor'S,Medium,5,6.6,41.34,Medio,-10.37,75.84,5.11
S2077,Ali,Davis,student1077@university.com,Male,18,Engineering,77.37,87.58,78.44,74.81,66.31,5.63,71.78,61.47,C,24.2,No,Yes,Master'S,High,5,6.5,23.44,Bajo,-9.14,67.3,2.54
S2078,Emma,Smith,student1078@university.com,Male,22,Cs,53.1,69.33,97.23,95.85,79.07,7.63,84.08,85.7,F,24.4,Yes,Yes,Unknown,Low,8,5.9,43.97,Medio,27.9,83.82,3.51
S2079,Ali,Jones,student1079@university.com,Male,18,Engineering,54.49,83.89,67.95,84.3,71.2,3.19,99.62,94.7,D,8.1,No,Yes,Bachelor'S,Low,1,7.7,31.71,Medio,-15.94,71.76,11.69
S2080,John,Jones,student1080@university.com,Male,24,Mathematics,91.47,62.88,97.63,84.48,77.93,3.74,70.49,87.65,A,5.2,No,Yes,Master'S,Low,4,6.8,33.19,Medio,34.75,67.58,16.86
S2081,Ahmed,Jones,student1081@university.com,Male,23,Cs,52.98,60.83,96.29,78.62,57.35,3.92,55.65,76.25,C,15.0,No,Yes,Phd,Medium,5,7.5,44.6,Medio,35.46,57.71,5.08
S2082,Ahmed,Davis,student1082@university.com,Female,23,Engineering,58.47,90.48,94.17,84.47,69.79,7.62,93.39,55.26,D,22.4,No,Yes,Master'S,High,9,7.0,38.97,Medio,3.69,80.96,2.47
S2083,Maria,Brown,student1083@university.com,Female,20,Mathematics,89.79,42.12,94.59,99.09,68.71,4.31,73.82,87.75,A,26.7,No,Yes,Phd,Low,1,7.9,22.59,Bajo,52.47,71.18,3.29
S2084,Emma,Jones,student1084@university.com,Male,24,Cs,50.06,98.48,93.9,69.26,86.82,1.77,99.35,55.28,F,9.1,Yes,No,Unknown,Medium,9,7.2,46.16,Medio,-4.58,68.28,6.07
S2085,Ali,Smith,student1085@university.com,Female,18,Business,75.725,78.89,89.19,85.63,85.32,9.83,77.54,67.38,D,25.4,No,Yes,Unknown,Low,6,7.4,28.24,Bajo,10.3,86.7,2.65
S2086,Ali,Jones,student1086@university.com,Male,21,Engineering,75.725,65.95,81.7,67.98,95.44,4.93,51.47,65.4,D,22.1,No,Yes,Unknown,High,3,5.1,27.11,Bajo,15.75,66.05,2.96
S2087,Liam,Johnson,student1087@university.com,Male,22,Engineering,79.77,77.68,41.46,74.81,81.6,1.09,74.59,67.96,C,9.1,No,Yes,Unknown,High,3,8.2,28.67,Bajo,-36.22,60.48,7.47
S2088,Liam,Jones,student1088@university.com,Male,24,Cs,75.725,47.36,47.94,92.9,65.73,6.7,85.9,66.48,D,26.8,Yes,Yes,Phd,Low,4,4.8,32.55,Medio,0.58,77.88,2.48
S2089,Sara,Davis,student1089@university.com,Male,18,Cs,75.3,70.84,48.05,95.11,89.16,7.39,51.3,88.46,F,28.3,No,Yes,Unknown,Medium,5,5.7,27.13,Bajo,-22.79,77.37,3.13
S2090,Maria,Brown,student1090@university.com,Female,23,Engineering,75.47,99.11,41.41,50.27,74.85,5.0,70.67,58.59,D,11.6,Yes,Yes,Bachelor'S,Medium,9,8.4,35.83,Medio,-57.7,61.45,5.05
S2091,Omar,Johnson,student1091@university.com,Female,23,Cs,86.27,54.12,47.0,64.91,59.67,6.46,57.78,92.29,A,8.7,No,No,Master'S,Medium,6,4.5,40.33,Medio,-7.12,61.74,10.61
S2092,Liam,Davis,student1092@university.com,Female,22,Engineering,74.93,83.34,95.18,56.7,87.37,1.73,82.15,92.91,C,29.2,Yes,Yes,Unknown,Low,5,8.3,23.06,Bajo,11.84,60.88,3.18
S2093,Omar,Davis,student1093@university.com,Female,21,Cs,80.42,66.1,79.83,72.7,56.63,3.68,97.87,74.55,C,5.6,Yes,Yes,High School,High,6,6.4,40.33,Medio,13.73,66.0,13.31
S2094,Sara,Davis,student1094@university.com,Male,18,Cs,94.89,79.15,58.72,74.77,58.91,1.62,81.23,55.31,A,28.7,No,No,Unknown,Low,6,4.9,19.8,Bajo,-20.43,57.78,1.93
S2095,Sara,Smith,student1095@university.com,Female,18,Mathematics,70.07,52.29,87.6,62.8,87.94,3.87,84.74,78.77,A,10.4,No,Yes,Phd,Medium,9,7.7,52.37,Medio,35.31,68.54,7.57
S2096,Sara,Davis,student1096@university.com,Male,21,Engineering,69.26,68.23,69.3,86.17,88.51,5.63,69.83,91.05,C,16.0,No,Yes,Phd,Low,10,5.4,47.29,Medio,1.07,75.2,5.69
S2097,Emma,Smith,student1097@university.com,Male,21,Mathematics,50.18,98.81,48.53,63.49,89.54,4.43,78.16,64.47,F,12.7,No,Yes,Master'S,Medium,7,7.4,39.78,Medio,-50.28,68.87,5.08
S2098,Emma,Davis,student1098@university.com,Female,21,Cs,80.67,51.72,93.07,92.69,64.67,5.93,77.19,91.89,B,8.8,Yes,Yes,Bachelor'S,High,7,8.0,45.18,Medio,41.35,73.46,10.44
S2099,John,Williams,student1099@university.com,Male,23,Engineering,51.49,78.19,60.32,58.88,93.33,5.02,87.98,83.85,F,13.8,No,Yes,Bachelor'S,Low,4,6.8,38.29,Medio,-17.87,72.6,6.08
S2100,John,Johnson,student1100@university.com,Female,22,Cs,75.21,74.54,81.93,74.81,86.13,3.18,92.85,99.36,D,18.5,Yes,Yes,High School,High,5,7.9,30.95,Medio,7.39,71.4,5.37
S2101,Sara,Williams,student1101@university.com,Female,24,Business,90.21,73.9,57.44,81.11,91.7,1.43,83.14,91.24,A,7.3,No,Yes,Unknown,Medium,7,8.7,35.94,Medio,-16.46,67.56,12.5
S2102,Maria,Davis,student1102@university.com,Female,21,Business,77.5,76.91,70.0,80.27,85.43,2.53,98.99,60.08,D,25.2,No,Yes,Unknown,Low,8,6.8,32.76,Medio,-6.91,72.5,2.38
S2103,Ali,Johnson,student1103@university.com,Female,22,Cs,63.48,70.13,88.98,53.9,78.98,2.01,91.41,72.45,F,25.0,Yes,Yes,Unknown,Low,6,4.8,35.35,Medio,18.85,61.1,2.9
S2104,Emma,Johnson,student1104@university.com,Female,20,Mathematics,89.31,41.02,49.41,92.31,55.47,7.07,56.23,55.18,A,24.9,No,Yes,Unknown,Medium,8,7.5,39.54,Medio,8.39,68.68,2.22
S2105,Maria,Brown,student1105@university.com,Male,18,Cs,63.49,94.01,98.64,79.9,85.55,8.2,75.37,53.48,A,22.2,Yes,Yes,High School,Low,9,6.1,36.25,Medio,4.63,80.7,2.41
S2106,Ahmed,Williams,student1106@university.com,Female,18,Engineering,86.65,89.62,44.21,93.49,84.52,7.2,95.16,85.3,B,16.4,No,Yes,High School,High,1,6.7,14.59,Bajo,-45.41,86.29,5.2
S2107,Emma,Brown,student1107@university.com,Female,19,Mathematics,80.51,50.45,72.04,93.38,65.62,6.44,97.2,95.65,F,25.8,No,Yes,Unknown,Low,4,7.1,30.45,Medio,21.59,80.15,3.71
S2108,Emma,Johnson,student1108@university.com,Male,20,Business,58.5,64.8,94.96,77.3,86.79,3.08,69.01,98.68,D,26.3,No,Yes,Master'S,Medium,9,7.6,44.71,Medio,30.16,65.98,3.75
S2109,John,Smith,student1109@university.com,Female,24,Mathematics,95.26,86.23,96.74,95.54,77.52,7.11,86.29,63.52,A,12.1,No,Yes,Unknown,Medium,5,7.2,23.63,Bajo,10.51,82.61,5.25
S2110,Ali,Johnson,student1110@university.com,Female,21,Cs,60.03,98.8,53.93,92.42,77.97,6.05,70.53,60.09,C,17.0,Yes,Yes,High School,Low,4,5.2,27.52,Bajo,-44.87,75.35,3.53
S2111,Ali,Brown,student1111@university.com,Male,21,Cs,99.48,97.07,48.64,97.91,68.38,0.47,56.18,78.01,B,10.1,No,Yes,Unknown,High,9,7.7,28.79,Bajo,-48.43,56.79,7.72
S2112,Liam,Williams,student1112@university.com,Male,24,Cs,50.37,93.96,83.46,92.52,55.84,9.08,94.23,60.04,D,11.4,No,Yes,Phd,Low,2,8.0,30.7,Medio,-10.5,83.35,5.27
S2113,Omar,Davis,student1113@university.com,Female,23,Engineering,63.17,49.5,42.52,91.06,60.85,0.8,96.6,64.8,B,11.0,No,Yes,Phd,High,2,4.2,39.76,Medio,-6.98,64.13,5.89
S2114,Omar,Davis,student1114@university.com,Male,20,Business,59.99,94.87,69.11,73.47,88.44,5.03,75.24,91.86,C,25.7,No,Yes,High School,Low,8,5.5,33.25,Medio,-25.76,71.86,3.57
S2115,Omar,Williams,student1115@university.com,Female,21,Cs,50.7,92.71,87.78,60.6,63.57,5.13,50.92,90.52,D,11.3,No,Yes,Unknown,Low,8,8.9,44.35,Medio,-4.93,56.6,8.01
S2116,Omar,Davis,student1116@university.com,Male,19,Engineering,86.62,62.62,73.62,95.54,50.11,8.37,90.8,94.75,B,18.7,No,Yes,Master'S,High,5,4.9,30.44,Medio,11.0,80.04,5.07
S2117,Ahmed,Davis,student1117@university.com,Female,22,Cs,84.67,63.67,51.28,86.13,99.85,9.13,73.85,74.11,B,20.7,No,Yes,Bachelor'S,Medium,6,4.9,32.03,Medio,-12.39,87.78,3.58
S2118,Ahmed,Brown,student1118@university.com,Female,18,Cs,89.62,67.59,69.22,64.09,60.53,9.4,53.75,78.2,A,23.6,Yes,No,Bachelor'S,Medium,5,7.0,25.44,Bajo,1.63,68.09,3.31
S2119,Emma,Williams,student1119@university.com,Female,20,Engineering,62.83,79.37,95.28,67.05,82.77,5.7,59.47,88.53,F,5.7,No,Yes,Phd,Low,8,5.7,46.9,Medio,15.91,66.57,15.53
S2120,Sara,Jones,student1120@university.com,Male,18,Engineering,75.725,55.65,77.03,84.3,96.35,6.79,57.61,61.96,F,16.9,No,Yes,Bachelor'S,Low,6,7.3,39.46,Medio,21.38,76.54,3.67
S2121,John,Smith,student1121@university.com,Female,22,Business,75.725,41.38,83.29,73.89,79.99,0.89,84.31,91.15,B,12.3,No,Yes,Unknown,Medium,6,5.3,46.04,Medio,41.91,61.77,7.41
S2122,John,Smith,student1122@university.com,Male,20,Cs,71.99,48.47,60.18,54.07,89.95,4.88,64.97,50.88,C,25.8,No,Yes,High School,Medium,7,6.1,40.7,Medio,11.71,64.45,1.97
S2123,Omar,Davis,student1123@university.com,Female,22,Business,84.87,66.41,51.31,57.07,98.82,8.98,56.38,89.88,C,5.9,Yes,Yes,Master'S,Low,2,9.0,29.64,Bajo,-15.1,75.52,15.23
S2124,Emma,Smith,student1124@university.com,Female,21,Cs,81.7,56.92,55.34,74.81,93.02,4.56,95.88,88.8,F,10.2,Yes,Yes,Master'S,Low,9,5.9,47.01,Medio,-1.58,77.33,8.71
S2125,Liam,Williams,student1125@university.com,Female,24,Cs,55.73,85.87,71.99,66.43,77.9,0.7,97.83,65.09,C,12.9,No,Yes,Unknown,High,3,4.4,32.73,Medio,-13.88,62.29,5.05
S2126,Maria,Williams,student1126@university.com,Female,21,Engineering,89.05,46.4,56.81,75.38,68.19,2.01,56.93,86.4,A,6.9,No,No,Bachelor'S,High,9,7.7,49.24,Medio,10.41,55.15,12.52
S2127,Sara,Johnson,student1127@university.com,Female,24,Business,75.725,95.05,72.52,88.33,74.12,4.3,61.51,60.7,D,14.9,Yes,Yes,Unknown,Low,10,6.9,37.53,Medio,-22.53,66.74,4.07
S2128,Emma,Johnson,student1128@university.com,Male,21,Cs,82.79,93.72,82.47,87.56,92.09,2.38,79.61,78.81,D,23.6,No,Yes,Unknown,Medium,5,6.2,20.0,Bajo,-11.25,70.76,3.34
S2129,Sara,Smith,student1129@university.com,Male,22,Cs,57.75,94.53,84.06,58.35,92.67,3.92,57.53,85.03,F,10.3,Yes,Yes,Unknown,Low,1,8.5,26.28,Bajo,-10.47,61.94,8.26
S2130,Sara,Jones,student1130@university.com,Male,22,Engineering,63.4,84.38,49.88,54.92,92.29,3.33,57.93,85.73,D,23.9,No,No,Master'S,High,10,4.7,40.55,Medio,-34.5,59.61,3.59
S2131,Sara,Johnson,student1131@university.com,Female,22,Cs,69.66,46.42,85.03,79.56,79.86,3.19,66.83,99.15,A,18.2,Yes,Yes,Unknown,Low,4,6.4,39.26,Medio,38.61,64.54,5.45
S2132,Emma,Johnson,student1132@university.com,Female,18,Business,64.0,66.29,80.36,87.08,73.85,0.91,97.46,59.1,A,13.6,No,Yes,Master'S,Medium,6,5.0,42.02,Medio,14.07,66.87,4.35
S2133,Omar,Williams,student1133@university.com,Male,22,Business,61.39,47.88,40.72,57.45,65.57,8.83,98.12,74.04,A,14.2,Yes,Yes,Unknown,Medium,3,4.4,41.49,Medio,-7.16,77.36,5.21
S2134,John,Jones,student1134@university.com,Female,21,Cs,90.27,99.26,43.53,68.6,50.17,6.93,92.09,94.01,A,7.9,No,Yes,Phd,Low,6,6.2,25.79,Bajo,-55.73,70.04,11.9
S2135,John,Davis,student1135@university.com,Female,19,Engineering,81.91,59.98,78.77,93.51,88.22,6.23,84.79,78.08,C,11.2,No,Yes,Master'S,Medium,1,8.7,27.74,Bajo,18.79,82.21,6.97
S2136,Omar,Smith,student1136@university.com,Female,22,Business,78.27,75.12,63.02,97.21,63.85,6.06,86.03,93.82,A,23.3,Yes,Yes,Phd,Low,10,7.6,38.42,Medio,-12.1,76.92,4.03
S2137,Sara,Johnson,student1137@university.com,Male,19,Cs,61.3,86.76,48.77,72.7,66.48,3.97,73.48,71.7,F,26.6,Yes,Yes,Unknown,Low,10,5.2,39.22,Medio,-37.99,63.09,2.7
S2138,Maria,Jones,student1138@university.com,Male,24,Engineering,95.9,95.24,42.66,53.98,92.17,8.23,76.51,89.77,A,11.6,Yes,Yes,Unknown,Medium,9,6.3,29.84,Bajo,-52.58,76.24,7.74
S2139,Ali,Jones,student1139@university.com,Male,21,Cs,59.56,85.33,49.56,62.88,52.61,9.3,81.72,93.5,F,19.7,Yes,No,Unknown,High,9,8.0,41.48,Medio,-35.77,72.55,4.75
S2140,Emma,Smith,student1140@university.com,Male,22,Engineering,89.75,80.47,97.45,61.65,96.38,0.06,86.56,92.32,A,5.9,Yes,Yes,Unknown,High,4,5.0,28.16,Bajo,16.98,61.3,15.65
S2141,Ali,Jones,student1141@university.com,Male,18,Cs,98.33,67.96,83.65,61.95,50.07,0.79,54.84,93.57,A,6.9,No,Yes,Bachelor'S,High,2,5.0,23.97,Bajo,15.69,43.69,13.56
S2142,Liam,Jones,student1142@university.com,Female,18,Business,86.35,76.32,71.66,74.69,96.96,6.75,61.24,60.98,A,29.1,No,Yes,Master'S,High,8,4.9,27.89,Bajo,-4.66,75.1,2.1
S2143,Omar,Jones,student1143@university.com,Female,24,Cs,99.64,45.65,96.49,79.16,72.74,2.36,98.15,71.95,A,27.4,Yes,Yes,High School,Medium,7,7.0,31.06,Medio,50.84,68.41,2.63
S2144,Maria,Johnson,student1144@university.com,Female,19,Cs,82.55,93.04,77.15,56.13,55.11,9.12,66.76,58.73,D,7.0,Yes,Yes,Phd,Low,1,4.1,19.7,Bajo,-15.89,67.3,8.39
S2145,Emma,Smith,student1145@university.com,Female,23,Business,60.87,72.63,83.54,94.47,83.71,6.67,63.42,59.03,F,25.6,No,Yes,Master'S,High,6,6.9,35.22,Medio,10.91,77.08,2.31
S2146,Omar,Jones,student1146@university.com,Male,18,Cs,60.19,42.41,56.96,81.0,94.79,3.68,71.1,74.39,D,7.6,No,Yes,Phd,Low,10,8.1,62.41,Alto,14.55,70.92,9.79
S2147,Sara,Jones,student1147@university.com,Male,18,Cs,66.23,95.19,75.34,79.86,71.9,4.15,64.55,98.0,D,25.7,Yes,Yes,Bachelor'S,High,5,7.9,24.3,Bajo,-19.85,64.45,3.81
S2148,John,Johnson,student1148@university.com,Female,18,Cs,50.36,69.36,48.61,99.36,84.57,6.91,54.56,79.6,F,27.8,Yes,Yes,Unknown,Medium,2,7.3,29.89,Bajo,-20.75,76.9,2.86
S2149,Ali,Smith,student1149@university.com,Male,21,Cs,84.08,92.12,64.27,81.41,98.97,1.41,60.4,92.69,C,8.8,Yes,Yes,High School,Medium,5,5.1,27.42,Bajo,-27.85,63.72,10.53
S2150,Ahmed,Williams,student1150@university.com,Female,18,Mathematics,63.43,91.41,41.99,96.45,62.04,8.83,82.01,96.86,A,8.7,No,No,Unknown,Low,6,8.1,37.14,Medio,-49.42,82.2,11.13
S2151,Ahmed,Johnson,student1151@university.com,Female,20,Business,90.76,88.95,53.0,64.31,91.02,0.05,61.16,54.33,A,28.2,Yes,Yes,Bachelor'S,Low,10,8.8,27.45,Bajo,-35.95,54.25,1.93
S2152,Maria,Smith,student1152@university.com,Female,22,Cs,67.96,43.68,44.49,62.01,64.76,9.79,82.38,58.1,C,12.5,Yes,Yes,Bachelor'S,Medium,6,4.9,47.97,Medio,0.81,76.76,4.65
S2153,Sara,Jones,student1153@university.com,Female,24,Business,74.0,54.82,63.27,75.83,71.32,1.68,55.0,64.54,F,16.8,No,Yes,Unknown,Low,2,8.6,31.48,Medio,8.45,54.74,3.84
S2154,Liam,Smith,student1154@university.com,Male,18,Engineering,98.28,92.53,90.58,75.43,64.09,7.42,52.09,80.84,A,12.6,No,Yes,Unknown,Low,1,8.3,11.54,Bajo,-1.95,66.45,6.42
S2155,Ali,Smith,student1155@university.com,Female,23,Mathematics,62.11,93.94,62.68,61.32,72.3,0.4,93.08,53.09,D,23.7,No,Yes,Unknown,Low,4,8.9,24.9,Bajo,-31.26,57.68,2.24
S2156,Sara,Davis,student1156@university.com,Male,23,Cs,86.06,67.48,89.9,84.98,50.25,4.31,88.0,89.33,A,10.3,Yes,Yes,High School,Medium,4,5.6,31.15,Medio,22.42,66.58,8.67
S2157,Ali,Smith,student1157@university.com,Female,18,Engineering,87.76,66.4,79.39,51.48,65.17,6.3,83.3,53.19,B,17.4,Yes,Yes,Unknown,Medium,9,8.7,38.44,Medio,12.99,65.74,3.06
S2158,Maria,Williams,student1158@university.com,Female,18,Engineering,61.05,50.51,70.57,84.53,72.26,0.7,51.54,57.92,D,26.3,No,Yes,Bachelor'S,Medium,1,4.9,30.33,Medio,20.06,53.83,2.2
S2159,Maria,Smith,student1159@university.com,Female,20,Engineering,75.05,98.1,54.21,72.86,81.61,4.43,61.97,69.09,A,28.6,No,Yes,Phd,Low,10,4.9,30.0,Medio,-43.89,65.18,2.42
S2160,Liam,Williams,student1160@university.com,Female,18,Engineering,67.51,52.79,95.33,74.81,81.87,3.03,90.62,77.89,F,13.8,No,No,High School,Medium,1,4.5,33.63,Medio,42.54,69.4,5.64
S2161,Ahmed,Jones,student1161@university.com,Male,18,Cs,88.6,51.46,43.25,73.85,79.19,4.98,57.23,94.08,B,7.8,No,Yes,Unknown,Low,8,6.1,45.21,Medio,-8.21,65.02,12.06
S2162,Sara,Williams,student1162@university.com,Female,22,Business,81.12,79.64,81.33,74.81,64.65,5.05,90.64,98.19,B,25.2,No,Yes,Phd,Low,5,4.1,24.0,Bajo,1.69,70.15,3.9
S2163,Emma,Jones,student1163@university.com,Male,23,Engineering,73.8,54.57,77.27,66.73,97.37,7.85,79.21,94.23,C,7.8,Yes,Yes,Unknown,Medium,9,5.9,51.68,Medio,22.7,80.45,12.08
S2164,Ahmed,Jones,student1164@university.com,Female,20,Mathematics,88.97,96.33,66.46,99.13,69.6,1.24,87.02,55.35,B,24.5,No,Yes,Bachelor'S,Medium,6,7.1,18.82,Bajo,-29.87,67.04,2.26
S2165,Sara,Williams,student1165@university.com,Female,23,Cs,61.76,40.65,54.42,53.25,60.84,0.83,82.23,81.56,D,22.2,No,Yes,Master'S,Medium,10,4.4,55.09,Alto,13.77,51.16,3.67
S2166,Ahmed,Johnson,student1166@university.com,Female,20,Engineering,87.68,40.35,65.84,84.19,77.73,4.02,70.85,72.09,A,19.4,No,Yes,Unknown,Medium,3,8.1,31.95,Medio,25.49,68.24,3.72
S2167,Emma,Brown,student1167@university.com,Male,23,Mathematics,93.27,70.29,92.37,72.71,87.45,8.88,64.6,56.29,B,28.5,Yes,Yes,Unknown,Medium,1,5.5,12.02,Bajo,22.08,78.39,1.98
S2168,John,Smith,student1168@university.com,Female,18,Engineering,93.93,69.28,90.21,91.11,50.61,8.55,83.64,77.76,B,13.1,No,Yes,Phd,Low,10,4.2,39.79,Medio,20.93,77.72,5.94
S2169,John,Davis,student1169@university.com,Female,23,Business,89.18,49.8,96.48,89.48,63.82,5.6,90.35,67.83,A,7.3,No,Yes,Phd,Low,6,5.9,41.31,Medio,46.68,74.91,9.29
S2170,Liam,Brown,student1170@university.com,Female,23,Business,70.4,69.67,58.47,90.01,91.25,8.89,52.24,67.29,C,29.5,No,Yes,Unknown,Low,3,4.7,24.15,Bajo,-11.2,80.6,2.28
S2171,John,Smith,student1171@university.com,Female,20,Cs,99.09,64.7,63.23,54.74,75.35,8.05,69.0,54.72,A,16.0,No,Yes,Unknown,High,4,8.0,24.58,Bajo,-1.47,69.9,3.42
S2172,John,Smith,student1172@university.com,Female,24,Engineering,75.725,93.42,41.12,74.81,70.42,2.78,67.54,98.94,B,15.8,Yes,Yes,Unknown,Low,3,5.7,22.01,Bajo,-52.3,60.14,6.26
S2173,Omar,Jones,student1173@university.com,Male,19,Cs,75.725,40.56,96.58,60.7,96.55,1.7,77.97,86.3,F,7.2,No,Yes,Bachelor'S,High,7,4.6,51.06,Medio,56.02,63.06,11.99
S2174,Ali,Smith,student1174@university.com,Male,20,Engineering,58.05,98.58,59.76,74.81,54.48,3.01,55.7,64.02,C,23.6,No,No,Unknown,Medium,9,6.3,36.09,Medio,-38.82,53.77,2.71
S2175,Omar,Davis,student1175@university.com,Female,20,Cs,99.02,77.46,64.25,60.89,80.78,2.27,96.67,95.87,B,23.0,Yes,Yes,Master'S,Medium,5,6.3,19.49,Bajo,-13.21,65.26,4.17
S2176,Omar,Smith,student1176@university.com,Female,20,Business,75.725,49.11,94.47,73.96,67.11,6.23,77.43,97.4,A,8.6,No,Yes,Master'S,Medium,6,5.4,45.57,Medio,45.36,70.2,11.33
S2177,Liam,Williams,student1177@university.com,Male,21,Engineering,87.67,42.81,71.6,87.11,53.54,5.85,96.19,90.52,A,10.8,No,Yes,High School,Medium,5,5.6,39.96,Medio,28.79,73.84,8.38
S2178,Omar,Brown,student1178@university.com,Female,24,Engineering,75.725,72.29,73.97,60.93,60.69,5.98,90.85,82.97,F,5.4,No,Yes,Unknown,Low,3,7.8,33.55,Medio,1.68,68.07,15.36
S2179,John,Williams,student1179@university.com,Male,21,Cs,88.17,54.09,50.57,55.65,81.4,1.89,59.58,68.82,A,27.2,Yes,Yes,Unknown,Low,3,7.2,23.76,Bajo,-3.52,53.88,2.53
S2180,Emma,Davis,student1180@university.com,Female,21,Mathematics,75.725,58.07,69.92,74.81,51.41,7.92,56.62,71.72,F,11.1,No,Yes,Bachelor'S,Low,4,5.1,37.19,Medio,11.85,65.51,6.46
S2181,Liam,Smith,student1181@university.com,Female,20,Cs,83.59,54.71,95.09,99.19,79.61,4.34,93.06,72.75,B,28.2,No,Yes,Phd,High,5,8.7,29.12,Bajo,40.38,78.82,2.58
S2182,Liam,Davis,student1182@university.com,Male,19,Cs,64.6,79.01,73.52,80.04,97.84,4.72,76.81,97.44,D,19.3,No,Yes,Unknown,Medium,7,5.5,37.37,Medio,-5.49,75.47,5.05
S2183,Maria,Jones,student1183@university.com,Female,20,Cs,75.725,73.21,55.31,84.55,89.75,9.97,50.99,88.01,B,15.6,No,Yes,Master'S,Medium,9,6.7,41.51,Medio,-17.9,81.25,5.64
S2184,Liam,Williams,student1184@university.com,Male,18,Mathematics,55.52,44.68,41.87,78.06,67.28,2.82,96.71,64.6,F,5.2,No,Yes,High School,High,5,6.9,53.45,Medio,-2.81,67.56,12.42
S2185,Maria,Williams,student1185@university.com,Male,19,Mathematics,73.58,71.59,60.18,89.12,56.91,3.94,73.65,81.23,D,7.3,Yes,No,Phd,Medium,2,5.1,31.34,Medio,-11.41,64.77,11.13
S2186,Liam,Johnson,student1186@university.com,Male,21,Engineering,75.725,87.47,74.36,98.79,73.25,6.76,65.05,79.7,C,9.0,Yes,Yes,Phd,Low,9,5.5,40.53,Medio,-13.11,76.17,8.86
S2187,Ali,Smith,student1187@university.com,Female,23,Business,67.45,44.87,42.56,77.21,69.65,8.8,75.83,90.61,B,7.6,Yes,Yes,Unknown,High,5,6.4,48.02,Medio,-2.31,77.67,11.92
S2188,John,Jones,student1188@university.com,Male,23,Cs,58.13,93.38,76.59,74.81,98.59,1.27,91.15,54.77,C,11.4,No,Yes,High School,Low,6,5.3,37.05,Medio,-16.79,69.31,4.8
S2189,Liam,Williams,student1189@university.com,Male,24,Mathematics,61.5,74.7,71.4,93.02,99.49,7.35,55.51,85.06,C,8.9,Yes,Yes,Unknown,Low,9,5.5,49.39,Medio,-3.3,80.38,9.56
S2190,John,Williams,student1190@university.com,Female,22,Cs,53.83,97.04,87.01,98.49,70.53,9.18,67.95,66.56,C,21.6,No,Yes,Unknown,Low,4,7.1,27.91,Bajo,-10.03,82.19,3.08
S2191,John,Jones,student1191@university.com,Female,24,Cs,96.0,48.89,41.73,56.46,57.44,4.23,65.94,56.48,B,12.4,No,Yes,Bachelor'S,Medium,3,7.7,29.98,Bajo,-7.16,55.54,4.55
S2192,Ahmed,Davis,student1192@university.com,Female,19,Cs,76.52,99.61,86.85,78.91,95.53,2.87,91.98,86.59,B,23.0,Yes,Yes,Unknown,High,4,8.0,18.5,Bajo,-12.76,73.78,3.76
S2193,Liam,Davis,student1193@university.com,Female,21,Engineering,69.84,78.66,71.25,74.81,89.68,6.78,88.92,66.58,F,8.4,No,Yes,Phd,Medium,8,4.6,43.31,Medio,-7.41,80.3,7.93
S2194,Sara,Smith,student1194@university.com,Female,19,Business,75.725,74.05,62.23,76.67,75.56,2.46,70.01,86.51,C,10.2,No,Yes,Master'S,Medium,7,7.7,39.51,Medio,-11.82,61.71,8.48
S2195,Ahmed,Johnson,student1195@university.com,Female,19,Cs,81.41,70.92,97.92,70.46,68.27,3.84,83.22,58.12,F,24.7,Yes,Yes,Unknown,Medium,7,8.7,31.21,Medio,27.0,65.09,2.35
S2196,Sara,Williams,student1196@university.com,Male,23,Mathematics,75.725,41.42,49.61,82.76,72.41,8.97,69.72,99.3,C,20.9,Yes,Yes,Master'S,Medium,1,6.9,30.62,Medio,8.19,78.65,4.75
S2197,John,Johnson,student1197@university.com,Female,20,Engineering,58.93,96.38,72.48,63.51,95.09,5.9,78.57,90.17,F,7.4,No,No,Unknown,Medium,2,7.0,28.98,Bajo,-23.9,74.04,12.19
S2198,John,Davis,student1198@university.com,Male,18,Cs,64.78,78.64,59.26,67.46,59.23,0.95,99.56,64.46,B,29.0,No,Yes,Unknown,Low,3,8.8,23.68,Bajo,-19.38,58.94,2.22
S2199,Ahmed,Davis,student1199@university.com,Female,22,Engineering,98.79,45.5,71.65,99.61,90.34,3.3,76.78,87.03,A,24.1,No,Yes,Unknown,Low,1,8.3,19.72,Bajo,26.15,74.93,3.61
S2200,Ahmed,Brown,student1200@university.com,Male,21,Engineering,75.725,41.26,73.14,81.82,50.91,6.27,99.43,56.79,B,18.8,No,Yes,Unknown,Low,9,6.8,49.5,Medio,31.88,73.72,3.02
S2201,Sara,Smith,student1201@university.com,Male,19,Business,51.13,43.05,45.37,93.65,96.03,4.81,87.36,82.67,C,13.6,No,Yes,High School,Medium,9,7.8,60.17,Alto,2.32,81.28,6.08
S2202,Maria,Brown,student1202@university.com,Female,22,Engineering,57.38,76.56,79.67,90.39,75.01,6.6,56.04,52.98,D,7.3,No,Yes,High School,Medium,5,4.9,42.19,Medio,3.11,71.86,7.26
S2203,Sara,Brown,student1203@university.com,Female,19,Engineering,51.32,76.84,78.07,82.61,61.34,7.61,89.8,66.67,D,14.0,No,Yes,Bachelor'S,Medium,4,6.1,38.65,Medio,1.23,77.46,4.76
S2204,Ahmed,Brown,student1204@university.com,Male,23,Cs,99.5,69.98,86.17,92.04,50.14,4.81,58.06,98.92,B,13.1,No,Yes,Master'S,Low,3,7.6,22.08,Bajo,16.19,62.08,7.55
S2205,Emma,Smith,student1205@university.com,Female,18,Engineering,63.94,58.41,45.44,64.36,77.98,9.87,76.62,56.05,A,7.0,No,Yes,Unknown,Low,9,5.4,54.38,Medio,-12.97,79.41,8.01
S2206,Ahmed,Smith,student1206@university.com,Female,23,Mathematics,96.18,71.9,57.84,81.86,62.22,9.15,80.66,79.87,A,24.6,No,No,Unknown,Medium,2,6.3,14.69,Bajo,-14.06,79.06,3.25
S2207,Emma,Jones,student1207@university.com,Male,22,Cs,99.79,70.98,79.01,79.53,81.56,0.6,94.61,53.53,B,15.4,No,Yes,Master'S,Low,8,4.9,31.64,Medio,8.03,65.42,3.48
S2208,Ali,Johnson,student1208@university.com,Male,21,Business,79.99,41.16,48.2,81.12,64.06,2.66,60.52,83.47,C,27.2,No,No,Unknown,Medium,7,8.5,39.39,Medio,7.04,58.08,3.07
S2209,Ahmed,Johnson,student1209@university.com,Male,19,Engineering,51.66,56.95,80.66,58.43,54.4,3.01,93.8,63.93,F,8.9,No,Yes,Phd,High,2,8.5,42.61,Medio,23.71,59.18,7.18
S2210,Ali,Jones,student1210@university.com,Female,18,Cs,75.725,43.19,43.54,63.86,75.25,1.84,96.72,65.5,C,12.9,Yes,Yes,Unknown,Low,3,6.4,38.53,Medio,0.35,63.56,5.08
S2211,Maria,Jones,student1211@university.com,Female,23,Mathematics,74.08,94.01,60.1,64.33,78.22,3.12,54.47,66.89,D,12.0,Yes,Yes,Unknown,Low,2,5.0,22.09,Bajo,-33.91,57.06,5.57
S2212,Sara,Davis,student1212@university.com,Female,22,Engineering,70.31,83.51,90.8,80.1,72.63,4.25,94.26,60.26,B,26.6,No,Yes,Unknown,High,3,7.4,21.48,Bajo,7.29,72.37,2.27
S2213,Emma,Brown,student1213@university.com,Female,23,Cs,80.31,99.77,86.46,98.63,72.9,0.52,62.96,97.08,D,17.7,No,Yes,High School,Low,4,5.1,19.78,Bajo,-13.31,59.92,5.48
S2214,Sara,Jones,student1214@university.com,Male,19,Cs,71.94,58.13,78.69,97.7,79.48,1.27,54.05,95.29,C,8.5,No,Yes,Unknown,High,5,5.1,42.02,Medio,20.56,60.98,11.21
S2215,Ali,Williams,student1215@university.com,Female,19,Cs,75.725,92.71,92.23,61.36,76.32,0.96,97.93,93.5,A,13.9,Yes,Yes,Unknown,High,2,8.9,20.96,Bajo,-0.48,61.3,6.73
S2216,Emma,Johnson,student1216@university.com,Male,21,Business,76.74,76.18,82.56,65.24,56.63,0.46,69.61,55.32,D,28.6,No,No,High School,Medium,7,4.5,29.32,Bajo,6.38,49.02,1.93
S2217,Sara,Jones,student1217@university.com,Female,18,Engineering,84.69,67.19,71.16,51.8,59.85,4.81,81.15,61.67,D,18.8,No,Yes,Unknown,Medium,4,5.9,27.47,Bajo,3.97,60.22,3.28
S2218,Ahmed,Williams,student1218@university.com,Female,20,Mathematics,75.725,53.35,98.78,69.94,57.09,3.34,77.64,80.61,C,5.9,No,Yes,Unknown,Low,1,6.8,34.54,Medio,45.43,59.52,13.66
S2219,John,Williams,student1219@university.com,Male,23,Cs,75.725,84.3,81.69,91.73,84.66,9.35,60.66,98.52,C,6.4,No,Yes,Unknown,Low,4,4.5,31.67,Medio,-2.61,82.64,15.39
S2220,Ali,Williams,student1220@university.com,Female,19,Cs,61.49,94.25,76.08,95.79,76.43,1.03,83.48,80.24,B,10.9,No,Yes,Master'S,Medium,9,4.2,42.53,Medio,-18.17,66.5,7.36
S2221,Sara,Davis,student1221@university.com,Female,22,Cs,55.37,54.12,64.53,61.82,71.49,9.26,52.31,66.36,F,20.5,No,Yes,High School,Medium,5,6.7,43.02,Medio,10.41,69.56,3.24
S2222,Ali,Davis,student1222@university.com,Male,23,Engineering,56.98,50.52,94.14,63.29,89.92,0.87,60.15,90.87,D,11.1,No,Yes,High School,High,2,4.6,41.57,Medio,43.62,55.52,8.19
S2223,Omar,Williams,student1223@university.com,Female,21,Mathematics,75.63,81.77,57.74,61.04,66.29,6.19,97.23,56.77,D,26.3,No,Yes,Master'S,Medium,6,5.3,26.96,Bajo,-24.03,71.62,2.16
S2224,Ali,Davis,student1224@university.com,Male,21,Engineering,66.06,98.62,40.55,67.51,78.41,2.48,97.68,94.09,F,20.7,No,Yes,High School,Medium,7,6.5,30.28,Medio,-58.07,67.1,4.55
S2225,Emma,Brown,student1225@university.com,Male,19,Cs,75.725,85.0,51.8,90.24,53.72,8.27,74.13,98.73,B,12.5,No,Yes,Phd,Low,2,5.7,23.97,Bajo,-33.2,75.2,7.9
S2226,Omar,Williams,student1226@university.com,Male,19,Business,99.12,57.07,46.57,82.34,87.22,0.61,58.45,98.38,A,14.8,No,Yes,Unknown,Medium,10,7.6,40.79,Medio,-10.5,58.53,6.65
S2227,Liam,Brown,student1227@university.com,Male,19,Business,57.84,65.2,59.14,89.3,84.76,9.53,71.08,57.38,C,14.4,Yes,Yes,Bachelor'S,Low,2,8.8,35.22,Medio,-6.06,85.11,3.98
S2228,Emma,Brown,student1228@university.com,Female,24,Cs,77.04,63.06,89.55,74.81,90.12,0.47,93.85,77.48,F,12.9,No,Yes,Unknown,Medium,10,7.8,47.67,Medio,26.49,65.87,6.01
S2229,John,Williams,student1229@university.com,Female,20,Business,54.94,91.13,79.09,62.89,94.22,2.41,53.51,79.25,C,20.7,No,Yes,High School,High,3,9.0,27.53,Bajo,-12.04,58.68,3.83
S2230,Omar,Johnson,student1230@university.com,Female,19,Cs,65.92,86.28,50.14,61.4,87.9,4.64,56.39,59.75,F,10.0,Yes,Yes,Bachelor'S,Medium,10,5.9,46.04,Medio,-36.14,63.02,5.98
S2231,Liam,Williams,student1231@university.com,Male,23,Cs,75.725,75.34,87.33,50.45,92.22,7.56,94.78,77.34,A,12.3,No,Yes,Master'S,Low,4,5.5,31.41,Medio,11.99,78.26,6.29
S2232,Ahmed,Williams,student1232@university.com,Female,23,Cs,97.33,56.5,70.25,89.05,67.28,9.51,70.77,82.33,A,7.1,No,Yes,Unknown,Medium,5,5.1,34.32,Medio,13.75,80.55,11.6
S2233,Ali,Davis,student1233@university.com,Female,24,Engineering,69.56,96.28,70.76,92.36,67.17,4.28,54.17,66.45,F,14.4,Yes,Yes,Master'S,High,3,8.4,24.01,Bajo,-25.52,64.12,4.61
S2234,Sara,Williams,student1234@university.com,Female,24,Engineering,53.25,79.2,61.73,88.41,97.22,7.57,56.96,65.78,D,6.6,No,No,Bachelor'S,Medium,4,5.9,40.97,Medio,-17.47,79.57,9.97
S2235,Maria,Johnson,student1235@university.com,Female,18,Cs,69.41,98.23,91.88,53.72,95.73,7.27,94.12,53.01,C,5.4,No,Yes,Unknown,Medium,7,7.6,36.87,Medio,-6.35,79.07,9.82
S2236,Ali,Davis,student1236@university.com,Male,22,Cs,75.725,74.81,59.1,88.11,77.42,5.71,74.51,97.84,C,21.1,No,Yes,Master'S,Medium,6,7.4,31.61,Medio,-15.71,74.28,4.64
S2237,Liam,Smith,student1237@university.com,Male,19,Business,61.5,89.27,45.65,52.29,68.33,6.91,58.15,90.18,A,9.1,No,Yes,Bachelor'S,High,2,4.3,29.37,Bajo,-43.62,61.97,9.91
S2238,Ali,Smith,student1238@university.com,Female,23,Mathematics,80.9,88.79,58.16,55.28,93.3,0.38,94.7,87.97,F,5.9,No,Yes,Unknown,Low,7,8.4,35.43,Medio,-30.63,61.77,14.91
S2239,John,Brown,student1239@university.com,Male,24,Business,53.37,60.24,82.92,72.02,66.17,4.42,92.26,51.09,D,6.7,No,Yes,High School,High,2,6.4,42.12,Medio,22.68,68.66,7.63
S2240,Ahmed,Brown,student1240@university.com,Female,23,Cs,73.24,97.84,79.45,73.81,57.68,7.86,51.15,81.22,C,10.0,Yes,Yes,Unknown,High,3,5.1,24.46,Bajo,-18.39,65.31,8.12
S2241,Maria,Johnson,student1241@university.com,Female,23,Cs,80.47,41.32,51.28,90.81,81.97,4.74,79.05,59.03,B,23.0,No,Yes,Bachelor'S,Medium,1,8.9,27.94,Bajo,9.96,74.81,2.57
S2242,Omar,Jones,student1242@university.com,Female,24,Cs,71.09,86.12,46.71,83.98,52.13,8.74,62.22,83.09,D,5.3,No,Yes,Unknown,Medium,6,7.8,37.74,Medio,-39.41,71.43,15.68
S2243,Omar,Smith,student1243@university.com,Male,20,Cs,50.96,97.93,79.65,74.81,68.96,8.34,76.66,81.06,C,23.2,Yes,Yes,Unknown,High,10,7.1,41.18,Medio,-18.28,75.96,3.49
S2244,Omar,Brown,student1244@university.com,Female,24,Engineering,75.725,60.33,80.58,61.31,90.38,8.63,63.96,92.6,A,19.9,No,Yes,Unknown,High,4,8.9,32.11,Medio,20.25,75.49,4.65
S2245,Liam,Smith,student1245@university.com,Male,24,Engineering,68.36,78.89,61.97,64.28,64.76,1.3,65.79,62.77,C,17.8,Yes,Yes,Master'S,High,9,7.8,41.28,Medio,-16.92,51.96,3.53
S2246,Emma,Johnson,student1246@university.com,Male,22,Business,75.725,73.73,90.57,56.18,96.57,2.44,80.09,51.37,D,27.7,Yes,Yes,High School,Medium,4,4.6,24.19,Bajo,16.84,64.31,1.85
S2247,Emma,Johnson,student1247@university.com,Female,24,Engineering,66.28,85.69,98.69,74.81,97.79,0.3,76.94,95.71,F,25.7,Yes,Yes,Unknown,Low,10,9.0,38.24,Medio,13.0,63.14,3.72
S2248,Sara,Jones,student1248@university.com,Male,21,Cs,73.75,91.97,52.34,86.43,90.79,9.83,69.76,95.43,B,15.5,Yes,Yes,Bachelor'S,Low,6,7.0,29.96,Bajo,-39.63,86.32,6.16
S2249,Maria,Jones,student1249@university.com,Male,24,Cs,69.42,76.18,74.62,62.07,99.38,2.36,55.38,72.79,C,5.2,No,Yes,High School,High,8,5.5,45.8,Medio,-1.56,60.11,14.0
S2250,Omar,Davis,student1250@university.com,Female,23,Engineering,67.13,88.95,40.32,91.77,76.54,3.67,98.47,53.9,A,22.8,No,Yes,Phd,Medium,5,8.1,27.31,Bajo,-48.63,75.87,2.36
S2251,Emma,Johnson,student1251@university.com,Male,19,Cs,51.09,58.74,82.78,73.48,78.46,2.75,58.73,74.9,F,6.2,Yes,Yes,Phd,Low,3,4.2,45.84,Medio,24.04,59.54,12.08
S2252,Liam,Brown,student1252@university.com,Male,23,Cs,68.0,53.72,64.86,66.15,91.81,0.4,81.66,76.2,B,12.0,No,Yes,Bachelor'S,Low,9,7.3,51.86,Medio,11.14,60.9,6.35
S2253,Sara,Smith,student1253@university.com,Female,22,Cs,94.47,65.84,51.6,70.62,74.64,2.61,54.14,91.09,A,17.3,Yes,Yes,Unknown,Low,3,4.8,22.98,Bajo,-14.24,56.38,5.27
S2254,Ahmed,Williams,student1254@university.com,Female,21,Cs,84.52,80.66,85.13,74.81,70.34,0.98,84.42,85.86,A,7.5,Yes,Yes,High School,Low,9,4.4,40.25,Medio,4.47,59.84,11.45
S2255,Sara,Jones,student1255@university.com,Male,24,Cs,57.27,51.23,88.64,75.84,80.74,3.94,54.74,53.54,D,22.0,No,Yes,High School,High,2,5.8,35.81,Medio,37.41,62.68,2.43
S2256,Emma,Williams,student1256@university.com,Female,20,Business,79.56,80.82,46.67,50.36,82.88,9.67,61.48,85.27,C,13.0,No,Yes,High School,High,8,5.8,36.96,Medio,-34.15,72.86,6.56
S2257,John,Brown,student1257@university.com,Female,18,Business,94.61,63.65,42.46,96.12,87.54,6.98,82.35,56.79,A,14.0,No,Yes,Bachelor'S,High,6,7.0,31.9,Medio,-21.19,83.95,4.06
S2258,Liam,Jones,student1258@university.com,Male,24,Cs,85.0,87.73,60.04,53.3,83.41,7.07,64.15,54.47,F,21.2,No,Yes,Phd,Low,9,6.8,31.11,Medio,-27.69,67.89,2.57
S2259,John,Williams,student1259@university.com,Male,19,Cs,57.43,42.21,77.56,96.93,87.29,4.53,76.64,69.93,D,15.0,No,Yes,Phd,Low,5,7.4,48.63,Medio,35.35,76.54,4.66
S2260,Omar,Brown,student1260@university.com,Female,18,Business,75.725,80.08,87.61,74.81,83.73,8.11,56.23,53.87,C,10.6,No,Yes,Master'S,Low,4,4.9,30.84,Medio,7.53,73.97,5.08
S2261,John,Smith,student1261@university.com,Male,20,Cs,65.08,78.99,72.76,74.81,74.02,9.08,60.12,91.46,F,9.4,Yes,Yes,Unknown,Low,2,8.4,31.05,Medio,-6.23,74.94,9.73
S2262,Omar,Brown,student1262@university.com,Female,22,Cs,72.7,96.46,74.84,76.73,56.75,9.62,86.69,73.16,D,23.1,Yes,Yes,Unknown,Low,1,8.3,14.07,Bajo,-21.62,79.09,3.17
S2263,Omar,Davis,student1263@university.com,Female,22,Cs,76.31,82.8,87.99,75.29,89.27,0.99,51.76,79.35,C,23.8,Yes,Yes,Phd,High,4,5.1,23.22,Bajo,5.19,56.56,3.33
S2264,Emma,Jones,student1264@university.com,Male,20,Cs,75.725,87.78,71.73,53.64,51.54,8.8,55.59,78.84,C,9.9,Yes,Yes,Phd,High,8,6.4,37.77,Medio,-16.05,62.19,7.96
S2265,John,Johnson,student1265@university.com,Male,23,Business,96.58,94.28,76.67,61.94,99.63,2.25,60.75,98.91,A,13.0,No,Yes,High School,Low,10,6.4,31.41,Medio,-17.61,61.2,7.61
S2266,Omar,Smith,student1266@university.com,Female,20,Business,96.48,80.5,70.97,88.88,91.42,3.97,51.01,95.79,B,28.9,Yes,Yes,Unknown,Low,9,8.6,25.41,Bajo,-9.53,67.75,3.31
S2267,Maria,Williams,student1267@university.com,Female,24,Cs,50.4,57.41,92.83,74.81,83.55,3.45,54.77,92.46,D,29.6,No,Yes,Phd,Low,1,8.5,30.34,Medio,35.42,61.91,3.12
S2268,Ahmed,Jones,student1268@university.com,Female,19,Cs,96.09,92.19,54.13,76.46,98.33,6.75,64.07,69.16,A,19.6,No,Yes,Master'S,Medium,2,4.3,11.13,Bajo,-38.06,76.59,3.53
S2269,Sara,Johnson,student1269@university.com,Female,21,Cs,52.72,84.85,55.84,67.67,80.62,5.98,54.65,57.25,F,23.9,No,Yes,Unknown,Medium,3,8.8,28.59,Bajo,-29.01,65.68,2.4
S2270,Sara,Brown,student1270@university.com,Male,24,Cs,63.29,65.47,47.68,53.0,52.82,1.09,93.31,79.59,B,23.7,Yes,Yes,Phd,Medium,8,4.3,41.91,Medio,-17.79,52.51,3.36
S2271,Emma,Johnson,student1271@university.com,Female,24,Mathematics,75.75,82.63,89.17,84.11,77.97,7.83,53.3,72.02,C,14.9,No,Yes,Unknown,High,9,6.7,39.03,Medio,6.54,73.42,4.83
S2272,John,Jones,student1272@university.com,Male,24,Engineering,74.0,92.06,64.71,63.92,63.86,4.4,93.05,61.28,F,6.2,No,Yes,Unknown,Low,3,5.6,27.83,Bajo,-27.35,66.21,9.88
S2273,John,Jones,student1273@university.com,Male,18,Engineering,80.24,98.54,60.87,52.75,68.47,0.02,91.14,54.88,F,23.5,No,Yes,Unknown,Low,4,6.0,17.27,Bajo,-37.67,53.14,2.34
S2274,Omar,Davis,student1274@university.com,Female,18,Business,73.97,97.14,98.88,83.29,72.98,4.15,55.04,71.8,A,8.4,No,No,Unknown,Low,8,7.1,36.32,Medio,1.74,63.2,8.55
S2275,Liam,Davis,student1275@university.com,Male,22,Business,96.72,59.52,95.61,74.29,88.73,5.16,51.26,82.54,A,12.3,No,Yes,Phd,Low,3,6.9,26.59,Bajo,36.09,66.47,6.71
S2276,Ali,Johnson,student1276@university.com,Male,24,Business,62.03,65.3,98.32,74.81,75.15,0.69,52.5,81.27,C,12.9,No,Yes,High School,Medium,6,4.8,43.36,Medio,33.02,52.34,6.3
S2277,Omar,Brown,student1277@university.com,Female,23,Cs,63.7,46.57,48.54,55.55,73.73,1.51,79.52,88.7,D,13.7,No,Yes,Master'S,Low,1,8.8,36.88,Medio,1.97,55.97,6.47
S2278,Ahmed,Johnson,student1278@university.com,Male,22,Cs,96.04,54.85,93.48,84.96,65.1,9.94,83.52,73.33,A,16.6,No,Yes,High School,Medium,7,4.1,34.96,Medio,38.63,83.24,4.42
S2279,Maria,Jones,student1279@university.com,Male,19,Engineering,75.725,92.95,59.72,53.18,76.99,8.71,81.03,66.08,F,17.5,No,Yes,Bachelor'S,Medium,5,5.7,25.75,Bajo,-33.23,74.57,3.78
S2280,Sara,Jones,student1280@university.com,Female,20,Cs,80.48,61.65,40.76,93.3,62.42,1.33,77.07,76.94,D,17.1,Yes,Yes,Bachelor'S,Medium,4,8.0,31.45,Medio,-20.89,61.52,4.5
S2281,Omar,Williams,student1281@university.com,Female,18,Mathematics,84.09,77.23,63.48,65.57,63.05,5.8,58.73,98.75,A,9.1,No,Yes,Master'S,Low,8,8.3,38.41,Medio,-13.75,61.34,10.85
S2282,Ali,Davis,student1282@university.com,Female,24,Engineering,75.28,79.96,70.55,54.43,87.86,3.79,92.05,52.25,D,21.2,No,Yes,High School,Medium,8,8.0,34.62,Medio,-9.41,68.06,2.46
S2283,Ali,Williams,student1283@university.com,Female,19,Mathematics,84.71,86.91,46.49,74.81,67.13,5.44,66.38,76.43,F,24.8,No,Yes,Unknown,Low,7,5.9,25.21,Bajo,-40.42,65.68,3.08
S2284,Omar,Smith,student1284@university.com,Female,22,Cs,58.64,50.97,72.26,76.22,52.57,4.71,99.31,66.46,C,16.5,No,Yes,Unknown,High,1,7.4,35.94,Medio,21.29,68.8,4.03
S2285,Emma,Jones,student1285@university.com,Female,22,Business,92.63,58.29,89.17,65.33,67.18,0.48,69.24,55.27,A,26.0,Yes,Yes,Master'S,Medium,10,7.8,37.09,Medio,30.88,51.64,2.13
S2286,Sara,Williams,student1286@university.com,Female,18,Cs,57.0,66.9,62.66,70.3,81.93,3.15,63.15,71.73,C,16.1,Yes,Yes,Unknown,Low,6,6.9,43.04,Medio,-4.24,61.72,4.46
S2287,Emma,Johnson,student1287@university.com,Male,22,Mathematics,70.04,61.89,61.16,51.07,90.7,1.26,94.71,82.06,D,19.2,Yes,Yes,High School,Medium,3,7.4,31.76,Medio,-0.73,62.27,4.27
S2288,Maria,Davis,student1288@university.com,Male,23,Cs,53.76,98.97,60.33,74.81,98.1,4.89,78.37,76.41,C,6.7,No,Yes,Unknown,Low,8,6.8,43.7,Medio,-38.64,75.04,11.4
S2289,Ali,Davis,student1289@university.com,Female,22,Engineering,77.26,90.1,95.39,68.29,87.31,9.07,86.09,51.46,B,8.7,No,Yes,Phd,Low,10,4.3,41.58,Medio,5.29,83.1,5.91
S2290,Ali,Brown,student1290@university.com,Male,21,Business,83.49,68.78,42.93,85.7,71.44,9.96,70.42,78.96,A,24.2,Yes,Yes,Unknown,Low,3,5.4,22.49,Bajo,-25.85,81.79,3.26
S2291,Ahmed,Johnson,student1291@university.com,Male,20,Engineering,97.06,92.76,66.7,81.41,64.96,9.44,94.35,61.6,B,11.2,No,Yes,Unknown,Low,8,7.5,28.16,Bajo,-26.06,83.78,5.5
S2292,Maria,Brown,student1292@university.com,Female,22,Engineering,86.97,60.86,55.88,82.56,56.48,9.86,95.89,67.07,A,7.3,No,Yes,Unknown,High,5,5.2,36.54,Medio,-4.98,83.38,9.19
S2293,Ali,Williams,student1293@university.com,Male,21,Mathematics,75.725,87.15,93.63,89.64,81.38,0.15,71.84,65.61,D,19.2,Yes,Yes,Unknown,Medium,5,6.3,26.64,Bajo,6.48,61.09,3.42
S2294,Maria,Smith,student1294@university.com,Female,19,Engineering,96.63,53.42,45.76,81.56,75.49,7.29,62.04,92.93,B,7.4,No,Yes,Master'S,Low,8,6.7,42.01,Medio,-7.66,73.0,12.56
S2295,Sara,Johnson,student1295@university.com,Male,22,Engineering,75.725,86.34,64.69,70.94,83.89,2.73,82.38,52.38,C,22.1,No,Yes,Phd,Medium,3,7.4,20.99,Bajo,-21.65,66.13,2.37
S2296,John,Johnson,student1296@university.com,Female,23,Cs,78.06,67.39,64.41,69.5,61.86,8.66,97.73,67.4,B,22.2,No,Yes,High School,Medium,4,5.3,28.03,Bajo,-2.98,78.92,3.04
S2297,Ali,Johnson,student1297@university.com,Male,19,Business,79.8,46.45,93.3,74.81,66.18,8.14,81.12,69.74,B,16.3,No,Yes,Bachelor'S,Low,1,7.0,29.98,Bajo,46.85,75.88,4.28
S2298,Ahmed,Brown,student1298@university.com,Male,24,Engineering,70.5,56.4,52.93,88.97,64.6,4.24,97.71,80.94,C,22.1,No,Yes,Unknown,Medium,9,7.0,45.13,Medio,-3.47,73.42,3.66
S2299,Sara,Williams,student1299@university.com,Male,22,Engineering,91.92,64.14,78.69,88.06,89.88,4.73,67.19,89.45,A,25.0,No,Yes,Phd,Medium,3,8.2,20.53,Bajo,14.55,73.11,3.58
S2300,Omar,Johnson,student1300@university.com,Female,18,Cs,59.26,84.96,48.06,62.31,58.56,2.65,95.75,86.38,F,9.9,No,Yes,Phd,Low,8,6.8,44.38,Medio,-36.9,60.78,8.73
S2301,Maria,Johnson,student1301@university.com,Male,21,Engineering,77.74,44.38,97.24,93.13,80.42,2.89,55.63,87.63,C,21.2,No,Yes,Phd,Medium,1,5.5,28.88,Bajo,52.86,64.52,4.13
S2302,Omar,Davis,student1302@university.com,Male,21,Cs,86.11,79.57,75.58,79.45,52.57,9.81,67.94,59.62,A,22.3,No,Yes,Phd,High,1,6.6,14.84,Bajo,-3.99,74.52,2.67
S2303,Emma,Smith,student1303@university.com,Female,18,Cs,95.2,82.96,77.58,73.93,77.48,8.89,74.72,95.59,A,9.9,Yes,Yes,Master'S,Low,6,4.5,27.95,Bajo,-5.38,78.76,9.66
S2304,Sara,Davis,student1304@university.com,Female,20,Engineering,94.2,79.24,66.03,74.81,53.2,1.92,82.66,70.71,A,23.2,No,Yes,Unknown,Medium,6,7.0,22.77,Bajo,-13.21,57.47,3.05
S2305,Omar,Davis,student1305@university.com,Male,24,Cs,75.44,85.64,60.54,69.14,58.79,2.76,64.71,50.56,D,23.0,No,Yes,Unknown,High,7,8.6,29.74,Bajo,-25.1,55.06,2.2
S2306,Liam,Smith,student1306@university.com,Male,23,Cs,75.725,50.69,52.76,82.03,55.65,1.09,96.21,83.4,C,8.9,No,Yes,High School,High,1,6.6,33.84,Medio,2.07,61.2,9.37
S2307,Liam,Williams,student1307@university.com,Male,21,Engineering,69.71,75.23,76.24,54.49,67.34,9.89,95.17,80.2,C,12.9,Yes,Yes,High School,Medium,3,5.5,31.03,Medio,1.01,78.98,6.22
S2308,Ali,Davis,student1308@university.com,Male,19,Cs,73.41,96.47,97.27,72.98,67.19,9.07,89.97,56.3,F,28.5,Yes,Yes,Phd,Medium,4,6.0,17.78,Bajo,0.8,80.21,1.98
S2309,Maria,Williams,student1309@university.com,Female,23,Cs,95.31,76.65,61.59,99.67,91.32,5.52,55.72,97.99,B,6.8,Yes,Yes,Phd,Medium,9,8.5,38.02,Medio,-15.06,75.48,14.41
S2310,John,Davis,student1310@university.com,Male,21,Cs,96.54,76.68,92.99,85.83,61.28,6.93,53.91,78.08,A,10.7,No,Yes,Bachelor'S,High,8,8.1,33.41,Medio,16.31,67.58,7.3
S2311,Sara,Jones,student1311@university.com,Male,24,Engineering,94.77,84.19,48.93,77.34,54.32,7.48,74.91,73.46,A,19.5,No,Yes,Unknown,Low,4,8.0,18.49,Bajo,-35.26,70.34,3.77
S2312,Ali,Smith,student1312@university.com,Female,20,Engineering,56.92,59.99,96.17,76.65,80.18,2.04,88.27,69.91,D,29.2,No,Yes,Phd,Medium,10,6.8,47.48,Medio,36.18,66.38,2.39
S2313,Ahmed,Davis,student1313@university.com,Male,24,Business,75.725,82.03,61.03,74.81,84.37,9.35,56.16,60.49,F,11.4,Yes,Yes,High School,Low,7,6.0,36.52,Medio,-21.0,77.21,5.31
S2314,Emma,Jones,student1314@university.com,Male,19,Cs,97.42,94.97,62.78,97.87,64.74,5.27,82.07,97.64,A,25.4,No,Yes,High School,Low,9,4.7,22.49,Bajo,-32.19,74.34,3.84
S2315,Maria,Brown,student1315@university.com,Male,24,Cs,68.06,40.65,67.77,96.41,80.14,0.92,76.39,85.11,B,14.2,No,Yes,Unknown,Medium,10,8.9,56.88,Alto,27.12,65.54,5.99
S2316,Sara,Jones,student1316@university.com,Female,23,Cs,75.93,92.21,83.09,84.12,88.8,3.97,86.3,78.38,C,13.8,No,Yes,Bachelor'S,Medium,10,4.9,38.86,Medio,-9.12,74.73,5.68
S2317,Liam,Johnson,student1317@university.com,Female,19,Engineering,88.95,53.12,83.18,54.95,67.38,6.02,71.77,81.56,A,29.9,No,Yes,Phd,Low,8,5.3,33.54,Medio,30.06,63.58,2.73
S2318,Sara,Davis,student1318@university.com,Male,18,Mathematics,78.1,67.36,68.78,60.39,76.27,3.53,84.66,92.02,F,25.4,No,Yes,Phd,Low,5,7.8,28.65,Bajo,1.42,64.16,3.62
S2319,John,Jones,student1319@university.com,Male,22,Cs,99.67,91.14,71.39,59.2,57.33,6.99,57.98,81.79,A,11.2,No,No,Phd,Low,9,5.8,29.95,Bajo,-19.75,61.1,7.3
S2320,Liam,Williams,student1320@university.com,Female,18,Cs,72.79,89.43,41.8,75.98,51.18,8.82,60.73,55.73,C,9.6,No,Yes,Unknown,High,5,6.9,31.78,Medio,-47.63,69.02,5.81
S2321,John,Brown,student1321@university.com,Male,23,Cs,85.7,93.52,58.26,60.39,99.07,7.72,95.17,84.86,A,7.1,No,No,Unknown,Medium,3,7.8,22.84,Bajo,-35.26,82.96,11.95
S2322,Ahmed,Davis,student1322@university.com,Male,22,Engineering,89.63,96.43,60.76,74.81,64.99,6.43,66.47,78.24,A,17.1,No,Yes,Unknown,Medium,6,6.8,22.26,Bajo,-35.67,67.64,4.58
S2323,Emma,Johnson,student1323@university.com,Female,18,Engineering,74.71,66.83,73.52,77.26,63.95,5.12,99.28,98.32,D,13.4,Yes,Yes,Phd,High,3,6.5,31.55,Medio,6.69,72.92,7.34
S2324,Ahmed,Jones,student1324@university.com,Female,22,Engineering,92.85,79.38,73.5,50.88,98.66,2.54,52.31,86.69,B,14.5,No,Yes,Phd,Medium,2,4.3,18.66,Bajo,-5.88,56.81,5.98
S2325,Ali,Brown,student1325@university.com,Female,21,Business,77.31,63.43,82.59,87.2,86.41,4.55,74.79,67.2,B,15.8,No,Yes,High School,High,7,6.4,39.35,Medio,19.16,73.48,4.25
S2326,Ali,Davis,student1326@university.com,Male,24,Engineering,70.58,61.04,83.02,59.44,79.26,2.93,66.25,56.77,F,29.8,No,Yes,Phd,High,3,6.3,26.53,Bajo,21.98,58.56,1.91
S2327,Ahmed,Brown,student1327@university.com,Male,19,Cs,55.39,65.9,54.11,91.24,84.97,9.34,99.8,74.11,C,5.1,No,Yes,Unknown,Low,5,8.4,47.18,Medio,-11.79,92.35,14.53
S2328,Emma,Johnson,student1328@university.com,Male,22,Cs,69.67,84.58,86.21,67.75,85.5,9.07,99.5,83.97,C,15.7,No,Yes,Bachelor'S,Medium,9,6.2,40.17,Medio,1.63,85.86,5.35
S2329,Ahmed,Jones,student1329@university.com,Male,21,Engineering,86.7,70.09,41.18,66.93,88.17,1.56,61.76,58.86,A,6.6,No,No,High School,Medium,4,7.1,31.99,Medio,-28.91,58.12,8.92
S2330,Emma,Brown,student1330@university.com,Female,24,Engineering,96.06,88.84,82.97,50.59,53.36,8.23,63.36,82.47,B,21.8,No,Yes,Unknown,Medium,9,7.9,26.6,Bajo,-5.87,62.4,3.78
S2331,Emma,Brown,student1331@university.com,Male,24,Engineering,62.58,84.71,46.12,99.39,70.64,7.03,87.48,91.28,B,6.3,No,Yes,Master'S,Medium,6,6.3,40.65,Medio,-38.59,81.95,14.49
S2332,Omar,Smith,student1332@university.com,Male,20,Engineering,67.76,41.23,83.78,80.6,64.76,9.75,94.48,57.85,F,24.2,No,Yes,High School,Low,3,5.3,36.26,Medio,42.55,84.34,2.39
S2333,Liam,Brown,student1333@university.com,Female,18,Engineering,75.725,77.81,71.63,71.14,53.53,4.63,83.18,85.29,A,26.7,No,Yes,High School,High,1,8.5,16.8,Bajo,-6.18,63.54,3.19
S2334,Maria,Smith,student1334@university.com,Female,20,Business,84.54,66.19,66.24,54.83,70.63,7.22,93.24,53.41,A,29.3,Yes,Yes,Master'S,Low,8,8.5,31.46,Medio,0.05,72.72,1.82
S2335,Emma,Jones,student1335@university.com,Male,23,Engineering,98.01,67.4,81.44,84.96,80.81,5.18,53.16,50.4,A,8.0,No,Yes,Master'S,Medium,10,8.5,41.48,Medio,14.04,67.68,6.3
S2336,John,Davis,student1336@university.com,Female,21,Business,82.05,89.1,42.18,64.14,58.92,0.69,82.03,51.63,A,29.5,Yes,Yes,Unknown,Low,4,5.4,16.47,Bajo,-46.92,53.0,1.75
S2337,Emma,Davis,student1337@university.com,Female,20,Cs,80.85,72.86,53.41,99.41,65.25,0.47,85.01,81.58,D,15.3,No,Yes,High School,Medium,6,5.6,33.31,Medio,-19.45,63.59,5.33
S2338,Emma,Jones,student1338@university.com,Male,20,Engineering,77.67,93.14,76.99,97.53,81.96,1.22,59.52,98.67,C,20.8,Yes,Yes,Bachelor'S,High,2,8.6,16.7,Bajo,-16.15,62.8,4.74
S2339,Emma,Jones,student1339@university.com,Male,24,Mathematics,54.42,82.77,90.83,86.76,78.97,2.96,88.9,88.57,D,5.0,No,Yes,Phd,Medium,4,4.6,40.29,Medio,8.06,71.06,17.71
S2340,Omar,Williams,student1340@university.com,Male,21,Cs,75.725,73.17,62.87,98.55,93.44,2.59,97.21,62.72,C,14.3,No,Yes,Master'S,Medium,8,7.3,39.95,Medio,-10.3,78.78,4.39
S2341,Liam,Jones,student1341@university.com,Male,24,Business,80.1,85.27,55.53,55.28,89.56,7.28,94.9,53.58,C,13.8,No,Yes,Unknown,Low,2,5.5,21.71,Bajo,-29.74,78.13,3.88
S2342,Omar,Brown,student1342@university.com,Female,19,Business,83.07,42.3,71.12,74.81,98.28,7.16,62.25,80.83,C,17.6,No,Yes,Master'S,Medium,6,7.6,40.55,Medio,28.82,76.74,4.59
S2343,Ali,Davis,student1343@university.com,Female,22,Cs,94.94,41.63,77.34,62.66,79.86,9.71,66.2,50.16,A,8.3,No,Yes,Unknown,High,2,8.2,32.35,Medio,35.71,76.46,6.04
S2344,Omar,Johnson,student1344@university.com,Male,23,Engineering,89.2,45.0,65.21,53.6,84.92,3.1,74.98,89.63,A,22.3,No,Yes,Phd,High,8,6.0,39.69,Medio,20.21,61.12,4.02
S2345,John,Davis,student1345@university.com,Male,23,Cs,89.05,66.25,92.6,98.61,93.03,9.38,57.92,62.16,A,19.9,No,Yes,Phd,Medium,3,4.8,23.45,Bajo,26.35,85.84,3.12
S2346,John,Smith,student1346@university.com,Female,18,Mathematics,75.725,54.13,71.41,53.0,92.0,6.13,97.7,64.96,D,10.3,Yes,Yes,Master'S,Medium,9,7.7,49.89,Medio,17.28,76.0,6.31
S2347,Omar,Davis,student1347@university.com,Male,24,Business,99.5,99.06,42.15,92.83,85.94,4.95,58.08,67.2,A,29.6,Yes,Yes,Phd,Low,6,4.3,11.77,Bajo,-56.91,71.59,2.27
S2348,Liam,Williams,student1348@university.com,Male,22,Cs,79.06,72.54,53.38,88.41,75.01,6.68,88.07,88.18,A,5.1,No,Yes,Phd,Medium,3,4.1,32.46,Medio,-19.16,79.57,17.29
S2349,Ahmed,Jones,student1349@university.com,Male,18,Cs,55.44,79.74,67.04,68.79,63.66,7.03,67.07,63.29,D,13.4,Yes,Yes,Bachelor'S,Medium,2,8.4,32.2,Medio,-12.7,67.46,4.72
S2350,Maria,Jones,student1350@university.com,Male,23,Engineering,75.725,56.73,81.86,50.94,93.86,1.72,78.69,64.22,B,11.5,No,No,Master'S,Low,8,8.1,46.28,Medio,25.13,60.17,5.58
S2351,Liam,Davis,student1351@university.com,Female,22,Cs,89.38,59.31,53.19,50.3,88.83,7.52,52.36,77.05,B,19.0,No,Yes,Unknown,High,4,6.9,28.09,Bajo,-6.12,66.67,4.06
S2352,Omar,Johnson,student1352@university.com,Male,20,Cs,51.39,60.13,98.58,60.2,91.9,7.25,60.25,73.15,C,27.2,Yes,Yes,Unknown,Medium,8,7.3,45.93,Medio,38.45,71.21,2.69
S2353,Emma,Johnson,student1353@university.com,Female,19,Engineering,52.84,81.92,59.11,74.69,57.04,9.98,72.22,97.78,D,21.4,Yes,Yes,Unknown,Medium,7,8.8,39.56,Medio,-22.81,75.94,4.57
S2354,Sara,Williams,student1354@university.com,Male,20,Cs,53.36,68.42,71.95,72.9,65.74,9.12,83.86,63.17,F,6.2,No,Yes,Bachelor'S,Low,2,4.3,39.92,Medio,3.53,78.42,10.19
S2355,Maria,Smith,student1355@university.com,Male,19,Cs,86.55,71.06,41.14,79.26,71.24,6.85,88.88,54.59,A,26.6,Yes,Yes,Master'S,Low,7,5.1,28.42,Bajo,-29.92,76.97,2.05
S2356,Maria,Davis,student1356@university.com,Female,24,Business,75.725,75.52,93.09,74.81,91.92,7.12,51.51,77.05,C,11.6,Yes,Yes,Phd,Medium,4,7.6,31.71,Medio,17.57,72.36,6.64
S2357,John,Jones,student1357@university.com,Male,21,Mathematics,68.44,86.13,87.33,68.87,94.64,9.46,57.62,59.23,C,7.8,No,Yes,Bachelor'S,Medium,6,5.3,37.42,Medio,1.2,78.93,7.59
S2358,Maria,Davis,student1358@university.com,Female,18,Business,55.28,45.42,51.73,74.81,64.24,9.67,86.49,70.68,D,15.8,No,Yes,Unknown,Medium,8,5.0,54.68,Medio,6.31,80.56,4.47
S2359,Omar,Williams,student1359@university.com,Male,18,Business,75.725,86.61,95.99,90.0,84.32,8.27,90.65,59.36,A,27.5,No,Yes,Master'S,Low,9,6.2,31.54,Medio,9.38,86.92,2.16
S2360,Emma,Brown,student1360@university.com,Male,21,Cs,66.05,73.79,58.95,66.63,53.89,7.67,61.83,94.05,C,5.9,No,Yes,Bachelor'S,Medium,4,7.6,38.46,Medio,-14.84,64.76,15.94
S2361,Emma,Brown,student1361@university.com,Male,22,Cs,63.27,80.15,81.53,64.34,70.48,1.11,61.48,66.37,B,20.6,No,Yes,Bachelor'S,Medium,3,5.1,27.95,Bajo,1.38,51.85,3.22
S2362,Ali,Williams,student1362@university.com,Male,21,Cs,82.62,59.65,89.14,88.22,74.33,8.3,54.4,88.74,F,13.3,No,Yes,Bachelor'S,Medium,2,6.1,28.76,Bajo,29.49,74.99,6.67
S2363,Emma,Jones,student1363@university.com,Male,24,Business,77.95,64.56,84.45,96.71,88.28,2.53,57.51,97.43,A,20.6,No,Yes,High School,Medium,4,6.6,29.72,Bajo,19.89,66.95,4.73
S2364,Liam,Williams,student1364@university.com,Female,23,Mathematics,68.12,53.87,95.05,95.75,94.6,5.64,50.4,97.03,B,11.7,No,Yes,Unknown,Medium,2,4.9,36.37,Medio,41.18,74.29,8.29
S2365,Emma,Jones,student1365@university.com,Female,21,Business,82.07,98.76,91.86,56.87,66.86,4.05,79.49,76.24,F,29.2,No,Yes,Bachelor'S,High,3,6.4,11.49,Bajo,-6.9,60.93,2.61
S2366,John,Johnson,student1366@university.com,Male,19,Business,75.725,69.82,99.68,74.81,76.39,3.46,95.19,99.16,F,7.8,No,Yes,High School,High,1,8.3,28.65,Bajo,29.86,70.25,12.71
S2367,Emma,Williams,student1367@university.com,Male,23,Engineering,89.74,99.76,50.96,54.64,82.37,3.1,57.48,82.8,A,8.9,No,Yes,Unknown,Medium,7,7.7,27.55,Bajo,-48.8,56.37,9.3
S2368,Ali,Jones,student1368@university.com,Female,21,Cs,61.47,69.39,58.29,98.05,66.43,8.55,87.57,56.42,C,6.1,No,Yes,High School,Low,6,6.5,45.73,Medio,-11.1,84.39,9.25
S2369,Sara,Williams,student1369@university.com,Female,18,Engineering,57.94,53.19,78.17,60.76,99.28,7.69,78.68,94.42,F,24.9,No,Yes,Phd,Low,1,4.6,31.31,Medio,24.98,78.9,3.79
S2370,Omar,Williams,student1370@university.com,Male,20,Cs,89.12,70.45,83.98,59.87,93.79,5.23,97.0,73.43,A,7.3,No,Yes,Unknown,Medium,9,4.1,41.8,Medio,13.53,75.74,10.06
S2371,John,Jones,student1371@university.com,Male,19,Cs,85.39,42.38,72.08,94.44,64.82,6.64,89.91,57.63,B,11.9,Yes,Yes,Bachelor'S,Low,6,4.3,42.56,Medio,29.7,78.89,4.84
S2372,Liam,Jones,student1372@university.com,Female,24,Engineering,59.13,94.29,44.44,98.39,75.4,9.85,92.64,89.57,C,10.1,No,Yes,Bachelor'S,Medium,5,7.8,34.86,Medio,-49.85,91.23,8.87
S2373,Sara,Smith,student1373@university.com,Male,19,Engineering,55.81,89.11,90.5,84.88,61.54,3.98,81.96,81.22,C,13.8,No,Yes,Bachelor'S,Medium,1,7.5,26.83,Bajo,1.39,67.04,5.89
S2374,John,Williams,student1374@university.com,Female,22,Engineering,91.92,83.55,97.65,56.05,75.73,5.51,90.57,94.11,A,24.1,Yes,Yes,Unknown,Medium,10,7.7,30.71,Medio,14.1,69.36,3.9
S2375,Ahmed,Brown,student1375@university.com,Male,20,Engineering,88.83,76.59,64.33,74.29,84.17,5.34,67.54,91.37,A,28.8,No,Yes,Unknown,Low,5,5.5,20.42,Bajo,-12.26,69.85,3.17
S2376,Maria,Williams,student1376@university.com,Female,19,Cs,66.36,74.79,53.49,90.83,54.28,9.36,60.45,66.01,A,27.0,Yes,No,Unknown,Low,2,4.4,23.06,Bajo,-21.3,74.79,2.44
S2377,Ahmed,Williams,student1377@university.com,Female,21,Engineering,75.725,99.8,41.16,78.62,93.51,3.52,95.63,62.82,A,26.0,No,Yes,High School,High,7,7.6,23.89,Bajo,-58.64,75.74,2.42
S2378,Emma,Jones,student1378@university.com,Male,19,Engineering,56.21,56.68,54.24,56.63,79.69,9.86,86.72,86.69,F,15.4,No,Yes,Master'S,Low,6,8.6,46.73,Medio,-2.44,80.41,5.63
S2379,Sara,Williams,student1379@university.com,Female,19,Cs,75.725,86.78,82.0,58.59,99.48,3.05,54.54,78.67,D,25.0,No,Yes,High School,High,4,6.3,21.63,Bajo,-4.78,60.78,3.15
S2380,Emma,Davis,student1380@university.com,Male,19,Business,50.94,74.88,94.7,93.21,51.28,1.09,93.35,53.49,F,24.4,No,Yes,High School,Medium,3,7.8,31.95,Medio,19.82,62.18,2.19
S2381,Maria,Williams,student1381@university.com,Male,22,Engineering,69.58,98.55,45.61,76.35,91.57,1.91,67.45,59.08,F,11.2,No,Yes,Unknown,Low,5,7.6,29.37,Bajo,-52.94,63.62,5.28
S2382,John,Davis,student1382@university.com,Male,19,Engineering,53.74,89.67,73.2,85.29,89.6,4.26,64.91,57.57,F,11.6,Yes,Yes,Unknown,Low,3,8.3,32.93,Medio,-16.47,70.6,4.96
S2383,Maria,Brown,student1383@university.com,Male,19,Business,73.76,99.91,81.73,68.65,56.64,6.5,81.17,79.49,A,17.5,No,No,High School,Medium,9,4.1,33.24,Medio,-18.18,67.87,4.54
S2384,Ali,Jones,student1384@university.com,Female,22,Business,71.08,75.3,56.58,76.62,66.77,5.17,78.43,54.29,F,29.1,Yes,Yes,Unknown,Low,6,8.8,29.09,Bajo,-18.72,68.38,1.87
S2385,Maria,Williams,student1385@university.com,Male,23,Business,75.725,52.27,74.19,74.81,94.24,3.76,76.91,60.39,C,7.7,Yes,Yes,Unknown,High,10,8.3,53.97,Medio,21.92,70.89,7.84
S2386,Ali,Davis,student1386@university.com,Male,20,Cs,52.27,70.22,82.91,66.49,75.92,5.62,62.74,77.27,C,29.7,No,Yes,Phd,Medium,2,8.4,28.01,Bajo,12.69,65.34,2.6
S2387,Maria,Davis,student1387@university.com,Male,24,Cs,68.08,82.67,90.26,83.74,70.06,8.39,97.99,56.65,F,9.0,No,No,Master'S,Medium,7,9.0,40.2,Medio,7.59,83.92,6.29
S2388,Omar,Davis,student1388@university.com,Male,23,Cs,87.82,86.46,67.15,58.63,95.27,8.39,97.51,62.41,A,17.1,No,Yes,High School,High,8,7.2,30.33,Medio,-19.31,83.83,3.65
S2389,Ali,Johnson,student1389@university.com,Female,18,Cs,68.45,40.03,84.87,56.09,54.67,7.26,50.21,95.34,C,12.6,Yes,Yes,Bachelor'S,Low,9,4.4,55.51,Alto,44.84,58.39,7.57
S2390,Sara,Smith,student1390@university.com,Male,22,Mathematics,85.76,70.3,58.11,74.81,73.66,9.52,66.89,84.86,B,15.5,No,Yes,Unknown,High,4,8.1,27.81,Bajo,-12.19,77.64,5.47
S2391,Emma,Brown,student1391@university.com,Female,22,Engineering,68.47,54.11,52.78,92.21,82.62,5.9,52.28,65.34,D,28.9,Yes,Yes,Unknown,High,1,4.7,25.35,Bajo,-1.33,71.53,2.26
S2392,Liam,Williams,student1392@university.com,Female,19,Cs,75.725,92.49,51.24,83.42,80.43,0.08,92.51,93.87,D,20.8,No,Yes,Master'S,Medium,8,7.7,30.9,Medio,-41.25,64.29,4.51
S2393,Emma,Johnson,student1393@university.com,Female,19,Cs,78.19,49.17,61.53,74.81,63.21,2.91,94.33,62.51,A,12.4,No,Yes,Unknown,Low,10,6.1,51.68,Medio,12.36,65.36,5.04
S2394,Ahmed,Williams,student1394@university.com,Male,24,Cs,97.53,79.99,42.15,62.03,78.17,3.28,75.91,79.45,A,20.7,No,Yes,High School,Medium,1,4.0,11.52,Bajo,-37.84,62.23,3.84
S2395,Emma,Williams,student1395@university.com,Male,18,Engineering,55.44,55.96,56.98,95.56,85.43,5.47,91.98,68.42,D,16.3,No,Yes,High School,High,5,6.2,44.55,Medio,1.02,81.92,4.2
S2396,John,Jones,student1396@university.com,Male,19,Business,51.65,61.39,79.13,64.44,79.24,9.05,85.17,87.61,D,28.6,No,Yes,Unknown,Low,2,8.0,31.43,Medio,17.74,79.84,3.06
S2397,Omar,Jones,student1397@university.com,Male,21,Business,80.4,96.43,78.88,90.94,84.22,8.38,74.98,68.58,B,13.8,Yes,Yes,High School,Low,8,4.4,31.59,Medio,-17.55,83.49,4.97
S2398,Maria,Jones,student1398@university.com,Female,19,Mathematics,97.45,54.43,44.41,64.3,62.8,2.32,68.19,62.44,A,19.6,No,Yes,Phd,Medium,5,4.0,28.65,Bajo,-10.02,54.62,3.19
S2399,Ahmed,Johnson,student1399@university.com,Female,19,Cs,99.49,45.7,57.24,96.97,91.64,5.19,63.31,80.39,B,26.2,No,No,High School,Medium,6,6.3,29.48,Bajo,11.54,75.96,3.07
S2400,John,Williams,student1400@university.com,Male,21,Cs,74.21,44.16,74.17,95.72,72.48,6.59,62.97,87.27,A,29.0,Yes,Yes,High School,Low,7,4.0,39.61,Medio,30.01,74.27,3.01
S2401,John,Smith,student1401@university.com,Male,18,Cs,73.4,70.28,59.11,52.16,99.36,9.88,78.1,76.82,D,25.0,Yes,Yes,Bachelor'S,High,4,8.7,27.39,Bajo,-11.17,82.1,3.07
S2402,Ali,Brown,student1402@university.com,Male,21,Cs,82.25,78.5,65.08,88.52,51.16,0.31,58.34,85.81,B,28.4,No,Yes,Master'S,High,5,8.1,22.35,Bajo,-13.42,50.28,3.02
S2403,Emma,Jones,student1403@university.com,Male,22,Mathematics,75.725,59.64,82.77,74.81,69.02,4.64,58.74,71.1,D,16.6,No,Yes,Unknown,Low,9,7.2,45.08,Medio,23.13,62.24,4.28
S2404,Sara,Jones,student1404@university.com,Male,21,Engineering,81.7,81.42,40.56,60.76,59.02,9.88,50.52,89.77,C,24.1,No,Yes,Phd,High,6,4.1,26.04,Bajo,-40.86,67.28,3.72
S2405,Liam,Williams,student1405@university.com,Male,20,Business,93.7,43.66,56.58,72.99,77.78,9.77,80.67,79.25,B,7.4,Yes,Yes,Master'S,Low,8,6.8,45.96,Medio,12.92,82.28,10.71
S2406,Sara,Williams,student1406@university.com,Male,22,Engineering,87.32,91.44,48.54,78.82,62.16,3.31,99.72,59.81,A,19.8,No,Yes,Unknown,Low,4,7.4,18.77,Bajo,-42.9,68.45,3.02
S2407,Ahmed,Johnson,student1407@university.com,Female,19,Cs,74.84,88.99,47.66,74.81,86.87,0.0,94.46,94.54,B,5.3,No,Yes,Master'S,Low,4,6.9,31.13,Medio,-41.33,64.04,17.84
S2408,Omar,Johnson,student1408@university.com,Female,24,Cs,73.09,99.13,97.54,78.77,94.09,5.87,85.28,91.84,F,11.5,Yes,Yes,Unknown,Medium,8,8.7,34.49,Medio,-1.59,79.21,7.99
S2409,Sara,Jones,student1409@university.com,Female,22,Engineering,81.98,96.19,62.59,58.53,60.54,8.67,89.28,98.2,F,21.6,No,Yes,Bachelor'S,High,3,8.2,16.09,Bajo,-33.6,73.76,4.55
S2410,Maria,Williams,student1410@university.com,Female,18,Business,72.79,61.37,71.63,51.12,58.03,3.24,70.84,78.45,A,9.3,No,Yes,Bachelor'S,Low,5,5.8,40.35,Medio,10.26,53.1,8.44
S2411,Sara,Smith,student1411@university.com,Male,18,Cs,72.89,63.96,84.03,78.56,93.77,9.34,64.9,83.79,B,10.0,No,Yes,Unknown,Medium,3,7.5,34.74,Medio,20.07,82.66,8.38
S2412,Ahmed,Brown,student1412@university.com,Male,21,Business,50.82,84.76,42.85,75.87,68.06,3.33,68.43,93.18,F,6.5,No,No,Phd,Low,1,6.3,33.53,Medio,-41.91,61.42,14.34
S2413,Liam,Williams,student1413@university.com,Male,22,Business,58.7,48.04,54.46,74.81,71.73,6.1,54.07,52.63,D,23.7,No,Yes,High School,Low,3,8.6,37.64,Medio,6.42,65.4,2.22
S2414,Sara,Williams,student1414@university.com,Male,19,Engineering,74.43,58.84,89.93,82.49,61.05,7.22,81.69,95.61,B,16.2,No,Yes,High School,High,6,7.1,39.31,Medio,31.09,74.36,5.9
S2415,Maria,Davis,student1415@university.com,Male,18,Business,91.13,47.11,91.72,94.87,71.27,3.45,58.74,63.56,A,27.2,No,Yes,Unknown,Medium,6,6.9,31.48,Medio,44.61,64.84,2.34
S2416,Ali,Johnson,student1416@university.com,Female,23,Engineering,63.94,67.29,62.38,72.97,61.57,3.52,88.14,52.85,A,14.1,No,Yes,Phd,Medium,7,6.5,43.72,Medio,-4.91,64.47,3.75
S2417,Omar,Brown,student1417@university.com,Male,19,Engineering,76.13,73.12,62.49,50.42,83.3,4.7,59.5,61.88,A,15.9,Yes,Yes,Unknown,Medium,3,5.9,27.91,Bajo,-10.63,60.06,3.89
S2418,Ahmed,Jones,student1418@university.com,Female,23,Business,67.25,52.67,85.41,74.81,74.94,8.35,61.41,79.32,F,17.4,No,Yes,Unknown,Low,9,4.7,49.74,Medio,32.74,73.66,4.56
S2419,Ali,Williams,student1419@university.com,Male,20,Mathematics,55.24,41.6,57.7,83.76,89.4,1.01,97.87,52.39,D,26.5,Yes,No,Unknown,Low,10,5.4,54.94,Medio,16.1,70.28,1.98
S2420,Ali,Jones,student1420@university.com,Female,23,Cs,97.91,83.16,47.03,76.07,65.64,6.31,55.27,50.04,A,12.3,Yes,Yes,Unknown,Low,9,5.7,32.41,Medio,-36.13,65.02,4.07
S2421,Ali,Williams,student1421@university.com,Male,18,Engineering,92.73,41.2,55.45,84.47,75.28,6.77,74.94,81.97,A,6.3,No,No,Master'S,High,2,4.8,34.26,Medio,14.25,75.6,13.01
S2422,John,Jones,student1422@university.com,Female,21,Cs,53.92,98.4,63.24,74.81,62.98,5.58,53.13,72.67,C,20.7,No,Yes,Unknown,Medium,8,8.1,36.81,Medio,-35.16,61.68,3.51
S2423,Omar,Brown,student1423@university.com,Male,20,Cs,85.99,53.3,43.13,57.44,96.72,9.36,54.52,92.22,B,25.6,Yes,No,Phd,Medium,2,4.0,23.34,Bajo,-10.17,75.57,3.6
S2424,Liam,Johnson,student1424@university.com,Male,22,Engineering,67.38,79.83,68.72,83.23,76.1,6.02,81.68,62.88,F,18.9,Yes,Yes,Unknown,Medium,2,8.6,25.24,Bajo,-11.11,75.3,3.33
S2425,Emma,Brown,student1425@university.com,Male,19,Mathematics,99.74,66.09,84.4,62.26,58.67,6.35,81.54,64.04,A,13.0,No,Yes,Unknown,High,6,4.6,29.88,Bajo,18.31,66.49,4.93
S2426,Omar,Davis,student1426@university.com,Male,18,Cs,65.12,43.58,70.82,72.82,63.64,6.0,59.66,53.88,D,20.8,No,Yes,Unknown,Low,8,4.3,49.29,Medio,27.24,64.03,2.59
S2427,John,Smith,student1427@university.com,Female,20,Cs,75.725,68.33,44.31,74.58,54.15,7.22,93.62,76.93,F,29.8,No,Yes,Unknown,Low,1,9.0,18.1,Bajo,-24.02,73.64,2.58
S2428,Emma,Johnson,student1428@university.com,Male,20,Cs,78.39,71.01,66.41,73.86,51.39,1.35,85.11,68.3,A,19.4,Yes,Yes,High School,Low,8,9.0,37.12,Medio,-4.6,55.96,3.52
S2429,Omar,Brown,student1429@university.com,Female,18,Engineering,91.76,91.28,82.53,79.92,76.3,8.94,65.03,66.99,B,12.9,No,No,Master'S,High,8,5.0,29.61,Bajo,-8.75,77.66,5.19
S2430,Ali,Davis,student1430@university.com,Male,22,Cs,59.63,83.94,43.49,51.47,66.86,0.42,62.42,72.88,C,11.1,No,Yes,Phd,Medium,4,4.7,35.06,Medio,-40.45,46.24,6.57
S2431,Ahmed,Smith,student1431@university.com,Female,22,Cs,85.47,44.76,43.59,99.48,98.19,6.41,87.71,92.48,A,30.0,No,Yes,Unknown,Medium,6,5.0,32.77,Medio,-1.17,87.37,3.08
S2432,Emma,Davis,student1432@university.com,Male,21,Business,53.07,52.55,62.24,85.82,58.57,6.15,86.68,55.26,D,26.3,No,Yes,Master'S,Low,2,6.6,34.73,Medio,9.69,73.14,2.1
S2433,Maria,Williams,student1433@university.com,Male,24,Cs,95.95,58.71,51.7,71.27,89.7,2.08,57.44,76.18,A,12.0,No,Yes,Phd,Low,1,5.6,22.8,Bajo,-7.01,59.8,6.35
S2434,Maria,Williams,student1434@university.com,Female,23,Engineering,54.05,46.98,96.09,59.57,65.8,0.41,67.46,59.82,D,11.6,No,Yes,Unknown,Low,7,5.7,54.52,Medio,49.11,49.23,5.16
S2435,Sara,Jones,student1435@university.com,Male,22,Business,95.71,67.41,74.88,54.01,61.18,1.39,60.83,60.62,A,25.1,Yes,No,Unknown,High,7,8.0,27.06,Bajo,7.47,47.48,2.42
S2436,Emma,Johnson,student1436@university.com,Male,21,Cs,74.54,99.06,57.24,83.61,98.48,2.72,64.71,62.84,D,29.8,No,Yes,Master'S,High,3,8.5,13.74,Bajo,-41.82,68.5,2.11
S2437,Ahmed,Williams,student1437@university.com,Female,23,Engineering,72.4,70.88,82.29,65.85,90.13,8.82,64.38,72.97,F,16.6,Yes,No,Bachelor'S,Medium,3,8.8,29.54,Bajo,11.41,77.14,4.4
S2438,Liam,Davis,student1438@university.com,Male,20,Engineering,98.67,84.51,62.5,61.47,81.53,8.56,98.8,74.72,A,10.7,No,Yes,Master'S,Low,10,6.6,34.76,Medio,-22.01,81.85,6.98
S2439,John,Johnson,student1439@university.com,Female,18,Engineering,99.52,80.98,47.93,69.0,84.86,0.64,87.51,93.58,A,10.8,No,Yes,Bachelor'S,High,1,5.2,15.47,Bajo,-33.05,61.94,8.66
S2440,Ali,Williams,student1440@university.com,Male,22,Engineering,82.51,90.99,54.23,74.81,99.57,2.89,89.0,94.61,A,24.9,No,Yes,Phd,Medium,1,6.8,11.37,Bajo,-36.76,73.07,3.8
S2441,Sara,Jones,student1441@university.com,Female,21,Cs,56.36,52.94,78.56,74.81,79.66,8.89,63.87,79.33,F,20.1,Yes,Yes,Unknown,Low,2,8.4,36.56,Medio,25.62,76.81,3.95
S2442,Maria,Brown,student1442@university.com,Female,20,Business,75.31,85.23,43.11,82.26,55.1,2.37,50.03,64.07,B,20.8,No,Yes,Unknown,Low,10,4.2,37.67,Medio,-42.12,52.77,3.08
S2443,John,Jones,student1443@university.com,Female,22,Business,76.46,92.88,56.36,74.81,53.24,9.96,52.91,90.92,C,9.9,No,Yes,Master'S,Medium,3,8.6,24.87,Bajo,-36.52,70.14,9.18
S2444,John,Smith,student1444@university.com,Female,19,Cs,75.72,50.29,52.5,60.94,83.33,2.57,77.65,89.64,F,8.3,Yes,Yes,Master'S,High,4,5.1,40.93,Medio,2.21,61.9,10.8
S2445,Ali,Williams,student1445@university.com,Male,24,Cs,78.47,60.81,52.07,81.84,82.88,7.39,64.27,89.9,B,5.3,Yes,Yes,Unknown,Medium,8,5.6,47.2,Medio,-8.74,75.72,16.96
S2446,Liam,Smith,student1446@university.com,Male,20,Cs,50.94,98.21,80.97,55.06,87.41,4.17,59.65,50.82,D,27.9,No,Yes,Unknown,Low,5,5.8,27.65,Bajo,-17.24,60.96,1.82
S2447,Liam,Smith,student1447@university.com,Female,22,Cs,85.56,86.85,89.55,77.4,55.44,1.36,52.48,87.69,A,13.9,Yes,Yes,Phd,Low,2,8.6,19.27,Bajo,2.7,49.73,6.31
S2448,Emma,Davis,student1448@university.com,Male,20,Engineering,85.62,56.96,82.95,79.2,97.25,2.55,93.79,92.64,B,23.9,No,No,Phd,Low,7,4.9,34.33,Medio,25.99,73.94,3.88
S2449,Maria,Johnson,student1449@university.com,Male,18,Cs,55.77,73.84,78.74,60.81,77.56,6.75,80.01,80.25,C,27.1,No,Yes,Phd,High,8,5.1,40.33,Medio,4.9,71.47,2.96
S2450,Liam,Davis,student1450@university.com,Male,18,Cs,78.51,64.26,94.99,69.58,82.48,3.37,55.37,87.56,C,20.0,Yes,Yes,Phd,Low,3,7.7,27.69,Bajo,30.73,60.28,4.38
S2451,Ahmed,Williams,student1451@university.com,Female,24,Business,78.42,69.4,43.5,91.36,51.74,6.04,88.32,88.81,A,15.6,No,Yes,High School,Low,6,8.7,35.04,Medio,-25.9,72.96,5.69
S2452,Liam,Smith,student1452@university.com,Male,18,Cs,84.12,61.31,50.05,57.42,98.05,2.06,87.79,75.33,F,6.0,Yes,Yes,High School,Medium,10,4.5,49.16,Medio,-11.26,65.96,12.56
S2453,John,Brown,student1453@university.com,Male,23,Business,54.27,56.76,64.86,74.81,78.13,4.49,64.47,90.68,D,13.4,No,Yes,Phd,Low,8,6.6,52.83,Medio,8.1,65.58,6.77
S2454,Ali,Smith,student1454@university.com,Female,19,Business,81.33,80.49,62.35,96.64,78.17,5.12,59.42,89.61,C,13.0,Yes,No,Master'S,Low,10,8.6,40.89,Medio,-18.14,71.36,6.89
S2455,Ahmed,Brown,student1455@university.com,Male,18,Cs,64.04,86.71,65.08,74.81,97.18,4.13,90.7,95.81,D,19.2,No,Yes,Unknown,Medium,6,8.4,33.08,Medio,-21.63,76.0,4.99
S2456,Emma,Davis,student1456@university.com,Female,19,Business,75.35,92.44,52.39,86.26,96.47,1.98,66.48,96.07,D,24.1,Yes,No,High School,Medium,10,8.7,33.85,Medio,-40.05,67.25,3.99
S2457,Maria,Davis,student1457@university.com,Female,18,Business,88.67,49.32,48.97,91.34,61.01,4.62,92.37,76.49,B,22.8,No,Yes,High School,Low,6,8.5,33.88,Medio,-0.35,72.73,3.35
S2458,Emma,Johnson,student1458@university.com,Female,23,Cs,85.28,89.37,70.55,60.19,96.55,6.93,52.18,51.57,A,26.7,No,No,Unknown,High,8,5.6,25.55,Bajo,-18.82,69.56,1.93
S2459,John,Smith,student1459@university.com,Male,20,Cs,55.95,55.29,95.68,60.91,86.83,9.65,74.96,50.96,D,6.2,Yes,Yes,Unknown,Medium,1,5.0,40.73,Medio,40.39,79.8,8.22
S2460,Ahmed,Jones,student1460@university.com,Male,22,Engineering,79.56,65.64,63.52,87.93,50.95,7.9,58.98,96.95,C,20.1,Yes,No,Master'S,High,2,8.5,24.63,Bajo,-2.12,69.22,4.82
S2461,Ahmed,Davis,student1461@university.com,Female,22,Mathematics,98.46,94.09,42.6,87.67,61.99,1.61,83.6,66.87,A,9.7,No,Yes,Unknown,Medium,3,7.6,16.91,Bajo,-51.49,62.34,6.89
S2462,Ahmed,Davis,student1462@university.com,Female,18,Engineering,57.84,67.27,82.37,53.01,70.65,2.73,99.86,68.88,F,29.3,No,Yes,Bachelor'S,Medium,7,5.9,38.26,Medio,15.1,62.7,2.35
S2463,John,Johnson,student1463@university.com,Female,22,Cs,92.65,51.82,57.47,66.12,79.14,0.79,70.63,73.5,B,15.2,No,No,Bachelor'S,High,1,7.6,24.43,Bajo,5.65,55.95,4.84
S2464,John,Brown,student1464@university.com,Female,18,Engineering,85.13,49.59,54.71,69.93,85.07,1.36,55.02,63.29,A,20.6,No,Yes,Unknown,Medium,4,5.5,31.69,Medio,5.12,55.9,3.07
S2465,Emma,Johnson,student1465@university.com,Female,18,Engineering,88.7,68.38,59.46,91.45,60.51,2.51,65.88,79.52,A,13.8,No,No,Bachelor'S,Low,3,6.9,25.99,Bajo,-8.92,60.74,5.76
S2466,Sara,Smith,student1466@university.com,Female,24,Engineering,64.1,85.76,83.43,71.09,91.84,2.0,94.58,89.23,D,10.5,No,Yes,Unknown,Medium,8,5.2,42.14,Medio,-2.33,69.38,8.5
S2467,Emma,Williams,student1467@university.com,Male,21,Business,64.39,99.83,89.13,96.3,92.29,2.14,88.29,62.87,A,22.2,No,No,Phd,Low,7,6.8,29.75,Bajo,-10.7,74.57,2.83
S2468,Maria,Williams,student1468@university.com,Female,21,Engineering,95.3,87.24,75.28,74.81,81.75,2.31,61.61,87.15,A,28.5,No,Yes,Phd,Low,1,8.6,6.22,Bajo,-11.96,60.32,3.06
S2469,Ali,Brown,student1469@university.com,Female,24,Business,75.725,92.62,59.35,89.04,96.05,3.01,97.68,83.6,F,6.5,Yes,Yes,Bachelor'S,High,9,7.9,40.24,Medio,-33.27,78.22,12.86
S2470,Ahmed,Davis,student1470@university.com,Female,21,Business,53.15,84.87,58.63,83.32,90.65,1.26,81.11,76.28,D,25.6,No,Yes,High School,Medium,4,7.3,29.8,Bajo,-26.24,66.92,2.98
S2471,Sara,Brown,student1471@university.com,Male,19,Engineering,80.03,93.73,47.46,69.59,61.08,2.78,58.4,66.27,F,13.5,Yes,Yes,Unknown,Low,7,5.2,30.45,Medio,-46.27,54.22,4.91
S2472,Ali,Davis,student1472@university.com,Male,21,Cs,56.24,44.58,96.0,74.81,89.93,6.88,78.62,93.64,D,8.0,Yes,Yes,Unknown,Low,6,4.3,54.05,Medio,51.42,78.04,11.7
S2473,Sara,Davis,student1473@university.com,Male,18,Business,89.83,95.8,78.29,78.66,97.66,2.36,72.56,70.14,A,22.8,No,Yes,High School,Medium,3,7.6,12.86,Bajo,-17.51,68.12,3.08
S2474,Liam,Williams,student1474@university.com,Male,23,Mathematics,82.09,63.78,41.62,68.09,56.88,1.72,90.98,68.73,C,7.1,Yes,Yes,Unknown,Low,6,6.9,39.7,Medio,-22.16,58.29,9.68
S2475,Liam,Brown,student1475@university.com,Female,23,Cs,93.74,95.3,79.74,67.54,98.93,0.68,67.21,82.07,A,23.2,Yes,Yes,High School,Low,7,5.1,20.33,Bajo,-15.56,60.12,3.54
S2476,Omar,Johnson,student1476@university.com,Male,20,Engineering,89.24,44.54,66.83,84.39,51.25,5.0,93.75,96.02,B,15.9,No,No,Phd,Low,5,8.7,36.34,Medio,22.29,69.85,6.04
S2477,Liam,Davis,student1477@university.com,Female,21,Cs,55.61,82.91,98.35,73.18,76.11,8.42,90.6,75.4,C,9.1,No,Yes,Bachelor'S,Medium,10,6.8,51.11,Medio,15.44,81.02,8.29
S2478,Emma,Jones,student1478@university.com,Female,23,Business,75.725,84.14,89.14,87.6,88.69,0.59,83.73,86.13,F,8.9,No,Yes,Unknown,Medium,4,6.9,30.47,Medio,5.0,66.48,9.68
S2479,Liam,Jones,student1479@university.com,Female,21,Business,75.725,99.81,50.28,69.91,89.52,5.42,62.93,72.84,D,23.7,No,Yes,Unknown,Low,6,5.5,22.81,Bajo,-49.53,69.14,3.07
S2480,John,Johnson,student1480@university.com,Female,20,Cs,70.87,86.13,83.21,57.54,86.73,6.51,98.52,60.94,B,25.7,Yes,Yes,Unknown,High,10,8.4,36.51,Medio,-2.92,76.97,2.37
S2481,Ahmed,Jones,student1481@university.com,Female,23,Business,98.62,62.95,69.13,73.07,76.47,5.92,77.43,56.2,A,22.1,Yes,Yes,Master'S,High,8,8.5,31.1,Medio,6.18,71.54,2.54
S2482,Emma,Smith,student1482@university.com,Female,18,Cs,86.79,73.43,51.22,97.55,82.55,8.78,95.38,56.82,B,23.0,Yes,No,Bachelor'S,Medium,7,7.6,29.43,Bajo,-22.21,90.82,2.47
S2483,Ali,Davis,student1483@university.com,Male,19,Business,50.77,61.99,81.92,90.08,85.0,8.66,60.79,51.07,D,26.2,Yes,Yes,Unknown,Low,3,4.5,34.98,Medio,19.93,80.62,1.95
S2484,Omar,Johnson,student1484@university.com,Male,24,Engineering,94.0,51.76,72.84,60.29,74.73,0.57,99.17,77.65,B,15.7,Yes,Yes,Bachelor'S,Medium,2,4.4,25.94,Bajo,21.08,59.97,4.95
S2485,Omar,Brown,student1485@university.com,Male,24,Cs,55.04,54.91,41.82,69.57,79.78,3.61,90.8,56.56,D,9.2,No,Yes,Unknown,Medium,10,6.3,59.66,Alto,-13.09,69.06,6.15
S2486,Omar,Davis,student1486@university.com,Male,24,Cs,57.03,53.32,78.8,96.39,92.32,6.71,97.46,93.28,F,14.4,No,Yes,Phd,Low,5,4.7,45.73,Medio,25.48,88.32,6.48
S2487,Ali,Johnson,student1487@university.com,Male,21,Cs,86.72,72.93,78.1,56.18,65.64,9.52,60.62,99.14,A,29.5,No,Yes,Bachelor'S,Medium,9,5.7,30.8,Medio,5.17,69.41,3.36
S2488,Ali,Williams,student1488@university.com,Female,23,Engineering,93.25,94.37,48.65,62.7,76.16,8.05,71.53,74.79,A,16.2,No,Yes,High School,Medium,10,4.9,30.95,Medio,-45.72,72.72,4.62
S2489,Ali,Brown,student1489@university.com,Male,23,Engineering,76.82,94.76,60.94,63.11,50.42,1.77,54.88,72.48,D,28.1,No,Yes,Bachelor'S,High,5,5.6,19.52,Bajo,-33.82,46.53,2.58
S2490,Ali,Williams,student1490@university.com,Male,20,Cs,75.725,43.29,75.15,78.55,84.37,2.79,56.85,67.4,A,22.6,Yes,Yes,High School,Low,10,8.7,49.21,Medio,31.86,61.92,2.98
S2491,Omar,Davis,student1491@university.com,Male,18,Cs,67.57,44.79,48.33,70.54,59.77,7.64,64.2,81.9,C,23.4,Yes,Yes,Unknown,Low,1,7.8,31.21,Medio,3.54,67.73,3.5
S2492,Omar,Brown,student1492@university.com,Female,22,Cs,67.14,54.71,91.16,53.99,74.05,4.71,97.58,80.4,F,9.8,No,No,High School,Low,9,4.7,52.97,Medio,36.45,68.18,8.2
S2493,Sara,Jones,student1493@university.com,Female,23,Business,66.33,55.3,41.65,81.46,60.51,5.47,83.36,67.17,A,14.2,No,Yes,Master'S,High,2,7.3,35.32,Medio,-13.65,70.01,4.73
S2494,Emma,Johnson,student1494@university.com,Female,19,Business,75.725,45.69,46.17,54.95,51.18,6.09,65.73,67.16,A,23.3,Yes,Yes,Phd,Low,2,4.2,30.36,Medio,0.48,58.19,2.88
S2495,Ahmed,Davis,student1495@university.com,Male,20,Cs,80.44,63.31,46.97,80.32,74.16,1.03,97.73,82.24,B,21.4,No,Yes,High School,Medium,6,8.9,33.26,Medio,-16.34,65.63,3.84
S2496,Liam,Smith,student1496@university.com,Male,23,Engineering,95.02,75.26,71.69,75.35,71.24,8.56,86.99,77.73,A,26.6,No,Yes,Phd,High,3,6.7,15.31,Bajo,-3.57,79.8,2.92
S2497,Liam,Brown,student1497@university.com,Male,23,Cs,65.35,74.69,77.21,74.68,71.26,8.63,95.35,85.93,F,10.2,No,Yes,Unknown,High,5,6.5,38.51,Medio,2.52,81.9,8.42
S2498,John,Brown,student1498@university.com,Male,20,Mathematics,59.33,72.61,64.22,53.37,60.44,4.68,96.36,97.07,D,23.7,Yes,Yes,Unknown,Medium,5,5.2,34.49,Medio,-8.39,64.24,4.1
S2499,Omar,Davis,student1499@university.com,Male,20,Mathematics,91.93,60.32,57.32,81.96,97.36,6.27,87.54,88.98,B,6.0,Yes,Yes,Bachelor'S,High,3,6.3,31.17,Medio,-3.0,82.39,14.83
S2500,John,Davis,student1500@university.com,Female,21,Engineering,87.09,82.39,88.56,71.57,50.18,6.6,62.16,65.22,A,12.5,No,Yes,High School,Medium,8,6.6,34.11,Medio,6.17,62.48,5.22
S2501,Emma,Williams,student1501@university.com,Male,23,Mathematics,96.54,89.59,44.1,70.56,94.58,1.9,99.83,87.96,B,20.8,Yes,Yes,Unknown,High,3,7.3,13.38,Bajo,-45.49,70.99,4.23
S2502,Emma,Jones,student1502@university.com,Female,22,Business,58.28,60.78,56.82,79.82,86.85,1.13,66.25,72.5,C,29.5,No,Yes,High School,Low,6,4.2,37.73,Medio,-3.96,61.06,2.46
S2503,John,Williams,student1503@university.com,Male,19,Business,57.21,45.13,42.35,80.31,58.6,0.21,83.59,88.88,D,29.7,No,Yes,Master'S,Medium,10,5.7,51.59,Medio,-2.78,56.15,2.99
S2504,Omar,Williams,student1504@university.com,Female,18,Engineering,75.725,57.78,40.83,50.75,73.61,9.13,92.24,94.33,F,16.0,No,No,Phd,Medium,5,5.9,37.05,Medio,-16.95,76.98,5.9
S2505,John,Jones,student1505@university.com,Female,18,Cs,80.72,48.24,61.2,56.26,99.44,3.46,58.76,62.5,F,24.1,No,Yes,High School,Medium,7,4.7,38.56,Medio,12.96,62.26,2.59
S2506,Liam,Smith,student1506@university.com,Female,22,Cs,74.01,68.04,51.69,61.83,82.18,0.86,80.45,61.93,B,20.0,Yes,Yes,Unknown,Medium,6,5.2,34.8,Medio,-16.35,58.26,3.1
S2507,Sara,Williams,student1507@university.com,Female,20,Cs,79.95,49.36,56.1,83.9,56.37,4.66,68.76,71.63,A,22.7,No,Yes,Unknown,Low,9,5.2,43.64,Medio,6.74,63.91,3.16
S2508,Liam,Williams,student1508@university.com,Male,20,Engineering,59.02,67.77,89.26,78.84,72.88,0.76,62.21,52.58,C,23.3,Yes,Yes,Bachelor'S,Low,2,8.1,29.58,Bajo,21.49,55.38,2.26
S2509,Maria,Brown,student1509@university.com,Male,20,Cs,73.98,53.26,49.78,87.88,73.41,0.85,50.59,84.28,F,18.7,No,Yes,Phd,Medium,10,7.4,48.78,Medio,-3.48,55.1,4.51
S2510,Omar,Jones,student1510@university.com,Male,23,Cs,82.9,84.32,86.81,87.03,90.11,4.89,93.6,87.49,F,25.3,Yes,Yes,Unknown,Low,6,8.6,24.15,Bajo,2.49,79.91,3.46
S2511,Omar,Johnson,student1511@university.com,Female,20,Engineering,71.64,41.65,80.5,92.66,95.81,5.09,56.79,67.27,A,19.6,No,Yes,Phd,Low,10,5.5,52.63,Medio,38.85,74.04,3.43
S2512,Ahmed,Smith,student1512@university.com,Male,20,Cs,75.725,73.28,59.59,68.84,54.11,5.8,93.91,73.26,B,7.5,No,Yes,Phd,High,10,8.4,47.76,Medio,-13.69,68.72,9.77
S2513,Ali,Smith,student1513@university.com,Male,23,Engineering,72.56,50.17,72.79,67.25,65.7,6.56,80.03,79.52,F,29.7,No,Yes,High School,Low,5,8.3,33.59,Medio,22.62,69.64,2.68
S2514,Maria,Jones,student1514@university.com,Male,23,Mathematics,75.725,40.06,66.67,91.55,64.92,6.68,81.05,53.68,D,12.6,No,Yes,Bachelor'S,Low,9,6.2,52.96,Medio,26.61,76.08,4.26
S2515,Emma,Davis,student1515@university.com,Male,22,Business,65.18,92.15,47.7,61.88,99.8,4.33,91.43,85.56,B,29.1,No,Yes,Bachelor'S,Low,2,7.1,17.21,Bajo,-44.45,74.1,2.94
S2516,Omar,Davis,student1516@university.com,Female,21,Engineering,75.725,80.29,94.43,73.06,77.96,6.44,75.47,76.34,A,12.3,Yes,Yes,Bachelor'S,Medium,8,7.0,38.81,Medio,14.14,72.72,6.21
S2517,John,Brown,student1517@university.com,Female,23,Engineering,75.725,45.94,74.18,59.72,93.99,3.05,67.86,81.21,C,26.3,Yes,Yes,Unknown,High,7,5.5,39.9,Medio,28.24,63.02,3.09
S2518,Maria,Brown,student1518@university.com,Male,19,Engineering,83.43,79.84,92.81,95.69,71.3,4.41,56.94,86.19,F,22.2,No,Yes,Unknown,Low,1,5.3,15.75,Bajo,12.97,67.01,3.88
S2519,Ahmed,Jones,student1519@university.com,Male,20,Cs,92.26,76.7,89.43,70.39,86.14,3.93,78.52,83.78,A,13.9,No,No,Unknown,Medium,3,4.8,22.19,Bajo,12.73,68.59,6.03
S2520,Emma,Brown,student1520@university.com,Male,21,Business,67.73,68.4,44.79,74.81,64.33,3.29,77.66,54.77,C,28.5,Yes,Yes,Bachelor'S,Low,4,8.2,28.19,Bajo,-23.61,62.42,1.92
S2521,Ali,Smith,student1521@university.com,Female,18,Cs,52.3,65.16,52.44,74.81,95.59,2.39,64.69,89.13,C,19.6,No,Yes,Phd,Medium,8,6.7,47.9,Medio,-12.72,64.75,4.55
S2522,Ali,Smith,student1522@university.com,Female,22,Cs,99.34,93.22,48.72,62.23,72.76,0.78,80.0,80.5,A,25.7,No,Yes,Phd,Medium,2,5.7,6.64,Bajo,-44.5,55.7,3.13
S2523,Ahmed,Johnson,student1523@university.com,Female,21,Business,63.18,54.71,89.85,97.18,90.19,5.06,71.97,85.74,F,24.9,No,Yes,High School,Medium,8,6.5,44.58,Medio,35.14,77.48,3.44
S2524,Ahmed,Davis,student1524@university.com,Male,23,Cs,56.33,63.9,91.75,68.38,62.79,5.37,90.28,63.08,D,6.2,No,Yes,Unknown,High,2,4.4,40.24,Medio,27.85,68.79,10.17
S2525,John,Jones,student1525@university.com,Female,20,Cs,68.49,59.75,71.68,83.23,84.68,3.36,77.97,61.07,D,11.7,No,Yes,Bachelor'S,High,3,4.5,36.7,Medio,11.93,69.87,5.22
S2526,Omar,Williams,student1526@university.com,Female,20,Cs,86.93,86.27,46.25,74.81,70.26,9.76,96.68,91.3,A,16.8,No,Yes,Master'S,High,8,7.8,30.85,Medio,-40.02,84.84,5.43
S2527,Ali,Davis,student1527@university.com,Female,20,Cs,64.7,94.99,48.14,90.36,51.57,5.57,75.9,69.52,F,28.3,No,Yes,Unknown,Medium,9,8.5,32.49,Medio,-46.85,68.38,2.46
S2528,Emma,Williams,student1528@university.com,Female,21,Cs,78.74,90.99,88.81,94.85,70.65,8.89,94.37,78.77,F,6.6,No,Yes,High School,Medium,5,5.6,30.73,Medio,-2.18,87.19,11.93
S2529,Maria,Johnson,student1529@university.com,Female,20,Cs,75.725,87.86,95.75,74.81,77.5,5.7,76.03,77.58,A,9.6,No,Yes,Bachelor'S,Low,4,6.0,29.0,Bajo,7.89,71.34,8.08
S2530,Emma,Johnson,student1530@university.com,Male,23,Engineering,55.89,99.21,51.97,92.42,57.59,1.9,77.9,79.26,C,20.6,No,Yes,Unknown,Low,3,5.9,24.82,Bajo,-47.24,61.73,3.85
S2531,Sara,Brown,student1531@university.com,Male,21,Business,66.51,81.83,40.67,55.09,59.2,9.75,68.34,53.48,A,21.3,No,Yes,Unknown,Medium,3,6.4,25.97,Bajo,-41.16,70.03,2.51
S2532,Sara,Johnson,student1532@university.com,Male,20,Cs,75.725,85.06,59.86,96.2,73.24,8.85,70.01,65.12,C,9.1,No,Yes,High School,Medium,9,6.1,41.21,Medio,-25.2,81.99,7.16
S2533,Ahmed,Johnson,student1533@university.com,Male,18,Business,75.725,98.97,41.83,81.22,67.14,4.71,96.66,53.32,D,28.7,Yes,No,High School,Low,4,5.9,16.12,Bajo,-57.14,73.03,1.86
S2534,John,Williams,student1534@university.com,Female,18,Cs,55.99,40.42,89.68,93.46,72.04,2.43,61.16,74.01,F,9.4,Yes,No,Master'S,Low,2,7.3,45.8,Medio,49.26,62.74,7.87
S2535,Sara,Brown,student1535@university.com,Male,19,Cs,58.17,78.04,69.49,84.22,73.04,2.23,56.07,95.1,D,9.6,No,Yes,High School,Medium,4,5.4,38.1,Medio,-8.55,58.91,9.91
S2536,Ali,Johnson,student1536@university.com,Male,20,Cs,82.04,84.34,78.51,60.09,57.0,8.06,91.51,69.46,B,20.9,No,Yes,Unknown,Low,3,8.7,19.98,Bajo,-5.83,72.3,3.32
S2537,Emma,Davis,student1537@university.com,Male,20,Engineering,90.67,95.07,64.69,74.81,59.06,0.69,78.85,89.12,B,15.5,No,Yes,Unknown,Medium,5,5.5,20.88,Bajo,-30.38,54.9,5.75
S2538,Emma,Johnson,student1538@university.com,Female,21,Engineering,75.725,93.03,60.73,54.55,92.41,6.38,64.23,64.36,A,5.7,Yes,Yes,Master'S,Medium,4,5.1,29.4,Bajo,-32.3,68.75,11.29
S2539,Ahmed,Brown,student1539@university.com,Male,21,Engineering,79.77,90.52,53.33,84.79,58.14,6.4,71.62,92.81,A,28.0,No,Yes,Unknown,High,2,8.9,13.15,Bajo,-37.19,69.64,3.31
S2540,Omar,Jones,student1540@university.com,Female,24,Business,58.53,96.75,86.23,70.45,83.3,1.82,76.25,70.98,F,6.9,Yes,Yes,Bachelor'S,Medium,10,5.1,47.04,Medio,-10.52,62.05,10.29
S2541,Omar,Brown,student1541@university.com,Female,20,Engineering,65.57,72.24,81.73,57.59,70.93,7.05,79.61,67.76,F,8.9,Yes,Yes,Unknown,Low,1,6.7,30.93,Medio,9.49,69.66,7.61
S2542,Maria,Williams,student1542@university.com,Female,19,Engineering,51.01,40.42,61.64,98.96,98.41,7.05,91.05,84.87,F,27.4,No,Yes,Unknown,Low,1,5.6,36.32,Medio,21.22,89.73,3.1
S2543,Ahmed,Jones,student1543@university.com,Male,20,Mathematics,88.41,40.66,59.27,74.81,53.31,3.5,69.72,75.64,A,11.9,No,Yes,Bachelor'S,Low,1,4.4,30.91,Medio,18.61,58.21,6.36
S2544,Liam,Davis,student1544@university.com,Female,23,Cs,70.05,72.68,40.07,94.68,91.52,4.83,83.83,66.87,B,25.4,Yes,Yes,Master'S,Low,3,8.8,25.42,Bajo,-32.61,79.58,2.63
S2545,Maria,Smith,student1545@university.com,Male,21,Cs,90.81,66.12,43.81,89.44,74.57,8.33,91.74,52.9,A,9.3,Yes,Yes,Unknown,Medium,2,5.9,25.95,Bajo,-22.31,84.76,5.69
S2546,Liam,Brown,student1546@university.com,Male,20,Business,85.42,67.07,77.4,84.6,50.27,5.23,92.19,58.33,A,6.2,No,Yes,Phd,Medium,4,7.2,33.55,Medio,10.33,69.84,9.41
S2547,Omar,Williams,student1547@university.com,Male,21,Engineering,91.44,64.02,70.88,82.75,63.18,6.18,62.71,88.62,A,10.9,Yes,Yes,Unknown,Medium,3,8.3,27.78,Bajo,6.86,67.61,8.13
S2548,Ahmed,Davis,student1548@university.com,Female,20,Cs,64.28,95.06,66.09,55.3,70.38,4.13,67.51,96.04,C,23.6,Yes,Yes,Phd,Medium,7,6.8,30.52,Medio,-28.97,58.62,4.07
S2549,Liam,Jones,student1549@university.com,Female,22,Cs,59.26,61.55,89.65,95.03,65.71,1.5,79.75,58.44,D,21.6,No,Yes,Unknown,Medium,8,7.6,45.55,Medio,28.1,63.87,2.71
S2550,Ahmed,Davis,student1550@university.com,Male,21,Engineering,98.6,91.37,70.23,94.06,68.12,9.98,94.29,78.47,B,12.8,No,Yes,Bachelor'S,High,5,7.9,20.57,Bajo,-21.14,89.07,6.13
S2551,Ahmed,Brown,student1551@university.com,Female,19,Engineering,85.87,94.17,63.07,87.39,95.83,5.32,89.52,51.71,A,20.8,No,No,Master'S,High,6,5.9,22.41,Bajo,-31.1,81.48,2.49
S2552,Omar,Johnson,student1552@university.com,Female,22,Cs,75.725,69.97,49.68,96.37,68.05,3.36,79.2,64.54,B,21.6,No,Yes,Phd,Low,7,7.1,35.04,Medio,-20.29,69.31,2.99
S2553,Maria,Brown,student1553@university.com,Female,23,Mathematics,50.66,66.82,89.24,77.65,70.94,7.14,99.19,72.44,F,19.1,No,No,Master'S,Medium,9,5.0,50.45,Medio,22.42,79.8,3.79
S2554,Maria,Smith,student1554@university.com,Male,20,Business,67.72,85.66,74.57,72.38,88.06,6.21,71.95,86.79,A,28.4,No,Yes,Unknown,Low,1,4.3,16.4,Bajo,-11.09,73.62,3.06
S2555,Ahmed,Brown,student1555@university.com,Female,24,Engineering,87.14,82.48,45.55,98.4,89.69,2.33,92.12,52.21,A,24.8,Yes,Yes,Unknown,Medium,2,8.9,14.58,Bajo,-36.93,75.88,2.11
S2556,Sara,Jones,student1556@university.com,Female,23,Engineering,53.9,59.71,78.93,73.21,54.2,8.77,90.92,89.06,C,25.4,No,Yes,Unknown,Low,1,4.5,30.52,Medio,19.22,76.51,3.51
S2557,John,Jones,student1557@university.com,Male,21,Business,78.37,46.15,65.5,82.07,85.2,0.71,95.4,60.13,A,15.6,No,Yes,Phd,Medium,9,6.1,48.7,Medio,19.35,67.44,3.85
S2558,Omar,Brown,student1558@university.com,Female,22,Cs,71.45,55.89,88.68,68.65,74.13,6.06,99.38,87.98,B,22.1,No,Yes,Bachelor'S,Low,2,4.3,29.4,Bajo,32.79,75.69,3.98
S2559,John,Jones,student1559@university.com,Male,23,Cs,50.88,47.86,95.13,81.82,56.69,4.78,74.78,81.27,C,9.6,No,No,Phd,Low,2,8.6,45.26,Medio,47.27,65.27,8.47
S2560,John,Johnson,student1560@university.com,Female,19,Engineering,61.8,57.68,76.03,86.0,63.24,3.18,59.78,66.98,D,12.4,No,Yes,Phd,Low,5,4.5,43.75,Medio,18.35,60.21,5.4
S2561,Maria,Davis,student1561@university.com,Female,24,Business,64.24,55.71,83.9,81.23,52.25,8.26,73.04,86.19,F,17.6,No,Yes,Unknown,High,9,7.9,49.78,Medio,28.19,72.28,4.9
S2562,Maria,Brown,student1562@university.com,Female,21,Cs,55.59,78.26,43.4,75.73,68.01,6.56,92.69,61.82,D,25.4,No,Yes,Phd,Low,3,7.6,28.81,Bajo,-34.86,75.51,2.43
S2563,Sara,Johnson,student1563@university.com,Female,22,Mathematics,81.58,97.27,73.62,65.01,62.77,7.59,91.81,60.99,D,13.4,No,Yes,Bachelor'S,High,10,4.2,35.57,Medio,-23.65,73.87,4.55
S2564,John,Davis,student1564@university.com,Female,23,Engineering,62.12,81.14,85.32,82.19,69.11,4.15,66.8,53.09,B,16.0,No,Yes,Unknown,High,8,7.6,41.47,Medio,4.18,64.9,3.32
S2565,John,Davis,student1565@university.com,Female,22,Cs,63.88,95.6,69.81,95.42,79.02,9.42,52.37,69.65,D,28.9,No,Yes,Unknown,Low,10,8.8,34.51,Medio,-25.79,80.25,2.41
S2566,Ahmed,Johnson,student1566@university.com,Male,22,Cs,75.725,87.05,75.61,50.35,86.62,3.45,75.49,54.89,A,12.1,No,Yes,Phd,Medium,1,6.6,21.33,Bajo,-11.44,61.74,4.54
S2567,Maria,Williams,student1567@university.com,Female,23,Cs,73.36,83.67,93.94,56.7,80.27,5.31,73.71,70.98,D,20.5,No,Yes,Unknown,High,10,5.4,38.97,Medio,10.27,65.94,3.46
S2568,John,Brown,student1568@university.com,Female,18,Business,69.61,64.84,51.89,55.99,83.92,9.34,54.29,50.49,C,7.5,Yes,Yes,Unknown,Medium,2,6.7,34.66,Medio,-12.95,71.9,6.73
S2569,Emma,Davis,student1569@university.com,Female,20,Mathematics,86.19,59.49,45.89,96.16,93.28,0.83,89.74,57.75,B,15.3,No,Yes,Unknown,Low,8,4.6,39.89,Medio,-13.6,71.87,3.77
S2570,Sara,Davis,student1570@university.com,Male,21,Engineering,95.48,90.78,81.44,83.14,93.69,1.09,64.18,96.62,A,13.3,Yes,Yes,Unknown,High,1,8.8,12.7,Bajo,-9.34,62.98,7.26
S2571,Liam,Jones,student1571@university.com,Male,21,Mathematics,51.25,94.32,89.37,97.59,93.04,9.94,82.29,89.78,D,5.3,No,Yes,Bachelor'S,Low,9,5.8,48.89,Medio,-4.95,93.08,16.94
S2572,Emma,Davis,student1572@university.com,Male,24,Business,72.41,67.11,91.03,74.81,57.66,9.71,55.07,61.81,D,19.6,Yes,Yes,High School,Low,4,6.3,31.39,Medio,23.92,71.16,3.15
S2573,Emma,Johnson,student1573@university.com,Female,24,Engineering,80.54,40.54,78.5,73.09,62.55,7.72,93.04,85.91,A,13.3,No,Yes,Bachelor'S,Low,3,6.0,37.44,Medio,37.96,76.47,6.46
S2574,Liam,Davis,student1574@university.com,Female,24,Engineering,65.93,87.55,89.99,89.62,75.12,4.84,86.96,83.42,D,11.3,No,Yes,Unknown,Medium,3,4.1,29.45,Bajo,2.44,75.03,7.38
S2575,Omar,Williams,student1575@university.com,Male,21,Engineering,88.62,57.1,82.04,58.05,67.94,5.06,69.42,58.85,A,27.3,Yes,Yes,Unknown,Low,1,4.2,18.2,Bajo,24.94,61.5,2.16
S2576,Omar,Brown,student1576@university.com,Male,22,Engineering,98.57,40.59,45.24,69.07,56.58,2.57,81.47,68.55,A,10.7,No,Yes,Unknown,High,8,6.8,43.53,Medio,4.65,58.2,6.41
S2577,Sara,Brown,student1577@university.com,Male,24,Cs,97.17,88.3,85.72,74.81,64.39,4.33,59.37,95.69,B,15.1,Yes,Yes,Unknown,Low,4,6.5,18.62,Bajo,-2.58,60.47,6.34
S2578,Emma,Davis,student1578@university.com,Female,23,Engineering,63.3,71.04,50.76,64.92,98.77,4.31,99.27,86.94,C,28.7,No,Yes,Bachelor'S,Low,1,8.9,22.18,Bajo,-20.28,76.52,3.03
S2579,John,Smith,student1579@university.com,Male,20,Cs,61.32,81.11,54.2,68.56,67.35,0.36,89.81,88.02,F,7.0,No,No,Phd,High,5,5.3,39.59,Medio,-26.91,57.33,12.57
S2580,Maria,Smith,student1580@university.com,Female,19,Business,97.87,94.88,63.68,53.91,70.95,4.53,89.45,78.19,A,28.5,Yes,Yes,Bachelor'S,High,10,5.8,23.03,Bajo,-31.2,64.9,2.74
S2581,Sara,Johnson,student1581@university.com,Female,21,Business,72.93,72.47,58.87,59.9,50.32,4.8,57.67,83.28,D,14.8,Yes,Yes,Bachelor'S,Medium,8,8.9,40.89,Medio,-13.6,53.97,5.63
S2582,Ahmed,Smith,student1582@university.com,Female,23,Cs,75.725,70.19,59.3,66.77,85.97,6.66,50.89,75.44,C,24.8,Yes,Yes,Bachelor'S,Medium,8,4.2,35.59,Medio,-10.89,67.56,3.04
S2583,Liam,Johnson,student1583@university.com,Male,20,Cs,85.35,57.44,50.16,89.79,70.68,5.16,79.27,87.04,A,13.9,No,Yes,Master'S,Medium,10,7.2,45.95,Medio,-7.28,72.84,6.26
S2584,Emma,Jones,student1584@university.com,Female,20,Engineering,75.725,58.31,57.63,74.81,55.16,8.62,57.21,86.64,B,15.4,No,Yes,Phd,Medium,3,4.5,32.75,Medio,-0.68,68.34,5.63
S2585,Sara,Johnson,student1585@university.com,Male,18,Engineering,63.36,87.79,41.18,67.33,98.43,3.68,89.02,51.55,C,15.9,No,Yes,High School,Medium,4,8.7,30.2,Medio,-46.61,72.9,3.24
S2586,Ali,Smith,student1586@university.com,Male,23,Cs,93.96,66.94,68.37,53.25,88.87,4.1,70.8,81.59,A,28.7,No,Yes,Unknown,High,10,5.4,32.68,Medio,1.43,63.48,2.84
S2587,Ali,Davis,student1587@university.com,Male,21,Engineering,58.12,49.81,86.12,77.86,86.31,5.71,66.93,81.49,D,18.8,No,Yes,Bachelor'S,High,4,8.1,41.98,Medio,36.31,72.05,4.33
S2588,Omar,Jones,student1588@university.com,Male,24,Cs,75.725,45.67,91.73,80.56,97.89,2.03,53.68,53.37,A,10.4,No,Yes,Unknown,High,3,8.6,39.04,Medio,46.06,63.11,5.13
S2589,Liam,Smith,student1589@university.com,Female,22,Cs,63.46,68.38,89.23,93.28,70.37,3.93,99.8,70.52,F,20.3,No,Yes,High School,Low,6,8.2,38.24,Medio,20.85,75.69,3.47
S2590,Maria,Johnson,student1590@university.com,Female,24,Cs,80.35,67.9,64.99,90.96,85.93,6.86,97.8,94.94,C,27.2,No,Yes,High School,Low,3,6.8,22.35,Bajo,-2.91,85.82,3.49
S2591,John,Williams,student1591@university.com,Female,20,Cs,56.15,79.21,83.83,64.27,60.31,4.12,56.58,97.67,D,10.4,No,Yes,Master'S,Low,6,8.9,42.5,Medio,4.62,55.59,9.39
S2592,Maria,Brown,student1592@university.com,Female,20,Business,73.58,68.26,57.27,56.85,84.86,9.07,66.64,89.11,F,13.4,No,Yes,Unknown,High,5,7.4,35.96,Medio,-10.99,74.76,6.65
S2593,Maria,Smith,student1593@university.com,Male,19,Mathematics,81.37,48.61,43.33,57.8,50.7,6.15,69.54,57.57,F,19.3,No,Yes,Bachelor'S,Low,2,7.9,29.51,Bajo,-5.28,59.89,2.98
S2594,Maria,Johnson,student1594@university.com,Male,24,Engineering,92.44,70.47,80.56,98.45,56.32,1.54,64.84,68.74,A,29.7,No,Yes,Bachelor'S,Low,8,5.2,27.21,Bajo,10.09,58.75,2.31
S2595,Liam,Jones,student1595@university.com,Male,18,Engineering,61.49,94.41,78.93,74.81,71.26,4.87,96.72,59.13,F,16.6,No,Yes,Phd,High,7,6.1,35.19,Medio,-15.48,72.87,3.56
S2596,Maria,Smith,student1596@university.com,Male,20,Cs,90.87,49.57,88.1,52.13,50.6,7.65,86.07,82.61,B,19.6,No,No,High School,Low,7,7.0,36.86,Medio,38.53,66.32,4.21
S2597,Ahmed,Smith,student1597@university.com,Female,20,Engineering,61.75,81.39,76.97,56.84,73.1,6.43,97.8,88.66,B,8.4,Yes,Yes,Master'S,Low,6,4.7,40.88,Medio,-4.42,73.01,10.55
S2598,Liam,Brown,student1598@university.com,Male,22,Cs,83.84,75.63,49.41,74.29,76.14,8.85,93.73,94.19,C,24.0,No,Yes,High School,High,9,8.8,33.74,Medio,-26.22,83.16,3.92
S2599,Ahmed,Johnson,student1599@university.com,Female,22,Engineering,71.53,84.92,91.19,60.39,81.08,7.5,87.73,93.03,A,10.5,No,No,Phd,Low,4,4.5,30.91,Medio,6.27,76.05,8.86
S2600,Liam,Williams,student1600@university.com,Male,19,Mathematics,55.73,49.04,77.64,90.18,55.02,0.62,84.85,54.96,C,13.2,No,Yes,Unknown,High,5,7.7,48.07,Medio,28.6,59.06,4.16
S2601,Omar,Jones,student1601@university.com,Male,23,Cs,85.71,96.5,88.46,78.66,59.05,1.13,93.31,56.28,B,22.7,Yes,Yes,Bachelor'S,Low,9,4.3,27.48,Bajo,-8.04,60.58,2.48
S2602,Sara,Johnson,student1602@university.com,Male,19,Business,75.725,77.26,86.45,80.63,80.66,6.5,84.21,95.48,A,22.8,No,Yes,High School,Low,3,4.5,23.36,Bajo,9.19,77.62,4.19
S2603,Ali,Jones,student1603@university.com,Male,19,Cs,58.83,90.82,57.87,73.14,82.91,2.38,59.44,92.19,D,13.0,No,No,Bachelor'S,Low,3,7.1,30.11,Medio,-32.95,59.82,7.09
S2604,Maria,Smith,student1604@university.com,Female,22,Cs,67.92,54.8,44.47,62.8,51.3,5.88,82.41,73.02,D,26.3,No,Yes,Phd,High,8,6.3,42.19,Medio,-10.33,63.83,2.78
S2605,Omar,Brown,student1605@university.com,Female,24,Cs,82.66,84.36,50.59,79.47,77.02,7.92,75.75,71.5,B,24.9,No,Yes,Unknown,Medium,10,4.0,33.31,Medio,-33.77,77.86,2.87
S2606,Sara,Brown,student1606@university.com,Female,24,Cs,61.7,86.86,45.57,85.85,89.25,5.77,99.09,77.64,A,20.4,No,Yes,Master'S,Low,6,6.0,33.26,Medio,-41.29,82.97,3.81
S2607,Ali,Davis,student1607@university.com,Female,24,Cs,59.18,63.85,54.6,74.81,53.46,4.15,75.5,79.83,F,9.5,No,Yes,Unknown,Medium,2,5.3,37.6,Medio,-9.25,61.32,8.4
S2608,Emma,Williams,student1608@university.com,Male,23,Cs,75.725,63.04,67.57,75.25,70.66,6.46,51.92,62.71,A,27.6,No,Yes,Master'S,Low,3,8.4,25.23,Bajo,4.53,65.61,2.27
S2609,John,Brown,student1609@university.com,Male,22,Engineering,73.58,79.47,94.41,91.98,66.33,1.44,63.21,70.19,A,18.2,No,Yes,High School,Medium,8,7.5,36.86,Medio,14.94,58.98,3.86
S2610,Ahmed,Smith,student1610@university.com,Female,18,Cs,71.43,45.6,92.32,57.43,95.68,7.23,95.87,80.98,B,14.4,No,Yes,Unknown,Low,5,7.7,43.01,Medio,46.72,80.32,5.62
S2611,Emma,Williams,student1611@university.com,Female,21,Engineering,61.69,84.14,83.12,77.26,59.29,6.97,98.12,60.31,D,28.2,No,Yes,High School,High,2,8.8,21.29,Bajo,-1.02,76.09,2.14
S2612,Liam,Johnson,student1612@university.com,Male,21,Mathematics,52.68,42.57,41.45,67.42,65.92,5.14,86.42,99.94,D,29.3,Yes,Yes,Unknown,Medium,3,7.5,38.59,Medio,-1.12,67.79,3.41
S2613,Ali,Brown,student1613@university.com,Male,18,Engineering,71.46,51.44,60.48,85.14,94.92,2.79,52.84,64.15,C,22.9,No,No,High School,High,2,4.8,30.33,Medio,9.04,65.2,2.8
S2614,Emma,Williams,student1614@university.com,Female,24,Cs,89.41,79.85,80.94,50.94,66.53,7.98,51.18,77.62,A,24.8,Yes,Yes,Phd,Medium,5,8.7,21.24,Bajo,1.09,62.11,3.13
S2615,John,Smith,student1615@university.com,Female,21,Cs,85.76,45.9,47.74,83.52,76.57,5.11,73.98,77.71,A,11.2,No,Yes,Phd,Medium,5,4.6,39.5,Medio,1.84,71.29,6.94
S2616,Omar,Davis,student1616@university.com,Female,23,Business,93.04,98.31,88.07,55.14,51.65,0.59,99.98,72.57,B,11.5,No,Yes,Unknown,Medium,9,5.0,29.97,Bajo,-10.24,53.17,6.31
S2617,Ali,Jones,student1617@university.com,Male,22,Engineering,50.48,92.1,94.87,53.24,99.25,9.19,93.46,62.08,C,19.2,No,Yes,Unknown,Medium,6,5.4,36.21,Medio,2.77,84.46,3.23
S2618,Emma,Jones,student1618@university.com,Female,21,Engineering,98.32,77.58,61.25,86.23,91.25,7.68,96.66,78.27,A,29.6,No,Yes,Unknown,Low,2,4.9,9.74,Bajo,-16.33,87.74,2.64
S2619,Ahmed,Smith,student1619@university.com,Female,23,Cs,67.07,89.14,82.35,82.02,81.72,5.85,81.18,54.55,C,23.6,No,Yes,Master'S,Medium,1,4.1,17.98,Bajo,-6.79,75.86,2.31
S2620,Ahmed,Smith,student1620@university.com,Female,22,Engineering,99.52,93.25,48.89,94.75,53.04,4.37,92.96,69.35,A,23.6,No,No,High School,Medium,7,6.3,18.73,Bajo,-44.36,71.11,2.94
S2621,Sara,Jones,student1621@university.com,Female,23,Cs,62.63,55.57,81.45,75.98,53.74,9.6,65.98,61.21,A,11.4,No,Yes,Unknown,Medium,7,7.4,49.04,Medio,25.88,72.92,5.37
S2622,Emma,Davis,student1622@university.com,Female,18,Mathematics,75.725,90.96,41.29,76.5,77.25,7.75,51.37,56.21,F,15.5,No,Yes,Master'S,Low,10,6.1,38.46,Medio,-49.67,70.66,3.63
S2623,Maria,Williams,student1623@university.com,Male,19,Business,67.7,51.69,49.05,85.35,64.25,5.35,95.91,96.27,D,13.6,No,Yes,Master'S,Low,6,5.2,45.11,Medio,-2.64,74.75,7.08
S2624,Emma,Jones,student1624@university.com,Female,18,Cs,67.79,64.8,82.59,66.17,81.14,6.53,60.92,85.0,B,12.6,No,Yes,Unknown,Medium,2,8.4,32.76,Medio,17.79,68.38,6.75
S2625,Omar,Smith,student1625@university.com,Male,21,Engineering,92.11,73.5,82.71,51.85,79.91,2.81,86.42,58.44,A,23.3,No,Yes,Bachelor'S,Low,8,5.9,29.62,Bajo,9.21,61.57,2.51
S2626,Ali,Brown,student1626@university.com,Female,22,Cs,75.725,82.83,78.47,61.5,91.93,1.96,82.95,97.47,B,7.5,No,Yes,High School,Low,4,8.2,31.56,Medio,-4.36,64.0,13.0
S2627,Ali,Johnson,student1627@university.com,Female,23,Engineering,99.61,41.81,68.64,61.9,64.07,2.73,57.91,60.8,A,9.1,No,Yes,Bachelor'S,Low,7,4.9,41.38,Medio,26.83,52.8,6.68
S2628,Omar,Davis,student1628@university.com,Female,21,Business,80.68,57.43,80.49,66.78,78.89,2.93,59.79,61.78,B,15.3,Yes,Yes,Bachelor'S,Low,8,5.7,42.44,Medio,23.06,58.69,4.04
S2629,Emma,Davis,student1629@university.com,Male,21,Engineering,73.16,76.51,86.43,97.17,88.87,7.4,66.45,56.66,C,12.6,No,Yes,High School,Low,7,8.0,38.47,Medio,9.92,81.62,4.5
S2630,Omar,Brown,student1630@university.com,Male,19,Cs,75.725,61.44,97.99,90.24,74.54,1.4,87.85,86.39,B,27.6,No,Yes,Phd,High,3,4.2,25.71,Bajo,36.55,66.66,3.13
S2631,John,Brown,student1631@university.com,Male,24,Cs,99.83,86.5,93.32,96.8,91.53,7.78,51.96,78.54,A,10.0,Yes,Yes,Unknown,Low,8,8.6,29.67,Bajo,6.82,79.52,7.85
S2632,Liam,Smith,student1632@university.com,Female,21,Business,77.58,79.1,87.67,99.93,56.56,5.23,70.35,52.91,F,11.2,No,Yes,Master'S,Medium,4,6.0,30.18,Medio,8.57,69.78,4.72
S2633,Omar,Jones,student1633@university.com,Female,19,Engineering,85.02,54.06,81.69,71.69,86.69,3.85,83.26,51.26,A,9.5,No,Yes,Unknown,High,8,8.9,44.83,Medio,27.63,70.04,5.4
S2634,Ahmed,Williams,student1634@university.com,Male,22,Engineering,70.34,48.76,74.45,61.35,97.15,3.0,58.57,76.63,F,26.5,Yes,Yes,Bachelor'S,High,5,7.5,36.39,Medio,25.69,61.77,2.89
S2635,Omar,Davis,student1635@university.com,Male,22,Cs,77.39,77.74,47.24,78.0,66.59,5.13,55.97,82.58,B,10.1,Yes,No,Phd,Medium,9,8.7,42.32,Medio,-30.5,62.96,8.18
S2636,Ali,Davis,student1636@university.com,Female,23,Cs,97.13,67.03,49.93,94.06,68.32,3.18,69.51,91.14,B,13.8,Yes,Yes,Phd,High,3,4.3,23.44,Bajo,-17.1,65.92,6.6
S2637,Ahmed,Brown,student1637@university.com,Male,24,Mathematics,58.32,50.14,89.22,74.81,54.18,4.29,64.33,73.91,D,21.7,Yes,Yes,Unknown,Medium,2,7.6,35.92,Medio,39.08,59.06,3.41
S2638,Ali,Jones,student1638@university.com,Female,19,Engineering,64.62,59.58,88.2,75.27,82.07,7.39,82.45,83.83,A,6.9,Yes,Yes,Bachelor'S,Medium,4,8.4,42.73,Medio,28.62,78.42,12.15
S2639,Sara,Davis,student1639@university.com,Male,18,Engineering,57.6,58.18,76.87,56.72,77.62,6.26,98.48,86.68,C,25.4,Yes,Yes,Unknown,High,2,8.9,31.91,Medio,18.69,73.86,3.41
S2640,Maria,Williams,student1640@university.com,Male,22,Engineering,89.61,46.49,66.33,71.02,52.02,7.48,50.22,80.65,A,22.7,No,Yes,Master'S,Low,2,4.2,25.56,Bajo,19.84,62.02,3.55
S2641,Ali,Brown,student1641@university.com,Male,24,Business,53.1,72.81,41.56,74.81,87.61,7.13,95.12,67.61,F,11.5,No,Yes,Unknown,Low,1,4.4,33.82,Medio,-31.25,82.21,5.88
S2642,Ahmed,Williams,student1642@university.com,Female,23,Cs,54.08,85.82,59.63,67.58,91.46,8.15,71.66,56.59,D,14.8,Yes,Yes,Master'S,Medium,8,7.7,43.48,Medio,-26.19,78.05,3.82
S2643,Sara,Jones,student1643@university.com,Female,18,Cs,64.92,74.53,65.24,94.36,95.36,2.02,83.2,82.38,D,20.5,Yes,Yes,Bachelor'S,Low,1,4.2,24.67,Bajo,-9.29,73.28,4.02
S2644,Ali,Davis,student1644@university.com,Male,22,Engineering,75.71,89.58,69.15,52.97,77.29,9.95,92.55,88.43,B,28.7,No,No,Unknown,Low,8,4.1,27.83,Bajo,-20.43,80.58,3.08
S2645,John,Johnson,student1645@university.com,Female,22,Engineering,75.725,47.65,95.76,98.61,72.63,4.76,78.67,59.49,D,20.7,Yes,Yes,Bachelor'S,High,9,6.7,46.63,Medio,48.11,74.38,2.87
S2646,Omar,Davis,student1646@university.com,Female,23,Business,75.725,66.14,46.52,74.81,93.81,7.18,54.87,74.74,A,11.3,Yes,Yes,Phd,Low,6,6.6,39.12,Medio,-19.62,73.82,6.61
S2647,Maria,Jones,student1647@university.com,Female,23,Business,97.87,76.56,71.13,97.28,69.93,6.78,57.03,69.86,A,17.1,Yes,Yes,Unknown,Low,7,7.1,27.56,Bajo,-5.43,73.01,4.09
S2648,Ali,Davis,student1648@university.com,Female,20,Cs,97.64,80.56,62.08,77.4,82.77,5.66,89.46,60.29,A,16.2,Yes,Yes,Master'S,High,6,4.1,24.67,Bajo,-18.48,76.56,3.72
S2649,Sara,Davis,student1649@university.com,Male,21,Cs,63.97,81.75,99.41,85.12,80.77,9.96,61.45,62.27,A,18.3,No,Yes,Unknown,Low,1,6.5,23.94,Bajo,17.66,81.74,3.4
S2650,John,Smith,student1650@university.com,Female,21,Mathematics,86.58,83.74,91.71,59.36,68.61,2.17,78.45,61.88,A,18.0,Yes,Yes,Unknown,High,1,5.4,15.58,Bajo,7.97,57.03,3.44
S2651,Emma,Davis,student1651@university.com,Female,18,Engineering,78.93,79.09,66.33,82.71,54.34,4.22,71.4,70.95,B,14.1,No,Yes,Unknown,Medium,1,7.8,21.6,Bajo,-12.76,62.66,5.03
S2652,Sara,Davis,student1652@university.com,Male,21,Engineering,61.87,45.65,99.98,94.1,51.07,1.28,65.18,69.52,D,26.8,No,Yes,Master'S,High,3,5.7,35.69,Medio,54.33,55.79,2.59
S2653,Omar,Williams,student1653@university.com,Female,18,Engineering,63.11,81.72,70.84,56.97,71.41,1.82,89.35,77.71,B,13.3,No,Yes,Bachelor'S,High,7,5.8,40.08,Medio,-10.88,58.98,5.84
S2654,Sara,Johnson,student1654@university.com,Female,24,Engineering,74.56,83.49,50.03,56.35,74.06,7.13,86.56,54.66,B,18.2,No,Yes,Unknown,Medium,8,7.3,35.31,Medio,-33.46,72.07,3.0
S2655,John,Williams,student1655@university.com,Female,22,Cs,70.96,99.61,73.35,65.2,91.13,0.05,82.31,79.06,D,11.5,Yes,Yes,Bachelor'S,High,1,7.3,19.53,Bajo,-26.26,59.78,6.87
S2656,Sara,Williams,student1656@university.com,Male,20,Business,64.56,81.6,53.57,58.09,70.72,8.9,68.63,51.09,B,15.9,No,Yes,Phd,Medium,6,4.3,36.09,Medio,-28.03,71.61,3.21
S2657,John,Brown,student1657@university.com,Male,20,Business,90.38,81.21,78.18,74.81,64.06,6.33,61.32,62.87,A,22.0,No,Yes,Unknown,Medium,8,7.1,28.56,Bajo,-3.03,65.87,2.86
S2658,Ali,Smith,student1658@university.com,Female,22,Engineering,74.07,70.89,96.25,83.92,73.1,4.41,75.79,75.11,A,23.9,Yes,No,High School,Medium,5,7.3,29.75,Bajo,25.36,69.23,3.14
S2659,Liam,Williams,student1659@university.com,Female,23,Engineering,82.74,92.08,87.17,60.69,61.9,3.31,90.86,84.35,C,25.2,Yes,Yes,High School,Low,2,6.3,13.04,Bajo,-4.91,61.64,3.35
S2660,John,Jones,student1660@university.com,Male,19,Cs,59.46,99.81,56.39,83.35,54.57,1.26,78.78,88.56,D,23.4,No,Yes,Unknown,High,4,8.1,24.21,Bajo,-43.42,57.32,3.78
S2661,John,Jones,student1661@university.com,Male,19,Cs,76.68,86.74,57.81,93.1,55.65,9.22,98.51,51.78,F,16.7,No,No,Unknown,Low,4,4.0,25.46,Bajo,-28.93,84.86,3.1
S2662,Maria,Davis,student1662@university.com,Male,21,Cs,65.9,76.75,44.16,82.6,65.96,7.12,50.77,76.87,F,5.9,Yes,No,Unknown,Low,4,8.8,37.63,Medio,-32.59,67.63,13.03
S2663,John,Brown,student1663@university.com,Female,23,Cs,76.32,44.74,57.15,55.97,50.63,3.36,99.92,67.72,D,18.1,No,Yes,Unknown,Medium,8,5.9,46.37,Medio,12.41,60.03,3.74
S2664,John,Smith,student1664@university.com,Female,18,Mathematics,75.725,83.6,45.56,78.68,61.01,0.71,84.57,84.75,D,6.4,Yes,Yes,Master'S,Low,6,7.0,36.33,Medio,-38.04,57.84,13.24
S2665,Emma,Smith,student1665@university.com,Male,24,Business,88.45,82.51,69.97,69.68,89.38,3.26,91.63,64.19,B,29.2,No,Yes,High School,Medium,9,4.2,27.47,Bajo,-12.54,70.82,2.2
S2666,Liam,Davis,student1666@university.com,Female,20,Engineering,67.71,86.53,82.5,67.17,61.73,1.85,66.75,87.19,A,14.4,No,Yes,Phd,Medium,10,7.5,43.14,Medio,-4.03,53.54,6.05
S2667,Ali,Jones,student1667@university.com,Female,21,Engineering,84.71,47.47,85.07,65.93,55.54,7.86,75.42,80.11,C,17.6,No,Yes,High School,Medium,1,6.7,27.31,Bajo,37.6,68.87,4.55
S2668,Omar,Johnson,student1668@university.com,Female,22,Cs,97.06,79.22,43.57,96.47,97.45,7.2,89.85,89.48,B,8.2,Yes,No,Unknown,Low,1,8.8,18.16,Bajo,-35.65,88.94,10.91
S2669,Maria,Brown,student1669@university.com,Female,23,Mathematics,75.725,57.74,60.4,87.13,81.12,4.98,88.03,99.22,F,29.9,No,Yes,Unknown,High,2,6.1,23.45,Bajo,2.66,76.52,3.32
S2670,Emma,Davis,student1670@university.com,Female,20,Cs,57.42,85.62,57.29,74.81,53.0,8.86,66.7,95.43,D,17.3,No,Yes,High School,Medium,5,7.6,34.46,Medio,-28.33,70.78,5.52
S2671,Ahmed,Brown,student1671@university.com,Female,18,Cs,83.99,54.42,46.26,74.81,53.11,1.81,66.22,79.66,A,12.5,No,Yes,Phd,Low,6,4.4,39.14,Medio,-8.16,53.06,6.37
S2672,Liam,Jones,student1672@university.com,Female,18,Engineering,55.25,81.04,61.75,65.91,80.61,4.52,83.14,94.69,F,9.8,Yes,Yes,Unknown,Low,3,4.3,35.89,Medio,-19.29,68.71,9.66
S2673,Ali,Jones,student1673@university.com,Male,19,Business,93.61,57.7,57.96,98.9,77.01,7.11,96.68,57.65,A,21.2,No,Yes,Master'S,Medium,1,8.7,19.33,Bajo,0.26,85.92,2.72
S2674,Ali,Johnson,student1674@university.com,Male,21,Business,75.83,40.54,78.07,98.9,53.42,0.68,71.94,52.15,A,15.9,No,Yes,High School,Medium,7,5.3,46.68,Medio,37.53,57.76,3.28
S2675,Ahmed,Johnson,student1675@university.com,Male,22,Cs,69.26,78.0,93.0,65.98,61.22,3.73,67.65,76.66,F,12.9,Yes,No,Unknown,High,1,8.6,25.91,Bajo,15.0,58.04,5.94
S2676,Omar,Smith,student1676@university.com,Male,20,Business,52.85,46.8,67.29,67.61,96.45,5.72,94.73,98.72,F,5.2,No,Yes,High School,Low,7,4.4,58.2,Alto,20.49,79.0,18.98
S2677,John,Brown,student1677@university.com,Male,24,Cs,69.04,79.56,84.8,79.97,78.6,3.67,84.15,85.49,F,5.9,Yes,Yes,Unknown,High,9,7.2,46.8,Medio,5.24,69.85,14.49
S2678,Emma,Brown,student1678@university.com,Male,18,Cs,75.725,95.54,48.76,73.97,72.02,4.8,69.41,65.26,A,22.3,Yes,Yes,Bachelor'S,Medium,1,6.8,13.68,Bajo,-46.78,65.85,2.93
S2679,Sara,Jones,student1679@university.com,Male,20,Business,51.05,98.15,93.7,60.66,62.51,6.08,52.86,83.44,C,17.0,Yes,Yes,Bachelor'S,Medium,8,8.8,39.74,Medio,-4.45,59.21,4.91
S2680,Maria,Smith,student1680@university.com,Male,22,Business,73.73,54.16,49.16,83.02,56.68,3.68,86.07,52.0,F,26.2,Yes,Yes,Master'S,High,10,6.0,44.85,Medio,-5.0,65.64,1.98
S2681,Sara,Davis,student1681@university.com,Male,20,Engineering,96.56,88.56,51.53,66.71,70.13,1.06,67.64,73.53,A,23.8,Yes,Yes,Phd,High,9,4.2,25.51,Bajo,-37.03,53.77,3.09
S2682,Ahmed,Brown,student1682@university.com,Female,21,Engineering,69.74,61.21,46.39,82.69,96.12,1.39,53.53,61.86,A,19.3,No,Yes,Unknown,Medium,8,6.4,43.13,Medio,-14.82,61.56,3.21
S2683,Ali,Smith,student1683@university.com,Female,19,Business,71.41,94.03,58.58,69.18,52.44,5.27,80.61,52.46,C,19.0,No,No,Bachelor'S,Low,1,8.1,17.3,Bajo,-35.45,63.73,2.76
S2684,Omar,Smith,student1684@university.com,Male,20,Business,78.93,87.25,73.14,85.01,99.55,1.75,66.15,62.5,F,23.6,No,No,Unknown,Low,4,4.3,21.07,Bajo,-14.11,67.05,2.65
S2685,Ali,Jones,student1685@university.com,Female,23,Business,73.15,44.44,99.28,83.39,60.39,8.9,66.92,86.12,C,23.5,No,No,Unknown,Medium,10,4.2,49.32,Medio,54.84,74.92,3.66
S2686,Maria,Smith,student1686@university.com,Female,19,Engineering,58.43,64.43,87.6,75.44,70.44,8.34,73.96,77.56,F,13.4,No,Yes,Master'S,Low,4,8.1,40.19,Medio,23.17,75.81,5.79
S2687,Ali,Johnson,student1687@university.com,Male,22,Mathematics,50.93,60.24,62.83,85.24,52.25,3.49,85.87,51.17,C,7.6,Yes,Yes,Master'S,Medium,1,8.1,40.3,Medio,2.59,64.56,6.73
S2688,Ali,Johnson,student1688@university.com,Male,19,Mathematics,80.49,87.11,74.55,73.05,79.24,8.31,63.82,70.49,F,24.3,No,Yes,Master'S,Medium,7,5.0,26.88,Bajo,-12.56,74.8,2.9
S2689,Maria,Williams,student1689@university.com,Male,20,Cs,96.04,64.62,77.4,55.81,74.18,5.33,54.05,87.61,A,10.6,No,Yes,Unknown,Medium,7,7.3,35.03,Medio,12.78,59.34,8.27
S2690,Emma,Jones,student1690@university.com,Female,20,Business,55.32,81.08,89.36,59.11,83.34,1.59,71.22,97.73,C,24.8,No,Yes,Bachelor'S,Medium,10,4.3,43.91,Medio,8.28,57.39,3.94
S2691,Emma,Davis,student1691@university.com,Female,23,Engineering,60.55,76.15,84.19,62.3,77.13,6.14,52.75,93.72,B,20.5,No,Yes,Master'S,Low,9,7.8,43.49,Medio,8.04,63.4,4.57
S2692,Maria,Williams,student1692@university.com,Male,18,Cs,68.51,98.54,74.16,53.16,69.91,6.79,84.86,50.08,B,13.9,No,Yes,Unknown,Low,8,5.5,35.07,Medio,-24.38,68.96,3.6
S2693,Omar,Johnson,student1693@university.com,Female,23,Engineering,90.44,96.27,80.15,85.57,86.89,0.84,97.96,60.94,A,26.3,No,Yes,Unknown,Medium,3,5.2,10.76,Bajo,-16.12,69.7,2.32
S2694,Ahmed,Williams,student1694@university.com,Female,20,Cs,63.46,65.66,84.76,68.37,51.25,3.14,82.94,60.39,C,22.3,Yes,Yes,Unknown,Medium,2,7.4,29.16,Bajo,19.1,58.49,2.71
S2695,Liam,Jones,student1695@university.com,Female,24,Engineering,94.1,83.41,47.99,54.68,77.05,0.05,63.77,70.65,A,18.6,No,Yes,Master'S,Low,10,8.6,32.74,Medio,-35.42,49.0,3.8
S2696,Ali,Jones,student1696@university.com,Male,19,Business,52.75,89.77,52.03,91.0,55.69,3.16,59.09,82.29,F,12.5,No,Yes,Unknown,Low,3,4.2,32.8,Medio,-37.74,59.34,6.58
S2697,Omar,Smith,student1697@university.com,Female,23,Cs,97.05,93.93,81.32,84.18,71.8,3.35,61.64,57.65,B,29.7,No,Yes,Phd,Low,8,4.7,18.56,Bajo,-12.61,62.78,1.94
S2698,Ali,Brown,student1698@university.com,Female,23,Engineering,78.04,44.09,91.03,72.61,89.56,6.3,61.08,95.78,F,26.0,Yes,Yes,Unknown,Medium,6,5.3,37.57,Medio,46.94,71.56,3.68
S2699,Liam,Smith,student1699@university.com,Female,24,Mathematics,82.94,58.12,64.56,62.37,57.12,1.99,65.69,88.86,F,8.4,No,Yes,High School,Medium,3,8.6,33.78,Medio,6.44,51.27,10.58
S2700,Ahmed,Jones,student1700@university.com,Female,24,Engineering,68.38,59.21,98.79,57.59,96.79,0.3,54.87,70.97,A,25.2,No,Yes,Master'S,Low,2,8.4,27.93,Bajo,39.58,53.06,2.82
S2701,Emma,Johnson,student1701@university.com,Female,24,Cs,75.725,66.07,52.96,72.92,94.43,3.16,94.79,79.2,D,8.0,No,Yes,Master'S,Medium,1,8.5,29.68,Bajo,-13.11,73.44,9.9
S2702,Omar,Davis,student1702@university.com,Female,18,Engineering,58.33,50.16,65.0,94.26,70.75,8.26,94.26,77.09,C,11.2,Yes,Yes,High School,Medium,8,5.9,54.49,Medio,14.84,85.47,6.88
S2703,John,Johnson,student1703@university.com,Female,20,Engineering,52.45,69.77,62.71,59.42,50.3,3.99,80.76,79.11,D,28.9,No,Yes,Bachelor'S,Medium,3,5.2,30.71,Medio,-7.06,57.6,2.74
S2704,John,Smith,student1704@university.com,Male,20,Engineering,69.78,79.79,95.82,78.43,89.49,4.15,53.1,93.01,A,26.7,Yes,Yes,High School,High,3,5.0,22.73,Bajo,16.03,65.63,3.48
S2705,Liam,Davis,student1705@university.com,Male,22,Business,92.68,69.84,57.12,98.08,94.04,4.69,90.2,60.01,B,20.2,No,Yes,Bachelor'S,Low,5,8.4,25.4,Bajo,-12.72,82.3,2.97
S2706,John,Jones,student1706@university.com,Female,18,Engineering,87.75,79.95,68.25,81.86,58.74,7.52,53.09,84.19,A,22.5,No,Yes,Unknown,Low,5,5.2,22.94,Bajo,-11.7,67.22,3.74
S2707,Emma,Johnson,student1707@university.com,Male,22,Business,75.86,43.99,51.23,72.0,95.81,4.8,55.32,55.35,F,7.2,Yes,Yes,Master'S,Medium,9,6.7,54.43,Medio,7.24,67.78,7.69
S2708,Liam,Jones,student1708@university.com,Female,22,Engineering,78.61,92.56,71.28,85.82,95.7,0.91,66.26,72.96,F,13.3,No,Yes,Bachelor'S,High,5,5.7,26.96,Bajo,-21.28,64.22,5.49
S2709,Emma,Davis,student1709@university.com,Female,22,Cs,56.49,96.34,91.44,91.23,73.56,2.06,71.57,81.79,D,13.1,No,Yes,High School,Medium,7,6.5,38.11,Medio,-4.9,64.24,6.24
S2710,Ahmed,Davis,student1710@university.com,Female,21,Engineering,92.03,77.07,58.24,74.81,89.9,1.88,67.69,50.63,A,5.8,Yes,Yes,Unknown,Low,7,5.7,35.1,Medio,-18.83,62.8,8.73
S2711,Ali,Johnson,student1711@university.com,Male,22,Business,89.35,92.88,88.65,93.59,72.25,5.08,58.26,55.4,A,22.6,Yes,Yes,High School,High,7,5.5,22.9,Bajo,-4.23,68.72,2.45
S2712,Ahmed,Jones,student1712@university.com,Female,23,Engineering,82.82,47.89,94.68,75.73,78.2,0.3,55.61,54.56,C,12.7,Yes,Yes,Unknown,Medium,5,6.1,39.18,Medio,46.79,53.14,4.3
S2713,Ahmed,Williams,student1713@university.com,Female,19,Cs,73.31,87.85,44.38,91.5,65.99,2.84,92.97,68.73,F,20.8,No,Yes,Phd,Medium,3,5.7,22.03,Bajo,-43.47,69.72,3.3
S2714,Emma,Jones,student1714@university.com,Male,23,Cs,98.22,47.15,85.39,97.6,57.97,6.07,68.16,81.1,B,5.7,No,Yes,Unknown,Medium,7,8.2,41.96,Medio,38.24,71.11,14.23
S2715,Liam,Davis,student1715@university.com,Male,23,Cs,93.95,64.48,55.32,75.06,87.33,3.55,60.93,99.8,B,5.0,No,Yes,Bachelor'S,Low,8,6.9,40.83,Medio,-9.16,64.7,19.96
S2716,Liam,Jones,student1716@university.com,Female,20,Cs,75.725,59.43,50.52,80.25,50.07,7.08,74.35,62.7,D,9.3,Yes,Yes,Phd,Medium,4,4.9,37.68,Medio,-8.91,68.87,6.74
S2717,John,Smith,student1717@university.com,Male,21,Engineering,68.59,75.14,76.07,80.47,78.98,3.91,51.84,56.8,A,22.6,No,Yes,Unknown,Medium,6,5.2,33.26,Medio,0.93,62.6,2.51
S2718,Sara,Williams,student1718@university.com,Male,22,Cs,80.9,58.09,82.34,89.07,93.23,9.79,80.01,70.74,C,20.1,Yes,Yes,Unknown,High,5,4.3,33.1,Medio,24.25,90.05,3.52
S2719,Ali,Brown,student1719@university.com,Female,20,Business,78.77,78.24,63.69,91.15,61.06,9.65,62.42,57.3,B,10.0,Yes,Yes,Unknown,Low,10,5.5,43.96,Medio,-14.55,77.78,5.73
S2720,Emma,Smith,student1720@university.com,Female,18,Cs,75.725,62.04,42.35,51.36,66.64,8.0,79.91,51.23,B,18.1,Yes,Yes,Master'S,Medium,2,7.3,28.06,Bajo,-19.69,69.48,2.83
S2721,John,Brown,student1721@university.com,Female,18,Cs,65.33,91.65,94.52,86.67,79.37,9.54,80.71,78.2,D,20.5,No,Yes,Master'S,Medium,1,4.9,19.39,Bajo,2.87,85.54,3.81
S2722,Omar,Johnson,student1722@university.com,Male,20,Engineering,70.35,78.03,83.84,89.19,62.34,2.05,90.46,93.98,C,28.5,No,No,Master'S,High,6,4.5,28.83,Bajo,5.81,65.62,3.3
S2723,Sara,Brown,student1723@university.com,Male,19,Cs,78.7,52.92,56.3,85.02,92.37,7.51,61.5,93.04,A,24.1,No,Yes,Phd,Low,10,5.6,44.53,Medio,3.38,78.5,3.86
S2724,Sara,Jones,student1724@university.com,Male,20,Business,71.41,60.17,69.81,74.81,68.33,3.22,73.17,55.04,B,8.4,Yes,Yes,Master'S,Medium,6,7.1,43.87,Medio,9.64,62.13,6.55
S2725,Emma,Brown,student1725@university.com,Female,20,Cs,63.18,90.85,41.67,52.07,79.08,7.25,98.09,57.37,F,11.8,No,Yes,Phd,Medium,7,6.4,38.07,Medio,-49.18,75.44,4.86
S2726,Maria,Davis,student1726@university.com,Male,21,Engineering,88.05,63.19,60.36,72.1,61.31,3.74,86.36,74.56,B,15.1,No,Yes,Master'S,Medium,5,5.7,31.56,Medio,-2.83,64.29,4.94
S2727,Ali,Smith,student1727@university.com,Male,18,Business,76.57,72.15,71.35,90.91,52.07,2.89,98.77,68.39,C,7.6,Yes,Yes,Unknown,High,1,8.4,27.76,Bajo,-0.8,67.66,9.0
S2728,Sara,Smith,student1728@university.com,Female,18,Engineering,53.38,78.94,71.03,96.7,58.69,9.59,96.37,85.15,D,18.9,No,Yes,Phd,Medium,6,6.3,39.3,Medio,-7.91,86.92,4.51
S2729,Emma,Brown,student1729@university.com,Female,22,Cs,68.42,60.87,52.49,61.47,52.31,2.1,80.54,74.75,A,27.7,Yes,Yes,Master'S,Medium,4,6.3,30.61,Medio,-8.38,53.83,2.7
S2730,Emma,Smith,student1730@university.com,Female,23,Engineering,94.25,57.64,86.6,78.96,73.43,7.59,63.2,51.01,B,12.7,Yes,Yes,Unknown,Medium,7,4.2,36.7,Medio,28.96,72.87,4.02
S2731,John,Davis,student1731@university.com,Male,20,Business,87.76,68.52,57.93,90.22,79.33,6.75,87.85,64.23,A,29.6,No,Yes,Master'S,Low,2,7.2,16.15,Bajo,-10.59,81.22,2.17
S2732,Omar,Smith,student1732@university.com,Female,20,Mathematics,66.16,52.89,74.82,87.62,52.23,3.03,84.91,95.07,A,11.2,Yes,Yes,High School,Low,9,6.3,53.15,Medio,21.93,63.76,8.49
S2733,Maria,Brown,student1733@university.com,Male,19,Business,96.91,57.05,56.29,80.94,54.52,4.58,79.44,75.58,A,16.8,No,Yes,High School,Low,7,4.7,33.9,Medio,-0.76,65.18,4.5
S2734,Ali,Williams,student1734@university.com,Male,24,Cs,53.83,43.72,65.51,50.93,74.28,1.43,84.89,89.9,F,13.6,Yes,Yes,Unknown,Medium,5,5.2,50.13,Medio,21.79,56.1,6.61
S2735,Liam,Williams,student1735@university.com,Female,24,Mathematics,98.06,58.24,52.45,74.81,89.96,9.21,80.68,70.11,A,12.7,Yes,No,Master'S,Low,2,5.0,24.08,Bajo,-5.79,84.39,5.52
S2736,Ahmed,Johnson,student1736@university.com,Female,18,Cs,62.29,59.24,77.98,74.81,81.4,9.68,75.97,83.85,D,14.4,No,Yes,Unknown,Medium,1,4.6,33.23,Medio,18.74,82.24,5.82
S2737,Omar,Smith,student1737@university.com,Female,19,Cs,50.45,97.71,65.54,86.14,55.24,7.32,70.8,58.45,D,5.8,No,Yes,Unknown,Low,5,6.2,39.02,Medio,-32.17,71.34,10.08
S2738,Omar,Brown,student1738@university.com,Female,21,Business,71.69,75.38,40.97,88.29,94.38,8.49,52.24,86.83,B,18.3,No,Yes,Unknown,Medium,10,5.8,43.14,Medio,-34.41,79.95,4.74
S2739,John,Smith,student1739@university.com,Female,22,Cs,67.95,87.24,41.69,71.55,95.87,0.83,93.28,89.33,C,23.5,No,Yes,High School,Low,5,5.8,27.18,Bajo,-45.55,67.25,3.8
S2740,Liam,Jones,student1740@university.com,Male,19,Cs,76.95,42.72,68.27,99.69,66.25,3.84,93.28,54.51,C,26.6,No,Yes,Unknown,Low,3,5.3,31.4,Medio,25.55,74.4,2.05
S2741,Sara,Davis,student1741@university.com,Male,18,Cs,89.84,46.39,50.99,88.54,80.8,3.31,79.7,59.17,A,13.1,No,Yes,Master'S,Low,9,6.2,45.87,Medio,4.6,70.54,4.52
S2742,Sara,Smith,student1742@university.com,Male,21,Engineering,75.725,88.87,75.1,78.93,74.62,5.65,63.39,73.14,D,18.8,No,Yes,Bachelor'S,High,10,6.7,37.44,Medio,-13.77,68.36,3.89
S2743,John,Smith,student1743@university.com,Female,20,Business,70.06,77.41,64.49,96.71,97.1,1.83,51.41,81.87,A,27.3,Yes,Yes,Master'S,Low,1,7.1,18.61,Bajo,-12.92,65.88,3.0
S2744,Emma,Williams,student1744@university.com,Male,21,Engineering,71.49,51.46,79.27,95.41,75.44,5.63,50.07,81.87,B,25.0,No,Yes,High School,Low,5,5.1,35.93,Medio,27.81,69.3,3.27
S2745,Sara,Davis,student1745@university.com,Female,23,Cs,57.41,64.29,97.14,90.73,98.0,6.54,53.65,83.41,F,16.6,No,Yes,Unknown,High,4,7.6,38.99,Medio,32.85,76.95,5.02
S2746,Maria,Brown,student1746@university.com,Female,19,Engineering,52.38,72.32,71.72,78.18,59.97,1.32,67.99,85.72,C,9.1,No,Yes,Master'S,Medium,2,4.1,37.64,Medio,-0.6,54.83,9.42
S2747,Ali,Smith,student1747@university.com,Male,18,Mathematics,82.06,90.62,87.24,74.81,67.28,1.32,59.42,75.29,A,19.0,No,No,Unknown,Medium,1,7.8,14.59,Bajo,-3.38,53.68,3.96
S2748,Omar,Williams,student1748@university.com,Male,19,Business,53.22,43.62,85.18,74.81,89.07,0.35,63.25,78.74,D,29.7,Yes,Yes,Unknown,High,10,5.4,53.44,Medio,41.56,57.66,2.65
S2749,Omar,Johnson,student1749@university.com,Female,20,Cs,86.69,75.8,95.31,62.54,89.18,7.61,84.98,50.42,A,23.9,No,No,Unknown,Medium,4,5.9,21.64,Bajo,19.51,78.2,2.11
S2750,Maria,Davis,student1750@university.com,Male,24,Mathematics,75.725,83.02,52.84,74.81,86.61,3.31,97.96,58.33,F,26.2,No,Yes,High School,Medium,6,6.9,26.6,Bajo,-30.18,73.12,2.23
S2751,Liam,Williams,student1751@university.com,Female,20,Business,59.93,98.67,89.64,78.89,92.98,2.25,60.34,74.93,F,9.7,No,Yes,Bachelor'S,Medium,8,7.1,40.13,Medio,-9.03,63.68,7.72
S2752,Sara,Williams,student1752@university.com,Male,18,Cs,76.98,88.43,94.33,74.81,85.13,7.78,73.28,87.28,B,27.6,Yes,Yes,Unknown,Medium,10,6.1,32.73,Medio,5.9,77.76,3.16
S2753,Omar,Williams,student1753@university.com,Male,23,Cs,75.725,56.57,63.57,96.13,81.8,1.43,99.57,90.45,F,5.4,No,Yes,Master'S,High,2,8.7,36.05,Medio,7.0,72.95,16.75
S2754,Ahmed,Smith,student1754@university.com,Male,22,Cs,71.94,82.57,58.83,77.86,72.95,4.27,96.58,86.45,F,26.6,No,No,Bachelor'S,High,2,8.3,18.97,Bajo,-23.74,72.52,3.25
S2755,Liam,Smith,student1755@university.com,Male,21,Business,75.725,85.8,97.12,76.33,73.35,7.45,67.62,74.32,C,11.0,No,Yes,Master'S,Medium,6,5.1,33.37,Medio,11.32,72.95,6.76
S2756,Ali,Johnson,student1756@university.com,Male,21,Cs,73.1,83.78,77.66,71.78,70.31,5.74,65.98,64.06,F,20.6,Yes,No,Phd,Low,4,6.9,25.65,Bajo,-6.12,66.37,3.11
S2757,Ali,Jones,student1757@university.com,Female,20,Engineering,57.43,89.21,62.84,52.9,81.01,5.54,62.11,72.24,D,12.3,No,Yes,High School,High,10,7.6,46.99,Medio,-26.37,62.86,5.87
S2758,Omar,Jones,student1758@university.com,Male,19,Cs,86.19,94.22,87.51,94.12,70.33,1.57,57.77,50.46,A,8.4,No,Yes,Unknown,Low,9,5.1,35.15,Medio,-6.71,59.48,6.01
S2759,John,Jones,student1759@university.com,Male,24,Mathematics,59.34,45.91,58.27,74.81,57.37,1.81,73.0,79.9,D,11.2,No,Yes,Unknown,Low,4,4.1,46.52,Medio,12.36,55.82,7.13
S2760,Liam,Davis,student1760@university.com,Male,19,Cs,86.93,46.29,50.58,82.12,55.33,5.83,67.06,53.73,A,16.8,No,Yes,Bachelor'S,Low,2,8.9,29.51,Bajo,4.29,65.7,3.2
S2761,Omar,Davis,student1761@university.com,Female,23,Mathematics,73.97,87.78,72.64,80.37,96.22,0.24,87.24,57.27,F,28.0,No,Yes,Phd,Low,1,8.8,13.78,Bajo,-15.14,66.56,2.05
S2762,John,Johnson,student1762@university.com,Female,22,Mathematics,72.69,55.14,73.97,74.81,51.24,8.69,61.84,81.3,A,14.7,No,Yes,Unknown,Medium,6,5.6,41.78,Medio,18.83,68.7,5.53
S2763,Omar,Davis,student1763@university.com,Female,19,Cs,92.57,43.51,89.54,76.29,55.27,3.5,86.82,50.67,A,6.4,No,Yes,Phd,Low,1,5.2,31.35,Medio,46.03,63.34,7.92
S2764,Ahmed,Jones,student1764@university.com,Female,21,Engineering,85.43,64.07,67.42,59.07,72.27,4.17,64.41,78.68,A,5.6,No,Yes,Bachelor'S,Low,6,4.8,39.19,Medio,3.35,59.36,14.05
S2765,Liam,Jones,student1765@university.com,Female,24,Cs,51.65,89.19,88.88,64.03,63.15,2.58,79.64,81.92,D,10.2,No,Yes,Master'S,Low,8,7.4,45.62,Medio,-0.31,58.16,8.03
S2766,Emma,Williams,student1766@university.com,Male,19,Mathematics,64.81,47.59,58.68,76.21,70.29,8.77,81.92,89.41,F,6.3,Yes,Yes,Unknown,Low,6,7.8,51.0,Medio,11.09,79.03,14.19
S2767,Ali,Davis,student1767@university.com,Male,24,Engineering,93.55,80.31,74.52,89.47,55.87,6.43,83.59,53.4,B,14.3,No,Yes,Phd,Medium,4,6.1,22.68,Bajo,-5.79,73.31,3.73
S2768,Omar,Smith,student1768@university.com,Male,22,Cs,50.92,40.22,52.51,71.6,56.55,4.5,58.77,50.15,D,14.6,No,Yes,High School,Medium,2,5.2,45.03,Medio,12.29,57.98,3.43
S2769,Ahmed,Smith,student1769@university.com,Female,21,Cs,77.26,46.58,63.13,74.81,90.03,5.85,64.14,88.34,C,29.3,No,Yes,Bachelor'S,Medium,5,6.2,33.22,Medio,16.55,71.87,3.02
S2770,John,Williams,student1770@university.com,Female,24,Cs,86.39,61.05,91.45,54.4,87.96,3.8,62.31,64.5,A,12.7,No,Yes,Unknown,Medium,5,6.6,33.99,Medio,30.4,60.67,5.08
S2771,John,Williams,student1771@university.com,Male,19,Mathematics,81.09,45.02,52.96,83.15,55.21,4.66,78.81,94.36,F,20.0,No,Yes,Master'S,Low,8,6.7,43.67,Medio,7.94,65.94,4.72
S2772,Ali,Williams,student1772@university.com,Female,21,Engineering,88.03,90.75,88.61,71.17,83.39,3.58,53.79,59.25,B,25.5,No,Yes,High School,Medium,3,6.2,13.66,Bajo,-2.14,61.04,2.32
S2773,Maria,Smith,student1773@university.com,Female,20,Business,86.28,91.84,56.97,56.27,80.47,4.11,75.91,79.28,A,17.8,Yes,No,Bachelor'S,Medium,2,4.0,15.57,Bajo,-34.87,63.44,4.45
S2774,Omar,Jones,student1774@university.com,Female,20,Cs,75.725,85.33,42.07,74.81,85.67,3.15,54.37,55.47,C,22.4,No,Yes,Bachelor'S,Low,1,6.4,16.7,Bajo,-43.26,61.59,2.48
S2775,Liam,Williams,student1775@university.com,Male,23,Cs,75.725,54.55,46.6,60.38,73.72,0.78,66.85,70.13,A,29.4,No,Yes,High School,Medium,2,5.7,24.65,Bajo,-7.95,52.19,2.39
S2776,Sara,Johnson,student1776@university.com,Male,20,Mathematics,82.28,71.39,84.75,75.45,63.5,0.37,84.34,94.1,F,13.1,Yes,Yes,High School,Low,2,6.8,25.46,Bajo,13.36,56.75,7.18
S2777,John,Williams,student1777@university.com,Female,19,Cs,70.12,51.05,55.72,65.31,83.18,1.74,70.63,80.42,A,6.9,No,Yes,Master'S,Low,1,4.3,36.69,Medio,4.67,59.13,11.66
S2778,Liam,Brown,student1778@university.com,Female,22,Mathematics,73.6,56.88,79.25,96.58,68.57,2.52,64.02,84.48,D,15.8,No,Yes,Unknown,Medium,8,8.4,44.83,Medio,22.37,63.59,5.35
S2779,Liam,Williams,student1779@university.com,Female,21,Cs,85.84,70.96,81.95,61.41,60.95,8.9,80.79,61.3,B,18.5,No,Yes,Bachelor'S,Low,8,8.4,34.97,Medio,10.99,73.04,3.31
S2780,Emma,Smith,student1780@university.com,Female,24,Cs,93.82,84.1,60.71,71.0,70.43,6.11,87.01,96.14,B,19.5,No,Yes,High School,Low,10,6.8,32.18,Medio,-23.39,72.39,4.93
S2781,Liam,Davis,student1781@university.com,Male,18,Engineering,63.61,45.68,68.5,97.97,88.16,9.58,62.73,81.17,F,23.5,No,Yes,Unknown,Low,4,7.7,38.95,Medio,22.82,86.16,3.45
S2782,Liam,Williams,student1782@university.com,Female,20,Mathematics,67.1,57.8,64.23,65.94,73.79,3.4,64.97,55.29,F,27.5,No,No,Unknown,Low,3,6.2,29.87,Bajo,6.43,59.68,2.01
S2783,Emma,Davis,student1783@university.com,Male,20,Mathematics,96.54,95.6,96.84,74.81,64.99,4.02,82.01,50.78,A,17.5,No,Yes,Bachelor'S,Low,1,7.0,8.78,Bajo,1.24,65.5,2.9
S2784,John,Brown,student1784@university.com,Male,18,Cs,78.93,65.75,59.2,65.84,91.59,7.2,98.26,50.8,A,8.6,No,Yes,Master'S,Medium,8,7.1,43.91,Medio,-6.55,81.92,5.91
S2785,Liam,Johnson,student1785@university.com,Male,24,Cs,58.95,96.33,51.0,55.53,94.08,5.78,60.69,52.56,F,15.1,No,No,Master'S,Low,8,5.8,38.47,Medio,-45.33,67.03,3.48
S2786,Maria,Davis,student1786@university.com,Female,24,Engineering,75.725,99.48,61.94,81.38,71.66,5.28,82.71,95.58,C,8.9,No,Yes,Phd,High,4,8.8,25.87,Bajo,-37.54,72.14,10.74
S2787,Maria,Jones,student1787@university.com,Male,18,Engineering,99.54,71.6,80.17,95.8,68.73,5.76,95.33,67.92,A,9.6,No,Yes,Master'S,High,5,7.0,27.77,Bajo,8.57,79.36,7.08
S2788,Ahmed,Williams,student1788@university.com,Male,24,Business,91.17,57.28,81.84,72.63,80.63,5.84,73.1,64.91,A,5.0,No,Yes,Unknown,Medium,4,9.0,35.07,Medio,24.56,71.19,12.98
S2789,Emma,Brown,student1789@university.com,Female,19,Cs,87.29,87.45,95.44,81.31,52.9,7.66,65.84,70.83,A,28.2,No,No,Master'S,Low,5,6.2,18.0,Bajo,7.99,69.16,2.51
S2790,Ahmed,Brown,student1790@university.com,Female,24,Mathematics,60.4,49.56,92.91,74.81,84.57,6.68,83.34,70.48,A,23.6,No,Yes,Phd,High,4,4.2,38.86,Medio,43.35,77.38,2.99
S2791,Emma,Davis,student1791@university.com,Female,21,Engineering,75.725,55.12,57.3,70.75,89.11,9.57,51.57,61.92,A,7.5,No,Yes,Bachelor'S,Medium,9,5.5,50.99,Medio,2.18,76.78,8.26
S2792,Omar,Johnson,student1792@university.com,Male,24,Business,76.29,87.09,67.31,80.74,69.87,9.48,68.01,54.59,C,28.0,No,Yes,Master'S,Low,1,7.3,13.17,Bajo,-19.78,78.36,1.95
S2793,Omar,Smith,student1793@university.com,Female,20,Engineering,94.46,66.02,84.84,74.81,58.73,4.22,62.9,55.43,A,26.8,No,Yes,Phd,Medium,10,8.6,33.73,Medio,18.82,59.66,2.07
S2794,Liam,Williams,student1794@university.com,Male,22,Engineering,66.49,52.09,94.99,68.9,51.44,0.36,61.23,79.96,F,27.7,Yes,Yes,Master'S,Low,10,7.1,47.25,Medio,42.9,46.29,2.89
S2795,Sara,Brown,student1795@university.com,Male,19,Mathematics,53.1,79.07,60.23,72.12,81.86,0.11,58.99,69.84,C,7.4,No,Yes,Master'S,Medium,3,6.4,38.44,Medio,-18.84,53.52,9.44
S2796,Omar,Johnson,student1796@university.com,Female,19,Engineering,73.8,83.97,66.67,93.2,63.45,1.23,86.85,95.12,B,7.0,No,Yes,Unknown,Medium,7,4.4,38.81,Medio,-17.3,63.95,13.59
S2797,Sara,Jones,student1797@university.com,Male,24,Business,63.49,47.5,93.97,67.42,73.19,0.75,97.75,73.19,F,6.7,No,Yes,Phd,Low,6,4.7,51.29,Medio,46.47,61.46,10.92
S2798,Omar,Brown,student1798@university.com,Male,22,Mathematics,85.76,56.62,61.51,81.76,69.32,3.73,69.24,75.17,A,29.2,No,Yes,Master'S,Low,8,4.3,33.95,Medio,4.89,64.4,2.57
S2799,Ali,Johnson,student1799@university.com,Male,22,Engineering,97.86,53.28,68.83,74.81,58.74,0.53,52.46,96.41,B,21.5,No,Yes,Bachelor'S,High,6,7.6,30.13,Medio,15.55,47.83,4.48
S2800,Omar,Smith,student1800@university.com,Male,23,Engineering,84.55,62.79,94.27,62.63,75.42,6.25,85.95,75.08,B,9.4,No,Yes,Phd,Medium,8,8.2,42.43,Medio,31.48,71.62,7.99
S2801,Ahmed,Smith,student1801@university.com,Female,22,Cs,94.35,85.81,88.13,82.42,72.98,1.9,76.91,75.1,A,28.2,No,Yes,Unknown,Low,1,4.8,7.13,Bajo,2.32,62.83,2.66
S2802,John,Brown,student1802@university.com,Male,24,Cs,72.65,82.82,54.61,88.12,81.21,5.14,86.18,68.16,B,16.1,Yes,Yes,Phd,Medium,9,5.6,39.45,Medio,-28.21,76.73,4.23
S2803,Liam,Brown,student1803@university.com,Female,24,Cs,88.58,79.75,59.49,73.11,62.59,1.03,82.4,85.52,A,24.6,Yes,Yes,Master'S,Low,5,6.4,21.66,Bajo,-20.26,57.1,3.48
S2804,Ahmed,Davis,student1804@university.com,Male,18,Cs,92.15,40.38,61.18,66.75,60.73,8.28,95.27,69.61,A,20.9,No,Yes,Master'S,High,10,4.7,45.18,Medio,20.8,76.39,3.33
S2805,John,Williams,student1805@university.com,Male,20,Cs,85.54,48.53,94.76,95.51,90.72,7.8,57.02,79.42,A,21.2,Yes,Yes,Phd,Medium,2,6.1,27.12,Bajo,46.23,80.31,3.75
S2806,Maria,Johnson,student1806@university.com,Female,23,Cs,75.39,53.4,99.94,56.79,85.11,3.86,58.46,72.37,C,16.0,No,Yes,Bachelor'S,High,1,8.8,29.59,Bajo,46.54,59.74,4.52
S2807,Ahmed,Brown,student1807@university.com,Male,24,Cs,81.29,56.32,86.44,86.04,88.61,9.11,67.08,76.44,C,14.9,No,No,Phd,High,4,7.6,33.87,Medio,30.12,83.21,5.13
S2808,Maria,Williams,student1808@university.com,Male,18,Engineering,85.03,48.79,69.06,84.51,56.16,1.86,74.57,91.35,A,9.0,Yes,Yes,Master'S,High,10,4.8,51.1,Medio,20.27,58.46,10.15
S2809,Sara,Davis,student1809@university.com,Male,23,Cs,75.725,64.62,40.61,84.51,61.2,8.14,96.29,70.69,B,6.8,No,Yes,Master'S,Low,8,4.5,46.27,Medio,-24.01,80.85,10.4
S2810,Sara,Williams,student1810@university.com,Male,20,Cs,90.48,44.51,81.85,74.81,78.78,5.46,95.35,61.5,B,28.2,Yes,Yes,Unknown,High,3,6.2,25.32,Bajo,37.34,75.88,2.18
S2811,Ali,Brown,student1811@university.com,Male,23,Engineering,97.52,85.0,63.36,86.41,92.86,3.3,93.59,78.52,A,28.4,Yes,Yes,Bachelor'S,Low,10,8.9,26.17,Bajo,-21.64,76.46,2.76
S2812,Omar,Smith,student1812@university.com,Male,18,Engineering,73.26,87.26,77.98,65.08,94.61,0.84,61.13,96.88,D,21.0,No,Yes,Unknown,Low,4,8.0,24.35,Bajo,-9.28,57.3,4.61
S2813,Ahmed,Johnson,student1813@university.com,Female,21,Engineering,85.05,74.46,76.4,67.67,91.6,1.71,86.48,84.66,B,14.7,Yes,Yes,Master'S,Low,2,5.5,22.77,Bajo,1.94,65.71,5.76
S2814,Maria,Johnson,student1814@university.com,Female,24,Engineering,86.85,45.38,68.85,69.56,52.17,8.63,69.17,65.42,A,5.6,No,Yes,Bachelor'S,Medium,2,4.1,35.41,Medio,23.47,69.3,11.68
S2815,John,Smith,student1815@university.com,Female,20,Business,83.11,93.4,96.66,51.54,91.04,6.07,96.56,98.15,B,16.2,No,Yes,Bachelor'S,Medium,2,6.1,17.01,Bajo,3.26,74.96,6.06
S2816,Sara,Brown,student1816@university.com,Male,19,Engineering,77.36,97.94,41.39,74.81,94.95,2.37,60.73,67.14,A,21.5,No,Yes,Unknown,Medium,10,4.8,32.79,Medio,-56.55,63.55,3.12
S2817,Omar,Johnson,student1817@university.com,Male,20,Engineering,94.08,52.14,82.73,53.68,52.84,4.96,57.06,99.16,B,12.5,Yes,Yes,Phd,High,1,4.9,25.18,Bajo,30.59,53.3,7.93
S2818,Sara,Brown,student1818@university.com,Male,20,Mathematics,72.45,82.28,64.59,84.99,70.81,1.08,92.12,59.6,F,13.6,No,Yes,Phd,Medium,10,4.8,43.16,Medio,-17.69,64.68,4.38
S2819,John,Davis,student1819@university.com,Female,20,Business,53.06,90.52,82.83,74.81,76.83,0.99,85.85,99.98,F,16.8,No,No,Unknown,Medium,10,7.6,45.87,Medio,-7.69,61.85,5.95
S2820,Omar,Brown,student1820@university.com,Male,21,Engineering,75.725,72.39,80.51,92.19,61.64,9.08,91.07,53.8,B,17.4,Yes,No,Bachelor'S,Medium,5,4.2,31.97,Medio,8.12,83.92,3.09
S2821,Omar,Williams,student1821@university.com,Female,24,Engineering,83.7,59.4,40.61,77.67,75.83,4.58,57.9,85.66,C,23.6,Yes,Yes,Bachelor'S,Medium,5,6.8,29.97,Bajo,-18.79,64.3,3.63
S2822,Maria,Smith,student1822@university.com,Male,18,Cs,92.46,68.71,57.12,86.26,94.3,3.62,94.24,87.02,A,17.5,No,Yes,Bachelor'S,Medium,3,7.8,22.72,Bajo,-11.59,77.75,4.97
S2823,Maria,Brown,student1823@university.com,Male,24,Engineering,56.93,70.74,51.35,65.14,93.35,9.49,83.88,83.98,C,26.1,No,Yes,Phd,High,3,4.8,30.25,Medio,-19.39,84.32,3.22
S2824,Ahmed,Davis,student1824@university.com,Male,19,Mathematics,51.54,64.04,50.02,87.28,96.99,3.99,82.58,88.88,C,17.1,No,Yes,Master'S,Low,8,8.5,49.75,Medio,-14.02,76.69,5.2
S2825,Ahmed,Jones,student1825@university.com,Female,18,Engineering,96.72,95.79,83.71,67.17,74.21,3.36,79.13,73.59,A,5.8,No,Yes,Bachelor'S,Medium,10,4.4,34.51,Medio,-12.08,63.53,12.69
S2826,Emma,Smith,student1826@university.com,Male,23,Mathematics,57.39,84.63,54.37,95.14,70.53,2.73,88.24,52.71,C,8.5,No,No,Bachelor'S,Low,7,7.4,43.61,Medio,-30.26,70.3,6.2
S2827,Liam,Johnson,student1827@university.com,Female,23,Engineering,90.48,54.48,68.48,58.17,83.29,5.65,70.78,67.89,A,23.0,No,Yes,High School,Medium,4,4.9,27.15,Bajo,14.0,67.18,2.95
S2828,Emma,Williams,student1828@university.com,Male,23,Mathematics,75.725,75.13,54.82,65.79,70.84,5.58,56.64,82.12,A,16.3,No,Yes,Unknown,High,8,8.0,38.36,Medio,-20.31,62.27,5.04
S2829,Ali,Johnson,student1829@university.com,Male,18,Engineering,85.44,81.32,74.81,74.94,52.1,0.16,76.96,82.31,A,16.5,Yes,Yes,Phd,Low,10,6.9,37.45,Medio,-6.51,51.4,4.99
S2830,Sara,Davis,student1830@university.com,Female,22,Cs,56.56,48.41,83.23,88.79,86.0,6.54,87.41,59.76,C,29.5,Yes,Yes,High School,High,9,6.9,48.71,Medio,34.82,81.9,2.03
S2831,Ahmed,Davis,student1831@university.com,Male,21,Engineering,83.37,61.51,59.86,87.44,64.05,7.88,57.68,62.65,D,19.3,No,Yes,Master'S,Medium,6,5.7,33.83,Medio,-1.65,71.99,3.25
S2832,Maria,Johnson,student1832@university.com,Male,22,Cs,94.45,94.33,76.18,60.54,52.45,6.16,61.2,74.33,B,7.9,No,Yes,Unknown,Medium,7,5.4,28.03,Bajo,-18.15,58.95,9.41
S2833,John,Smith,student1833@university.com,Male,24,Cs,71.28,74.03,89.49,57.21,51.03,8.7,84.83,86.43,A,15.8,No,Yes,Master'S,Medium,7,6.3,38.28,Medio,15.46,70.02,5.47
S2834,Maria,Johnson,student1834@university.com,Male,23,Business,70.68,53.02,45.65,65.2,96.57,2.76,63.48,92.64,C,19.0,Yes,Yes,Unknown,Low,5,7.8,38.74,Medio,-7.37,63.21,4.88
S2835,Sara,Brown,student1835@university.com,Female,21,Cs,75.725,47.37,82.64,74.19,62.6,1.92,58.5,54.32,C,5.9,No,Yes,Unknown,High,4,4.8,43.0,Medio,35.27,53.62,9.21
S2836,Emma,Johnson,student1836@university.com,Female,18,Business,54.11,71.09,59.39,76.95,72.39,6.97,94.47,96.28,F,14.1,No,Yes,Bachelor'S,Low,2,8.1,34.91,Medio,-11.7,78.38,6.83
S2837,Maria,Williams,student1837@university.com,Male,23,Cs,94.6,72.86,47.36,71.46,97.53,1.89,58.04,96.39,A,29.2,No,Yes,Bachelor'S,Medium,1,6.4,10.43,Bajo,-25.5,61.48,3.3
S2838,Liam,Williams,student1838@university.com,Male,18,Cs,93.46,60.06,72.74,83.15,73.38,0.91,67.21,50.4,A,23.8,Yes,Yes,Master'S,High,8,6.3,32.93,Medio,12.68,58.21,2.12
S2839,Ali,Jones,student1839@university.com,Female,21,Mathematics,99.9,77.82,53.58,71.38,53.93,0.97,71.42,75.32,A,14.3,No,No,Master'S,Low,2,4.1,16.76,Bajo,-24.24,51.61,5.27
S2840,Sara,Williams,student1840@university.com,Male,18,Cs,79.26,44.12,89.28,97.32,77.6,7.68,73.81,79.36,D,11.6,No,Yes,Master'S,Medium,8,4.6,48.78,Medio,45.16,81.38,6.84
S2841,Emma,Johnson,student1841@university.com,Female,18,Engineering,87.56,48.71,42.57,63.05,54.41,0.29,68.07,77.69,A,12.1,No,No,Master'S,Low,9,6.2,46.47,Medio,-6.14,47.11,6.42
S2842,Liam,Williams,student1842@university.com,Male,19,Engineering,60.13,72.78,45.92,81.37,54.75,2.89,95.63,80.79,F,25.7,No,Yes,Unknown,Low,4,8.9,30.94,Medio,-26.86,65.16,3.14
S2843,John,Smith,student1843@university.com,Female,24,Engineering,83.38,43.71,71.26,80.57,92.57,1.29,82.93,75.17,F,15.0,No,Yes,High School,Low,1,5.3,30.2,Medio,27.55,67.24,5.01
S2844,Emma,Williams,student1844@university.com,Female,22,Mathematics,82.49,92.85,75.34,64.08,64.47,7.55,67.97,64.69,F,26.1,No,Yes,High School,High,6,4.1,21.33,Bajo,-17.51,68.0,2.48
S2845,Omar,Brown,student1845@university.com,Female,22,Engineering,95.06,48.53,83.79,70.58,83.93,5.03,67.89,54.79,B,27.7,No,Yes,Unknown,Medium,8,6.2,33.88,Medio,35.26,68.18,1.98
S2846,Liam,Smith,student1846@university.com,Female,22,Engineering,91.54,80.44,55.56,68.27,75.45,2.05,75.15,60.42,B,16.6,No,Yes,Master'S,Low,1,4.1,15.53,Bajo,-24.88,59.84,3.64
S2847,Liam,Jones,student1847@university.com,Male,20,Business,96.92,63.47,90.51,58.62,61.12,7.5,51.68,87.01,A,28.6,No,Yes,Unknown,High,5,5.7,21.63,Bajo,27.04,61.6,3.04
S2848,Ali,Brown,student1848@university.com,Male,19,Cs,93.44,63.99,97.19,74.81,75.89,7.5,96.33,62.05,A,12.5,No,Yes,Unknown,Low,1,5.8,21.85,Bajo,33.2,80.51,4.96
S2849,Sara,Johnson,student1849@university.com,Female,23,Engineering,93.43,85.89,69.94,69.33,53.45,5.23,61.17,91.49,B,11.5,No,Yes,High School,Medium,7,4.0,29.12,Bajo,-15.95,59.06,7.96
S2850,John,Johnson,student1850@university.com,Female,23,Mathematics,53.19,69.97,85.63,58.92,67.36,2.76,84.88,70.17,C,7.7,No,Yes,Unknown,Medium,6,7.9,47.65,Medio,15.66,59.69,9.11
S2851,Ali,Johnson,student1851@university.com,Female,23,Engineering,92.3,83.54,71.49,72.49,76.14,5.86,88.89,70.72,A,11.1,No,Yes,Phd,Medium,4,8.6,23.75,Bajo,-12.05,74.03,6.37
S2852,Emma,Brown,student1852@university.com,Female,22,Business,80.37,70.31,44.17,71.09,61.42,9.34,91.37,93.42,C,24.3,No,Yes,Master'S,Low,8,9.0,34.18,Medio,-26.14,79.32,3.84
S2853,Ali,Brown,student1853@university.com,Male,24,Engineering,75.725,75.57,59.57,56.57,83.01,0.52,58.28,60.71,D,15.1,No,Yes,Master'S,Medium,8,6.5,38.83,Medio,-16.0,50.76,4.02
S2854,Liam,Brown,student1854@university.com,Female,22,Business,52.83,85.64,45.25,56.56,52.59,2.67,76.83,59.48,F,8.7,Yes,Yes,Unknown,High,2,5.5,33.69,Medio,-40.39,53.17,6.84
S2855,Sara,Smith,student1855@university.com,Female,24,Mathematics,83.88,76.44,99.33,82.38,74.24,2.85,54.18,99.27,D,7.7,No,Yes,Unknown,Low,5,7.6,32.75,Medio,22.89,59.82,12.89
S2856,Ahmed,Davis,student1856@university.com,Female,19,Cs,66.41,76.94,53.74,85.33,85.75,6.32,90.24,77.03,D,17.3,No,Yes,Unknown,Low,1,7.7,25.02,Bajo,-23.2,81.13,4.45
S2857,Ali,Smith,student1857@university.com,Female,24,Cs,73.39,87.35,78.15,97.06,71.5,6.51,74.32,59.53,C,18.5,No,Yes,Master'S,High,3,5.9,23.3,Bajo,-9.2,77.0,3.22
S2858,Omar,Johnson,student1858@university.com,Female,18,Engineering,84.09,96.95,57.06,54.35,93.73,2.06,57.92,58.29,A,24.9,No,Yes,Unknown,Low,3,6.8,13.48,Bajo,-39.89,56.65,2.34
S2859,Ali,Davis,student1859@university.com,Female,22,Business,95.59,62.6,79.19,55.89,81.61,2.16,85.93,93.08,A,22.9,No,Yes,Unknown,Low,10,8.1,36.31,Medio,16.59,61.26,4.06
S2860,Emma,Williams,student1860@university.com,Female,23,Cs,91.27,74.63,52.62,52.59,97.92,9.28,66.56,79.99,B,9.2,No,Yes,High School,Low,3,4.9,25.51,Bajo,-22.01,77.47,8.69
S2861,Emma,Johnson,student1861@university.com,Male,18,Cs,72.53,45.18,87.12,76.61,64.21,7.56,55.73,55.75,C,11.9,No,Yes,Master'S,Low,3,4.1,39.55,Medio,41.94,68.04,4.68
S2862,John,Jones,student1862@university.com,Female,22,Cs,69.39,61.53,46.65,81.14,96.94,9.34,73.05,94.35,D,22.3,Yes,Yes,High School,Medium,10,6.7,46.1,Medio,-14.88,86.13,4.23
S2863,Emma,Smith,student1863@university.com,Female,21,Mathematics,61.99,64.72,93.71,74.81,80.34,8.3,61.76,72.2,A,9.5,No,Yes,High School,Low,2,7.3,36.36,Medio,28.99,74.98,7.6
S2864,Maria,Brown,student1864@university.com,Female,20,Engineering,68.62,90.11,90.43,89.9,87.26,4.02,97.51,99.47,F,25.1,No,Yes,Phd,Low,7,6.9,29.73,Bajo,0.32,78.72,3.96
S2865,Sara,Smith,student1865@university.com,Male,22,Engineering,75.725,70.8,80.73,84.33,95.11,1.22,68.07,64.09,B,21.4,No,Yes,Master'S,High,7,7.0,34.89,Medio,9.93,64.93,2.99
S2866,Sara,Brown,student1866@university.com,Male,21,Cs,98.56,83.86,44.04,99.29,77.56,6.3,78.62,76.44,A,18.4,Yes,Yes,Phd,Medium,4,6.0,17.81,Bajo,-39.82,79.62,4.15
S2867,Ahmed,Davis,student1867@university.com,Male,19,Cs,78.7,41.14,52.51,74.81,93.11,3.52,97.42,58.66,D,21.1,No,Yes,High School,Low,8,7.3,45.12,Medio,11.37,75.14,2.78
S2868,Ahmed,Jones,student1868@university.com,Female,21,Cs,56.39,67.87,91.56,52.92,77.08,4.25,69.69,71.99,D,7.5,No,Yes,Master'S,Low,10,4.2,56.15,Alto,23.69,60.55,9.6
S2869,Sara,Davis,student1869@university.com,Female,19,Cs,67.64,94.08,47.32,63.74,79.96,4.26,67.91,58.83,C,18.7,No,Yes,Unknown,High,10,4.8,38.75,Medio,-46.76,63.55,3.15
S2870,Omar,Jones,student1870@university.com,Female,22,Mathematics,77.35,53.46,49.36,50.95,72.25,9.37,58.12,65.36,A,16.3,Yes,Yes,Unknown,High,8,6.2,44.3,Medio,-4.1,68.76,4.01
S2871,Ahmed,Smith,student1871@university.com,Male,19,Mathematics,76.64,41.89,72.64,96.63,57.28,0.69,96.92,63.49,A,17.8,No,Yes,Unknown,High,4,8.7,38.38,Medio,30.75,64.43,3.57
S2872,John,Brown,student1872@university.com,Female,21,Cs,51.78,66.0,56.45,65.2,77.68,1.93,90.04,64.15,D,13.4,Yes,Yes,Phd,High,6,7.2,46.49,Medio,-9.55,63.06,4.79
S2873,Emma,Davis,student1873@university.com,Male,24,Cs,97.54,82.27,53.32,77.62,98.87,6.08,61.05,98.49,B,16.7,No,Yes,High School,Medium,6,5.8,23.94,Bajo,-28.95,74.59,5.9
S2874,Sara,Jones,student1874@university.com,Male,20,Cs,63.77,67.27,74.55,74.81,89.36,8.84,66.63,51.92,B,27.1,No,Yes,Bachelor'S,Low,5,6.3,32.84,Medio,7.28,79.8,1.92
S2875,Liam,Johnson,student1875@university.com,Male,18,Engineering,50.81,67.6,62.35,62.29,87.37,9.18,95.75,74.84,C,13.6,No,Yes,Master'S,High,4,8.2,41.8,Medio,-5.25,84.3,5.5
S2876,Ahmed,Johnson,student1876@university.com,Male,18,Cs,53.82,80.19,48.43,57.62,82.17,5.59,76.86,81.46,C,6.1,No,Yes,Unknown,Medium,9,6.7,51.83,Medio,-31.76,68.14,13.35
S2877,Sara,Davis,student1877@university.com,Male,20,Cs,79.01,55.26,72.09,66.02,67.4,0.35,77.82,83.04,C,11.4,No,Yes,Unknown,Medium,6,4.2,41.18,Medio,16.83,53.68,7.28
S2878,Maria,Brown,student1878@university.com,Female,23,Cs,56.89,85.11,63.22,80.77,58.48,3.63,82.41,87.73,C,16.4,Yes,Yes,High School,Medium,7,6.1,39.69,Medio,-21.89,64.49,5.35
S2879,Ali,Davis,student1879@university.com,Female,18,Business,52.09,49.19,84.07,98.58,61.23,9.19,88.11,88.05,D,18.3,Yes,Yes,Unknown,Medium,5,5.9,46.75,Medio,34.88,84.96,4.81
S2880,Emma,Smith,student1880@university.com,Male,22,Business,68.98,63.75,46.17,74.81,50.32,5.0,96.96,97.78,D,15.7,Yes,Yes,High School,Medium,2,8.5,31.1,Medio,-17.58,68.02,6.23
S2881,Sara,Jones,student1881@university.com,Female,23,Engineering,81.14,79.36,77.24,76.64,83.67,7.27,90.11,87.78,A,25.7,No,Yes,Unknown,Low,6,5.5,26.05,Bajo,-2.12,80.78,3.42
S2882,Ali,Smith,student1882@university.com,Female,22,Cs,75.725,89.7,66.19,51.76,90.59,2.69,96.73,91.18,A,27.9,Yes,Yes,Unknown,Low,3,4.3,17.08,Bajo,-23.51,66.5,3.27
S2883,Ahmed,Johnson,student1883@university.com,Male,21,Mathematics,65.67,87.49,64.36,92.0,63.45,0.25,91.03,76.62,A,17.2,Yes,Yes,Bachelor'S,Medium,10,5.8,42.17,Medio,-23.13,62.24,4.45
S2884,Ali,Jones,student1884@university.com,Male,21,Mathematics,70.89,83.3,53.94,52.24,54.59,5.78,52.32,82.88,C,6.9,Yes,Yes,High School,Medium,6,4.2,37.86,Medio,-29.36,54.24,12.01
S2885,Emma,Davis,student1885@university.com,Female,23,Cs,57.97,61.55,41.83,95.31,66.79,8.35,55.88,73.91,D,15.5,No,Yes,High School,High,3,8.2,37.94,Medio,-19.72,75.37,4.77
S2886,Sara,Smith,student1886@university.com,Female,23,Cs,75.3,47.34,90.86,76.93,64.6,9.9,94.24,63.82,F,9.5,No,Yes,Master'S,Medium,8,7.0,50.25,Medio,43.52,83.69,6.72
S2887,Maria,Williams,student1887@university.com,Female,23,Engineering,54.26,53.01,59.58,58.42,72.54,8.47,51.38,65.67,C,12.1,No,Yes,Master'S,High,7,6.3,52.39,Medio,6.57,66.76,5.43
S2888,Omar,Brown,student1888@university.com,Female,23,Cs,52.33,91.89,80.87,72.59,63.21,5.54,89.71,68.03,D,25.8,No,Yes,Bachelor'S,Low,1,5.8,21.22,Bajo,-11.02,70.23,2.64
S2889,Ahmed,Brown,student1889@university.com,Male,19,Engineering,75.99,91.44,96.86,99.75,66.99,6.09,92.49,67.03,F,18.4,No,Yes,Unknown,High,4,6.1,23.44,Bajo,5.42,80.03,3.64
S2890,Sara,Williams,student1890@university.com,Female,24,Engineering,62.39,97.09,73.9,65.25,95.38,8.24,70.77,76.66,D,25.7,No,Yes,Master'S,Low,2,7.9,18.41,Bajo,-23.19,78.45,2.98
S2891,Emma,Johnson,student1891@university.com,Male,23,Engineering,54.77,44.56,63.83,63.47,66.74,0.2,67.74,62.38,C,29.6,No,No,Phd,Medium,6,4.9,43.77,Medio,19.27,49.99,2.11
S2892,Ahmed,Jones,student1892@university.com,Male,24,Cs,71.2,72.21,56.1,55.9,89.28,9.52,59.72,75.83,D,18.6,No,Yes,Unknown,Low,5,4.4,33.01,Medio,-16.11,75.03,4.08
S2893,John,Brown,student1893@university.com,Female,23,Engineering,95.76,78.92,96.04,79.86,81.29,5.31,52.45,95.81,A,27.8,No,Yes,Unknown,Low,2,6.8,11.13,Bajo,17.12,66.68,3.45
S2894,Ali,Williams,student1894@university.com,Female,21,Mathematics,86.21,82.64,80.92,54.46,66.88,9.52,87.27,70.3,A,22.1,No,Yes,Unknown,Low,1,8.3,13.98,Bajo,-1.72,75.95,3.18
S2895,Omar,Davis,student1895@university.com,Female,22,Cs,90.78,78.63,79.92,88.3,90.89,7.65,53.69,61.13,A,7.5,No,Yes,Bachelor'S,Medium,7,6.8,34.22,Medio,1.29,77.34,8.15
S2896,Emma,Williams,student1896@university.com,Male,24,Engineering,93.6,86.2,65.57,95.96,79.75,1.52,97.23,67.34,A,15.4,No,Yes,Master'S,Low,9,8.0,31.46,Medio,-20.63,72.04,4.37
S2897,John,Johnson,student1897@university.com,Male,21,Cs,98.63,61.57,90.7,74.81,50.43,1.65,64.84,93.84,B,21.5,No,Yes,Master'S,High,9,8.5,34.04,Medio,29.13,51.64,4.36
S2898,Liam,Johnson,student1898@university.com,Male,18,Cs,88.16,50.77,82.82,55.4,53.44,3.54,89.71,97.08,B,22.6,No,Yes,Unknown,Medium,10,4.4,42.61,Medio,32.05,58.49,4.3
S2899,Sara,Smith,student1899@university.com,Male,19,Engineering,80.42,52.28,56.99,77.91,87.63,2.64,52.98,94.33,D,26.5,No,Yes,Master'S,Medium,3,6.9,27.36,Bajo,4.71,61.23,3.56
S2900,Maria,Brown,student1900@university.com,Female,19,Cs,68.27,40.72,75.97,74.81,72.33,4.39,76.81,64.37,C,20.9,Yes,Yes,Bachelor'S,Medium,6,8.2,44.55,Medio,35.25,66.96,3.08
S2901,Ahmed,Smith,student1901@university.com,Male,22,Cs,59.08,61.02,65.81,78.6,70.28,6.04,67.45,69.39,D,7.3,No,No,Unknown,Low,10,7.2,57.37,Alto,4.79,69.18,9.51
S2902,Ali,Williams,student1902@university.com,Male,23,Cs,75.725,45.5,40.4,90.75,57.29,4.37,51.5,98.75,C,8.6,No,Yes,Unknown,Medium,1,7.0,35.55,Medio,-5.1,60.81,11.48
S2903,Ahmed,Jones,student1903@university.com,Female,21,Engineering,99.75,59.29,88.46,76.89,57.87,0.56,82.79,66.19,A,13.2,No,Yes,Unknown,Medium,1,7.9,20.7,Bajo,29.17,55.79,5.01
S2904,Omar,Jones,student1904@university.com,Male,18,Business,73.37,77.69,47.37,74.81,89.89,9.76,97.16,56.89,A,12.4,No,No,Phd,Low,6,7.5,35.92,Medio,-30.32,89.86,4.59
S2905,Sara,Johnson,student1905@university.com,Male,21,Cs,86.18,93.67,70.6,90.08,91.45,4.25,50.54,64.1,A,10.5,Yes,Yes,High School,Medium,6,6.5,27.6,Bajo,-23.07,68.64,6.1
S2906,Ahmed,Jones,student1906@university.com,Female,23,Engineering,74.75,90.38,60.17,63.83,78.0,8.51,63.52,98.2,D,20.4,No,Yes,Unknown,Medium,5,4.2,25.41,Bajo,-30.21,72.61,4.81
S2907,Ali,Jones,student1907@university.com,Male,23,Cs,71.6,55.16,60.53,74.81,64.76,0.74,85.18,70.79,F,15.7,No,Yes,Phd,Medium,6,7.1,41.65,Medio,5.37,58.04,4.51
S2908,Sara,Jones,student1908@university.com,Male,20,Engineering,70.52,48.04,68.64,50.37,96.64,8.1,93.56,96.69,D,22.1,No,No,Master'S,Medium,10,5.1,49.86,Medio,20.6,80.39,4.38
S2909,Ahmed,Williams,student1909@university.com,Male,21,Engineering,75.725,51.58,99.82,69.8,81.2,1.73,59.54,55.2,C,14.7,No,Yes,Unknown,Medium,5,5.3,39.56,Medio,48.24,56.96,3.76
S2910,Maria,Jones,student1910@university.com,Male,22,Engineering,75.725,98.26,64.5,61.9,89.83,6.79,53.54,88.3,F,11.9,No,Yes,High School,Low,6,7.4,29.18,Bajo,-33.76,68.29,7.42
S2911,Emma,Davis,student1911@university.com,Female,21,Mathematics,87.44,72.97,50.94,96.86,50.16,6.62,50.43,54.67,B,18.8,No,No,Master'S,Low,9,6.3,35.88,Medio,-22.03,65.91,2.91
S2912,Sara,Jones,student1912@university.com,Male,19,Mathematics,93.71,50.95,76.82,70.27,72.52,9.1,60.76,59.87,B,7.4,No,Yes,Master'S,Medium,7,7.6,41.55,Medio,25.87,73.64,8.09
S2913,Emma,Jones,student1913@university.com,Female,18,Cs,75.725,90.44,54.18,82.7,93.55,3.21,53.57,80.81,F,29.7,Yes,Yes,High School,Low,3,6.0,15.96,Bajo,-36.26,65.48,2.72
S2914,Liam,Smith,student1914@university.com,Male,24,Business,61.38,63.71,46.33,86.6,66.91,1.09,67.97,71.72,A,21.4,No,Yes,Unknown,High,9,8.4,46.48,Medio,-17.38,58.1,3.35
S2915,Sara,Williams,student1915@university.com,Female,22,Cs,75.725,93.95,43.01,88.66,86.33,8.65,72.01,83.33,A,8.1,Yes,Yes,Unknown,Medium,6,6.1,32.37,Medio,-50.94,83.38,10.29
S2916,Maria,Johnson,student1916@university.com,Female,20,Mathematics,67.08,55.64,41.37,86.79,82.88,3.32,74.0,98.67,B,20.6,Yes,Yes,Master'S,Medium,5,6.5,38.42,Medio,-14.27,69.22,4.79
S2917,Emma,Smith,student1917@university.com,Female,18,Cs,65.47,63.59,65.87,64.46,57.61,2.33,57.12,52.64,D,6.9,No,Yes,Unknown,Low,4,4.6,41.23,Medio,2.28,50.62,7.63
S2918,John,Brown,student1918@university.com,Male,18,Cs,86.34,70.3,65.6,84.3,88.75,4.86,73.2,59.58,B,17.7,No,Yes,Unknown,Low,10,6.5,39.84,Medio,-4.7,73.71,3.37
S2919,Ali,Williams,student1919@university.com,Male,24,Cs,65.23,93.56,51.13,77.45,55.63,1.46,50.45,82.01,F,12.3,No,Yes,Unknown,High,1,5.2,22.95,Bajo,-42.43,49.53,6.67
S2920,John,Davis,student1920@university.com,Male,19,Cs,52.65,92.13,87.04,79.87,86.4,2.97,61.97,94.83,D,22.5,Yes,Yes,Phd,Low,7,7.8,36.02,Medio,-5.09,64.49,4.21
S2921,Ahmed,Williams,student1921@university.com,Female,19,Business,68.68,74.46,47.76,50.04,99.55,3.85,68.45,89.88,C,17.2,Yes,Yes,High School,Low,5,7.6,33.91,Medio,-26.7,64.14,5.23
S2922,Maria,Brown,student1922@university.com,Male,19,Mathematics,86.07,53.31,94.92,74.81,97.9,2.77,55.92,73.28,A,24.6,No,No,Bachelor'S,Low,1,4.1,21.58,Bajo,41.61,64.08,2.98
S2923,John,Brown,student1923@university.com,Male,22,Engineering,75.725,64.2,75.25,96.53,90.01,4.5,90.7,87.27,A,10.7,Yes,Yes,Phd,Low,4,6.5,35.55,Medio,11.05,80.56,8.16
S2924,Sara,Brown,student1924@university.com,Male,21,Business,81.48,98.54,41.66,64.5,76.73,3.85,60.06,60.4,F,21.4,Yes,Yes,Unknown,Low,10,4.2,31.22,Medio,-56.88,59.95,2.82
S2925,Ahmed,Johnson,student1925@university.com,Male,18,Business,83.01,76.47,97.78,71.9,83.74,7.75,87.74,50.69,F,22.2,No,Yes,Phd,High,1,6.8,16.91,Bajo,21.31,80.22,2.28
S2926,Ahmed,Jones,student1926@university.com,Female,21,Cs,86.69,86.87,58.48,59.33,86.41,9.18,73.69,78.5,A,16.9,Yes,Yes,Unknown,Low,10,8.5,35.15,Medio,-28.39,77.81,4.64
S2927,John,Williams,student1927@university.com,Female,21,Cs,94.86,66.99,67.0,56.93,50.42,1.01,73.99,90.66,B,26.5,Yes,Yes,Master'S,High,4,8.3,20.12,Bajo,0.01,47.86,3.42
S2928,Liam,Jones,student1928@university.com,Male,19,Cs,71.63,71.92,57.06,74.81,55.12,8.23,82.26,71.67,D,8.7,No,Yes,Bachelor'S,Medium,7,5.2,42.34,Medio,-14.86,73.62,8.24
S2929,John,Jones,student1929@university.com,Male,21,Cs,58.32,65.74,83.71,77.68,79.85,9.32,52.21,78.46,D,24.0,Yes,No,High School,High,9,4.7,45.64,Medio,17.97,75.74,3.27
S2930,Liam,Davis,student1930@university.com,Male,18,Cs,65.95,82.18,69.14,95.95,50.33,6.87,53.94,71.11,B,8.3,No,Yes,Phd,Medium,2,8.0,30.34,Medio,-13.04,67.23,8.57
S2931,Maria,Brown,student1931@university.com,Female,18,Cs,71.61,91.09,47.94,66.31,95.45,9.96,66.34,75.7,B,8.9,No,No,Unknown,Low,4,6.7,29.83,Bajo,-43.15,81.93,8.51
S2932,Ali,Johnson,student1932@university.com,Male,23,Cs,85.69,70.44,46.25,66.17,74.48,3.35,70.84,94.22,B,10.0,Yes,Yes,Unknown,Medium,1,6.1,23.88,Bajo,-24.19,61.25,9.42
S2933,John,Davis,student1933@university.com,Female,20,Cs,50.66,68.85,83.52,78.21,62.89,8.3,71.5,73.91,D,21.5,No,Yes,Bachelor'S,Low,6,8.1,41.98,Medio,14.67,73.9,3.44
S2934,Omar,Smith,student1934@university.com,Female,22,Mathematics,65.79,60.42,54.22,67.84,69.69,6.74,83.84,50.37,F,21.0,No,Yes,Unknown,High,8,5.3,43.9,Medio,-6.2,72.19,2.4
S2935,Liam,Johnson,student1935@university.com,Male,21,Cs,88.99,50.63,48.27,74.81,92.54,3.23,50.04,89.99,B,16.1,Yes,No,Unknown,High,3,5.1,30.06,Medio,-2.36,62.42,5.59
S2936,John,Jones,student1936@university.com,Male,22,Engineering,83.54,96.35,69.97,68.89,96.36,7.05,97.96,80.89,C,12.9,Yes,Yes,Master'S,Low,5,7.1,24.29,Bajo,-26.38,83.43,6.27
S2937,Emma,Johnson,student1937@university.com,Male,22,Engineering,86.59,58.96,88.17,74.52,55.81,5.1,58.72,86.52,A,20.3,No,Yes,Master'S,Medium,1,5.4,21.86,Bajo,29.21,60.01,4.26
S2938,Sara,Brown,student1938@university.com,Female,22,Engineering,90.59,88.04,56.73,76.67,88.9,1.89,62.43,95.05,B,8.6,No,Yes,Master'S,Medium,5,6.1,26.47,Bajo,-31.31,61.72,11.05
S2939,Omar,Smith,student1939@university.com,Female,24,Cs,89.16,82.92,56.59,89.1,78.91,1.74,95.28,64.31,A,20.7,Yes,Yes,Unknown,Medium,1,6.3,13.57,Bajo,-26.33,70.17,3.11
S2940,Omar,Brown,student1940@university.com,Male,23,Cs,84.11,87.46,90.03,78.2,79.28,7.13,50.27,75.15,D,5.3,No,Yes,Phd,Low,5,5.0,30.56,Medio,2.57,69.76,14.18
S2941,Liam,Smith,student1941@university.com,Female,22,Cs,71.98,96.21,48.87,61.96,88.97,7.12,99.57,80.12,B,8.6,No,Yes,Bachelor'S,Low,9,4.3,39.42,Medio,-47.34,80.42,9.32
S2942,Emma,Davis,student1942@university.com,Male,23,Cs,75.725,77.4,77.0,56.2,61.14,5.31,51.8,67.27,D,22.7,No,Yes,Phd,High,7,7.8,32.26,Medio,-0.4,55.56,2.96
S2943,Emma,Jones,student1943@university.com,Male,18,Cs,78.45,93.88,97.3,74.81,76.55,5.01,56.03,92.3,B,26.8,No,Yes,Master'S,Low,7,7.9,24.31,Bajo,3.42,64.37,3.44
S2944,Ahmed,Smith,student1944@university.com,Female,24,Engineering,60.14,50.06,90.48,90.08,65.97,1.8,62.01,84.88,D,6.9,Yes,Yes,Phd,Low,9,7.0,58.26,Alto,40.42,59.02,12.3
S2945,Liam,Smith,student1945@university.com,Female,21,Engineering,64.64,77.6,43.71,74.81,54.73,4.29,71.94,86.67,A,21.0,No,Yes,Bachelor'S,Low,5,4.7,32.48,Medio,-33.89,61.1,4.13
S2946,Ali,Smith,student1946@university.com,Female,23,Engineering,75.725,86.34,59.19,91.08,55.25,8.71,75.92,90.4,A,6.5,Yes,Yes,Phd,Low,8,6.4,39.9,Medio,-27.15,77.34,13.91
S2947,Sara,Johnson,student1947@university.com,Female,20,Engineering,96.24,56.3,48.54,79.53,56.82,8.55,55.24,62.9,A,27.0,Yes,Yes,Master'S,Medium,7,4.9,29.26,Bajo,-7.76,69.27,2.33
S2948,Maria,Davis,student1948@university.com,Male,22,Cs,58.94,84.45,96.95,75.94,80.74,6.61,53.68,87.28,C,14.8,Yes,Yes,Master'S,Medium,6,8.4,37.75,Medio,12.5,69.12,5.9
S2949,Omar,Johnson,student1949@university.com,Male,24,Business,54.12,86.71,99.16,50.61,55.29,9.97,51.59,88.69,F,23.5,Yes,Yes,Unknown,Medium,6,7.5,34.41,Medio,12.45,64.3,3.77
S2950,Maria,Jones,student1950@university.com,Male,20,Cs,94.08,89.87,54.1,89.04,78.51,8.93,62.84,92.12,B,9.3,Yes,Yes,High School,Medium,7,4.2,28.79,Bajo,-35.77,79.92,9.91
S2951,John,Smith,student1951@university.com,Female,18,Business,95.76,58.77,80.18,59.9,79.41,1.45,96.08,74.43,A,26.5,No,Yes,Phd,High,10,4.0,35.6,Medio,21.41,62.47,2.81
S2952,John,Davis,student1952@university.com,Male,18,Business,63.82,80.9,90.5,74.81,95.19,3.99,69.49,75.21,A,15.7,No,Yes,Master'S,Low,3,8.9,29.99,Bajo,9.6,69.85,4.79
S2953,Maria,Davis,student1953@university.com,Female,19,Engineering,68.86,58.26,54.02,50.79,81.32,1.32,88.2,54.91,B,10.2,No,Yes,Phd,Low,5,4.2,42.21,Medio,-4.24,58.38,5.38
S2954,John,Williams,student1954@university.com,Female,22,Cs,83.01,84.34,51.26,89.82,99.28,4.66,59.51,92.61,F,19.3,No,Yes,Bachelor'S,Low,2,8.3,18.22,Bajo,-33.08,73.8,4.8
S2955,Ali,Jones,student1955@university.com,Female,19,Engineering,66.5,67.78,40.67,51.15,51.55,7.76,53.23,76.67,B,12.2,No,Yes,Unknown,High,5,8.8,39.18,Medio,-27.11,58.38,6.28
S2956,Emma,Davis,student1956@university.com,Male,24,Cs,93.86,75.85,64.72,74.81,85.21,1.56,77.71,79.72,A,12.2,No,Yes,Unknown,Medium,8,5.5,33.85,Medio,-11.13,63.33,6.53
S2957,John,Smith,student1957@university.com,Female,20,Cs,55.38,64.95,93.97,63.41,51.32,8.8,91.1,56.07,D,7.9,No,Yes,Master'S,Low,7,6.7,50.52,Medio,29.02,73.46,7.1
S2958,Ahmed,Smith,student1958@university.com,Female,21,Cs,51.9,49.72,94.18,57.88,86.47,5.69,94.92,80.09,D,10.3,Yes,Yes,Bachelor'S,Low,3,7.2,46.21,Medio,44.46,74.04,7.78
S2959,John,Davis,student1959@university.com,Female,19,Cs,60.42,50.68,47.66,74.05,69.29,7.49,77.31,52.1,C,24.9,No,Yes,Bachelor'S,High,7,6.6,44.53,Medio,-3.02,73.89,2.09
S2960,Sara,Johnson,student1960@university.com,Female,18,Engineering,64.3,44.65,52.26,64.18,80.57,0.45,64.7,96.16,C,18.1,Yes,No,Phd,Low,2,5.1,37.27,Medio,7.61,53.49,5.31
S2961,Ali,Jones,student1961@university.com,Female,22,Business,55.65,77.08,64.48,99.66,65.48,0.94,55.48,93.18,D,13.9,No,Yes,Unknown,Low,4,6.9,37.12,Medio,-12.6,57.5,6.7
S2962,Sara,Smith,student1962@university.com,Female,20,Cs,53.28,90.92,86.84,79.0,57.96,6.21,83.39,59.72,D,28.2,No,Yes,Unknown,Medium,10,5.3,39.98,Medio,-4.08,70.61,2.12
S2963,Sara,Davis,student1963@university.com,Female,23,Mathematics,87.78,41.25,76.71,78.32,86.18,8.38,64.02,79.69,A,24.9,Yes,Yes,Bachelor'S,High,2,4.8,26.67,Bajo,35.46,78.08,3.2
S2964,Ahmed,Smith,student1964@university.com,Female,24,Mathematics,58.21,43.97,70.83,61.04,95.23,8.74,92.2,80.13,C,12.8,Yes,Yes,Bachelor'S,Medium,7,6.5,53.37,Medio,26.86,83.97,6.26
S2965,Ali,Davis,student1965@university.com,Female,24,Mathematics,95.7,67.45,75.52,70.43,59.18,6.88,80.26,90.17,A,7.8,No,Yes,Unknown,Medium,5,5.9,31.26,Medio,8.07,69.67,11.56
S2966,Ali,Jones,student1966@university.com,Female,18,Business,75.725,84.26,45.77,56.2,96.04,2.01,92.94,87.85,C,9.6,No,Yes,Phd,Medium,9,4.1,41.2,Medio,-38.49,66.32,9.15
S2967,Liam,Davis,student1967@university.com,Female,23,Cs,83.53,49.46,68.66,88.13,57.01,1.95,78.33,99.66,D,21.9,No,No,Unknown,Medium,7,8.7,38.31,Medio,19.2,60.74,4.55
S2968,Ali,Williams,student1968@university.com,Female,24,Cs,61.27,56.3,99.52,66.56,86.78,8.81,88.59,67.54,B,19.1,Yes,Yes,Phd,Medium,2,4.2,34.34,Medio,43.22,82.51,3.54
S2969,Ali,Davis,student1969@university.com,Male,21,Engineering,62.02,53.92,45.31,87.6,97.97,1.13,64.72,56.23,B,29.5,Yes,Yes,Phd,High,4,8.5,34.03,Medio,-8.61,65.4,1.91
S2970,Ali,Davis,student1970@university.com,Male,22,Engineering,78.74,63.94,71.15,68.58,57.37,6.86,75.15,78.67,A,5.3,No,Yes,Master'S,Low,3,4.9,35.05,Medio,7.21,67.43,14.84
S2971,Ahmed,Jones,student1971@university.com,Female,21,Business,78.03,53.5,57.74,99.44,71.75,5.34,50.97,88.2,D,26.9,Yes,Yes,Phd,Medium,10,4.7,43.19,Medio,4.24,68.89,3.28
S2972,John,Davis,student1972@university.com,Female,24,Mathematics,88.44,61.16,72.39,58.56,66.87,4.21,80.39,64.29,B,5.4,No,Yes,Phd,Medium,2,4.3,30.22,Medio,11.23,61.98,11.91
S2973,Liam,Jones,student1973@university.com,Female,21,Engineering,87.89,83.71,74.43,50.08,69.42,4.4,76.69,61.81,B,15.6,No,Yes,Master'S,High,2,6.1,18.55,Bajo,-9.28,60.05,3.96
S2974,Sara,Williams,student1974@university.com,Male,24,Cs,83.53,76.66,74.65,79.74,87.66,9.45,87.76,90.12,F,27.9,No,Yes,Bachelor'S,Medium,8,6.9,29.37,Bajo,-2.01,87.42,3.23
S2975,Ali,Jones,student1975@university.com,Male,22,Cs,72.46,44.87,91.13,97.65,83.06,8.61,86.45,87.69,C,21.5,No,No,High School,Medium,6,8.5,41.54,Medio,46.26,88.32,4.08
S2976,Omar,Smith,student1976@university.com,Male,22,Cs,94.53,78.26,63.38,82.35,98.43,8.65,81.38,60.17,A,19.6,No,Yes,Unknown,Low,3,7.9,18.08,Bajo,-14.88,87.16,3.07
S2977,John,Jones,student1977@university.com,Female,23,Engineering,81.13,68.62,70.98,54.29,59.27,4.07,52.83,93.46,F,12.8,No,Yes,High School,High,8,4.8,40.17,Medio,2.36,51.77,7.3
S2978,John,Williams,student1978@university.com,Female,21,Engineering,99.51,96.07,40.66,77.02,77.16,1.07,95.15,56.74,A,29.2,Yes,Yes,Unknown,High,3,4.8,6.19,Bajo,-55.41,65.01,1.94
S2979,Sara,Brown,student1979@university.com,Female,20,Business,90.97,57.36,87.37,95.47,72.46,9.98,50.9,55.46,A,9.2,Yes,Yes,High School,Medium,5,4.0,35.24,Medio,30.01,79.66,6.03
S2980,Ahmed,Davis,student1980@university.com,Female,23,Engineering,52.22,83.57,55.57,50.33,95.94,1.45,90.16,67.56,C,11.7,No,Yes,Unknown,Low,1,7.4,30.8,Medio,-28.0,62.73,5.77
S2981,Maria,Jones,student1981@university.com,Male,22,Mathematics,66.03,83.85,88.99,58.35,50.53,5.16,73.97,94.33,F,16.3,No,Yes,Unknown,Medium,1,4.1,23.58,Bajo,5.14,58.61,5.79
S2982,Maria,Davis,student1982@university.com,Female,18,Engineering,78.59,53.29,55.94,74.81,99.46,2.65,90.9,84.77,A,8.2,No,Yes,Phd,Low,10,4.7,52.41,Medio,2.65,72.92,10.34
S2983,John,Johnson,student1983@university.com,Male,24,Business,86.07,94.19,40.65,94.7,73.99,5.11,73.25,69.74,A,15.6,Yes,Yes,High School,Low,2,7.2,16.04,Bajo,-53.54,73.26,4.47
S2984,Emma,Smith,student1984@university.com,Male,23,Cs,77.52,69.47,49.29,85.36,81.28,3.05,82.35,57.86,F,6.0,No,Yes,Bachelor'S,Low,7,4.8,42.36,Medio,-20.18,69.87,9.64
S2985,Emma,Smith,student1985@university.com,Female,19,Business,89.31,80.73,99.14,74.81,68.0,8.97,68.16,85.67,B,28.1,No,Yes,High School,Medium,1,4.8,10.47,Bajo,18.41,75.17,3.05
S2986,Sara,Johnson,student1986@university.com,Male,20,Engineering,75.725,48.75,59.19,54.51,92.63,9.68,87.18,79.96,A,13.1,Yes,Yes,Unknown,High,7,5.2,45.65,Medio,10.44,82.78,6.1
S2987,Maria,Johnson,student1987@university.com,Male,24,Cs,59.2,55.47,46.53,74.81,78.1,4.1,62.71,99.38,D,20.8,Yes,No,Bachelor'S,Low,10,5.9,52.24,Medio,-8.94,64.16,4.78
S2988,John,Jones,student1988@university.com,Male,23,Cs,75.725,75.17,47.13,84.25,83.14,0.7,85.97,88.28,B,26.8,No,Yes,High School,High,9,4.0,35.32,Medio,-28.04,65.09,3.29
S2989,Ahmed,Johnson,student1989@university.com,Male,22,Mathematics,78.67,59.14,58.62,85.13,82.45,6.63,59.67,55.11,B,25.5,No,No,Unknown,Medium,5,7.7,30.86,Medio,-0.52,73.39,2.16
S2990,Maria,Brown,student1990@university.com,Female,22,Cs,84.43,69.98,42.26,89.67,68.2,3.77,86.11,86.41,C,26.8,No,Yes,Unknown,High,6,7.9,27.17,Bajo,-27.72,70.42,3.22
S2991,John,Davis,student1991@university.com,Female,20,Engineering,66.31,62.44,70.69,95.88,53.8,9.86,64.68,62.87,A,23.0,No,Yes,Phd,Low,10,5.8,46.56,Medio,8.25,78.24,2.73
S2992,John,Davis,student1992@university.com,Male,19,Cs,80.68,78.43,52.82,68.08,90.39,0.89,63.93,98.09,C,9.8,Yes,No,Unknown,Medium,7,8.0,36.67,Medio,-25.61,57.82,10.01
S2993,Ali,Williams,student1993@university.com,Female,23,Engineering,52.61,69.23,71.16,52.15,64.49,1.19,90.57,50.96,D,14.2,No,Yes,Bachelor'S,Medium,8,5.4,49.27,Medio,1.93,54.78,3.59
S2994,Ahmed,Johnson,student1994@university.com,Male,23,Business,54.96,40.28,48.45,68.12,92.45,6.99,90.68,61.92,C,17.8,No,Yes,Unknown,Medium,2,8.9,42.0,Medio,8.17,80.29,3.48
S2995,Ali,Johnson,student1995@university.com,Female,21,Cs,85.09,78.98,65.79,83.58,80.43,7.59,84.57,74.95,A,13.4,Yes,Yes,Unknown,High,2,6.0,22.05,Bajo,-13.19,81.12,5.59
S2996,Sara,Brown,student1996@university.com,Female,18,Engineering,68.4,65.33,75.88,60.67,67.69,4.71,96.2,53.95,B,28.9,No,Yes,Bachelor'S,High,9,7.3,39.79,Medio,10.55,67.92,1.87
S2997,Ali,Smith,student1997@university.com,Female,22,Mathematics,83.57,60.5,43.72,90.5,79.71,2.77,57.81,67.2,A,25.2,Yes,Yes,Master'S,Medium,6,5.6,31.11,Medio,-16.78,63.93,2.67
S2998,Omar,Smith,student1998@university.com,Female,23,Business,91.59,45.65,63.92,60.99,82.27,3.1,63.47,74.86,A,25.0,No,Yes,High School,Low,7,6.3,35.08,Medio,18.27,59.43,2.99
S2999,Ali,Davis,student1999@university.com,Female,23,Business,92.63,53.22,58.15,50.5,85.33,3.38,64.7,72.35,B,14.0,No,Yes,Unknown,Low,5,7.2,33.5,Medio,4.93,58.58,5.17
S3000,Omar,Davis,student2000@university.com,Male,24,Engineering,58.61,53.43,54.42,75.4,91.12,2.25,65.26,73.03,F,23.9,No,Yes,Unknown,Low,1,5.7,31.51,Medio,0.99,63.57,3.06
S3001,Maria,Jones,student2001@university.com,Female,24,Cs,74.31,96.12,76.27,86.32,57.99,8.51,66.4,93.95,A,20.4,No,Yes,High School,Medium,8,7.3,30.51,Medio,-19.85,73.95,4.61
S3002,Emma,Brown,student2002@university.com,Male,23,Engineering,86.7,65.95,75.31,67.48,97.21,0.65,84.85,75.26,A,14.4,No,Yes,Phd,Low,1,4.7,22.67,Bajo,9.36,64.01,5.23
S3003,Liam,Williams,student2003@university.com,Male,19,Business,88.7,42.52,77.84,87.44,70.54,4.07,63.54,97.05,A,12.7,No,Yes,Bachelor'S,High,1,6.4,29.85,Bajo,35.32,65.56,7.64
S3004,Liam,Williams,student2004@university.com,Female,18,Cs,89.23,48.33,49.53,71.92,93.02,7.48,64.3,57.39,B,24.7,No,Yes,Bachelor'S,Low,2,5.4,24.14,Bajo,1.2,76.01,2.32
S3005,John,Brown,student2005@university.com,Male,23,Cs,61.41,44.74,57.14,58.59,61.02,0.04,78.52,64.01,D,19.9,No,Yes,Master'S,Low,5,8.6,44.02,Medio,12.4,49.63,3.22
S3006,Liam,Williams,student2006@university.com,Female,20,Cs,59.63,75.33,52.58,54.53,51.45,8.78,59.67,82.83,D,5.9,Yes,No,Unknown,High,4,8.1,40.25,Medio,-22.75,63.36,14.04
S3007,Omar,Smith,student2007@university.com,Male,22,Engineering,79.5,51.2,72.43,85.53,78.67,7.06,68.24,64.16,F,5.5,No,Yes,Unknown,Medium,4,6.4,40.73,Medio,21.23,75.76,11.67
S3008,Ahmed,Williams,student2008@university.com,Male,21,Business,87.05,69.91,67.66,69.29,66.23,0.73,52.9,67.36,A,26.0,No,Yes,Phd,Medium,1,6.3,15.56,Bajo,-2.25,48.93,2.59
S3009,Ali,Williams,student2009@university.com,Female,24,Cs,65.96,62.2,59.82,95.64,99.22,8.95,97.63,95.05,C,7.2,Yes,Yes,Unknown,High,1,8.2,34.65,Medio,-2.38,95.5,13.2
S3010,Omar,Brown,student2010@university.com,Female,20,Engineering,75.725,88.23,87.16,77.01,55.22,4.87,65.87,76.93,A,18.0,Yes,Yes,Phd,High,10,7.5,38.03,Medio,-1.07,61.7,4.27
S3011,Ahmed,Brown,student2011@university.com,Female,22,Mathematics,85.84,59.23,45.64,67.42,52.37,6.52,92.5,66.73,B,20.2,No,Yes,Master'S,High,2,7.4,24.31,Bajo,-13.59,69.37,3.3
S3012,Emma,Williams,student2012@university.com,Female,24,Cs,64.98,67.5,98.49,67.45,52.25,8.82,76.5,88.84,F,27.9,No,Yes,High School,High,2,6.7,25.28,Bajo,30.99,71.1,3.18
S3013,Liam,Johnson,student2013@university.com,Male,19,Engineering,58.32,83.28,46.99,56.57,60.84,8.81,61.41,53.53,D,17.9,Yes,Yes,Unknown,Low,1,8.3,25.65,Bajo,-36.29,66.73,2.99
S3014,Emma,Brown,student2014@university.com,Female,24,Mathematics,57.39,66.0,86.38,79.69,78.96,4.09,59.67,78.18,C,9.9,Yes,Yes,Bachelor'S,Medium,10,4.9,55.16,Alto,20.38,64.8,7.9
S3015,Liam,Jones,student2015@university.com,Male,18,Mathematics,65.75,87.59,62.09,79.11,75.28,2.38,84.75,54.98,C,11.5,Yes,Yes,Unknown,Medium,8,8.3,40.52,Medio,-25.5,65.74,4.78
S3016,Ali,Jones,student2016@university.com,Male,18,Cs,79.63,79.7,91.92,90.0,67.5,2.57,98.24,58.84,B,6.2,No,Yes,Bachelor'S,Medium,3,6.6,29.56,Bajo,12.22,70.36,9.49
S3017,Sara,Smith,student2017@university.com,Male,22,Cs,67.92,64.63,44.45,60.06,54.44,7.66,59.15,53.12,F,10.6,No,Yes,Bachelor'S,Medium,8,7.1,47.09,Medio,-20.18,62.56,5.01
S3018,Ali,Williams,student2018@university.com,Male,20,Cs,51.03,70.24,62.48,64.54,61.69,9.29,55.77,95.08,C,25.4,No,Yes,Unknown,High,5,8.8,37.26,Medio,-7.76,68.72,3.74
S3019,Maria,Johnson,student2019@university.com,Male,21,Business,54.85,98.03,60.13,54.86,59.21,0.72,69.35,52.41,F,23.9,No,Yes,Master'S,Low,3,6.1,23.89,Bajo,-37.9,47.66,2.19
S3020,Omar,Smith,student2020@university.com,Male,19,Business,64.53,79.7,99.59,64.77,87.28,0.15,69.69,75.82,B,7.0,Yes,Yes,Unknown,Medium,6,7.3,41.12,Medio,19.89,55.81,10.83
S3021,John,Williams,student2021@university.com,Female,22,Engineering,82.99,94.3,99.13,71.41,89.0,8.23,90.31,61.25,C,17.0,No,Yes,Unknown,Medium,2,6.6,16.39,Bajo,4.83,83.26,3.6
S3022,Sara,Brown,student2022@university.com,Male,19,Cs,54.93,50.73,51.39,98.2,88.85,3.87,73.44,69.18,C,12.5,No,Yes,High School,Low,1,8.7,39.31,Medio,0.66,74.8,5.53
S3023,Ali,Jones,student2023@university.com,Male,18,Cs,78.03,68.99,77.8,82.65,98.45,2.76,53.12,74.68,B,21.2,Yes,Yes,High School,Low,9,6.4,39.17,Medio,8.81,65.46,3.52
S3024,Ahmed,Davis,student2024@university.com,Male,23,Engineering,55.99,94.52,72.13,89.14,94.21,1.88,96.03,72.5,D,29.0,No,Yes,Unknown,Medium,3,5.3,21.99,Bajo,-22.39,74.54,2.5
S3025,Sara,Johnson,student2025@university.com,Female,23,Engineering,60.58,59.36,49.26,66.28,74.89,3.46,68.66,87.4,D,20.8,No,No,Unknown,High,7,6.4,43.92,Medio,-10.1,61.11,4.2
S3026,Omar,Davis,student2026@university.com,Female,21,Business,58.61,98.06,50.07,57.23,70.75,9.71,83.43,95.59,C,23.6,No,Yes,Phd,Medium,9,8.6,36.05,Medio,-47.99,77.13,4.05
S3027,Liam,Jones,student2027@university.com,Male,19,Engineering,53.36,45.82,99.36,62.84,95.79,9.77,83.37,65.01,D,15.0,No,Yes,Bachelor'S,Medium,4,6.5,46.74,Medio,53.54,84.92,4.33
S3028,Sara,Davis,student2028@university.com,Female,22,Cs,83.57,94.16,67.16,62.82,80.56,3.32,52.82,51.23,C,5.8,No,Yes,Phd,Medium,9,4.7,37.38,Medio,-27.0,57.35,8.83
S3029,Liam,Brown,student2029@university.com,Male,21,Cs,75.725,66.71,47.55,79.16,64.72,9.64,50.18,94.7,F,15.5,Yes,Yes,Phd,High,4,6.7,32.4,Medio,-19.16,72.61,6.11
S3030,Omar,Williams,student2030@university.com,Female,24,Cs,91.55,44.42,52.89,74.81,78.22,3.0,54.4,98.94,A,17.8,No,Yes,Unknown,Low,2,5.9,27.95,Bajo,8.47,59.36,5.56
S3031,Ali,Brown,student2031@university.com,Male,24,Cs,54.94,92.77,56.1,92.87,99.61,8.54,97.83,71.67,F,17.3,No,Yes,Unknown,Medium,6,7.2,35.4,Medio,-36.67,93.93,4.14
S3032,Omar,Davis,student2032@university.com,Female,20,Cs,57.24,55.12,70.66,99.43,92.47,2.12,89.7,72.79,D,10.8,Yes,Yes,Unknown,Medium,9,5.2,55.81,Alto,15.54,75.7,6.74
S3033,Sara,Brown,student2033@university.com,Female,23,Cs,65.32,41.34,60.13,67.16,64.06,8.26,56.6,57.21,C,16.9,No,Yes,High School,Medium,3,5.6,40.73,Medio,18.79,67.6,3.39
S3034,Ahmed,Jones,student2034@university.com,Female,22,Cs,88.29,48.15,67.3,85.25,97.65,3.54,80.74,73.78,A,22.9,No,Yes,Master'S,Low,2,6.6,25.43,Bajo,19.15,74.76,3.22
S3035,Emma,Johnson,student2035@university.com,Male,19,Cs,65.29,79.55,49.99,82.87,99.07,1.96,80.6,65.17,A,12.8,No,Yes,Bachelor'S,High,5,4.6,35.77,Medio,-29.56,70.54,5.09
S3036,Sara,Brown,student2036@university.com,Male,21,Business,70.42,98.67,59.6,59.72,61.56,9.35,50.03,99.72,C,20.9,No,Yes,High School,Low,7,5.1,28.64,Bajo,-39.07,66.2,4.77
S3037,Omar,Jones,student2037@university.com,Male,22,Cs,65.08,46.69,44.22,95.9,94.78,2.14,71.45,59.24,C,8.8,No,Yes,Unknown,Low,6,8.0,49.93,Medio,-2.47,70.88,6.73
S3038,Emma,Johnson,student2038@university.com,Female,21,Engineering,54.01,67.72,93.38,74.81,94.16,9.92,85.59,68.93,D,12.0,Yes,Yes,Phd,Low,4,8.7,41.45,Medio,25.66,88.44,5.74
S3039,Omar,Williams,student2039@university.com,Female,21,Business,75.725,50.84,51.93,86.85,51.99,1.09,59.34,80.83,A,27.1,Yes,Yes,Unknown,Medium,9,8.8,42.47,Medio,1.09,52.27,2.98
S3040,Ahmed,Davis,student2040@university.com,Male,21,Engineering,77.43,84.7,85.41,67.38,83.48,0.1,92.55,67.26,A,20.7,No,Yes,Unknown,Medium,1,8.7,17.14,Bajo,0.71,61.1,3.25
S3041,Omar,Williams,student2041@university.com,Female,19,Mathematics,89.39,47.08,60.97,68.35,65.26,8.71,83.02,73.72,A,7.1,Yes,No,Phd,Low,10,8.7,51.04,Medio,13.89,75.93,10.38
S3042,Ali,Smith,student2042@university.com,Male,22,Cs,82.92,54.39,68.46,72.77,83.73,5.87,50.35,98.67,F,11.6,No,Yes,Master'S,Low,1,8.1,28.86,Bajo,14.07,66.39,8.51
S3043,John,Jones,student2043@university.com,Male,18,Business,75.725,51.78,57.48,93.23,95.68,4.22,92.75,75.4,B,29.8,No,Yes,Phd,Low,7,7.7,36.4,Medio,5.7,80.96,2.53
S3044,Liam,Johnson,student2044@university.com,Male,18,Mathematics,54.48,73.15,81.79,57.01,74.94,0.82,50.97,95.52,C,11.8,No,Yes,Unknown,Medium,5,5.2,41.98,Medio,8.64,47.78,8.09
S3045,Liam,Brown,student2045@university.com,Male,19,Business,82.14,92.39,90.67,52.73,70.72,5.75,94.4,52.15,D,19.5,No,Yes,High School,High,4,6.2,20.45,Bajo,-1.72,68.84,2.67
S3046,Sara,Williams,student2046@university.com,Female,24,Cs,57.77,70.67,57.18,74.81,96.08,3.94,66.69,55.99,D,18.8,No,Yes,Unknown,Low,5,6.0,38.07,Medio,-13.49,69.24,2.98
S3047,John,Johnson,student2047@university.com,Female,19,Cs,70.72,43.49,54.53,52.78,98.71,4.84,84.93,97.23,D,15.1,No,Yes,Bachelor'S,Medium,3,7.7,39.1,Medio,11.04,71.21,6.44
S3048,Omar,Jones,student2048@university.com,Female,23,Cs,81.46,73.8,80.89,84.38,53.11,6.3,89.37,56.44,A,5.8,No,No,Unknown,Low,1,6.4,26.45,Bajo,7.09,72.46,9.73
S3049,Ahmed,Smith,student2049@university.com,Male,21,Engineering,89.11,87.85,51.71,88.02,96.14,6.4,64.06,86.83,B,12.1,No,Yes,Bachelor'S,Medium,9,5.8,34.18,Medio,-36.14,78.06,7.18
S3050,Sara,Williams,student2050@university.com,Female,22,Business,84.25,47.93,78.39,92.74,54.14,9.61,67.82,72.3,B,28.8,No,Yes,Unknown,Medium,5,8.1,30.62,Medio,30.46,77.7,2.51
S3051,Omar,Davis,student2051@university.com,Male,22,Cs,75.725,44.36,45.67,87.19,66.86,6.55,75.48,70.34,A,5.5,Yes,Yes,High School,Medium,10,7.7,57.44,Alto,1.31,73.76,12.79
S3052,Emma,Johnson,student2052@university.com,Male,20,Engineering,57.45,51.27,77.21,95.82,88.13,3.39,79.13,82.96,C,22.9,No,Yes,Unknown,Low,6,5.8,44.17,Medio,25.94,74.24,3.62
S3053,Maria,Davis,student2053@university.com,Male,20,Engineering,67.31,84.77,70.8,87.42,88.85,3.3,64.6,86.38,B,27.3,Yes,No,Unknown,High,8,6.1,32.92,Medio,-13.97,68.47,3.16
S3054,Omar,Johnson,student2054@university.com,Male,18,Engineering,75.725,75.5,46.83,96.8,86.29,4.77,99.62,96.6,F,24.1,No,Yes,High School,High,10,8.5,38.8,Medio,-28.67,82.6,4.01
S3055,John,Johnson,student2055@university.com,Male,20,Business,85.97,72.44,78.95,59.66,51.96,2.59,86.85,62.84,A,13.1,Yes,Yes,Unknown,High,6,7.7,32.74,Medio,6.51,56.09,4.8
S3056,Sara,Jones,student2056@university.com,Male,20,Business,75.725,54.97,66.79,74.99,56.65,3.76,63.71,84.9,B,18.0,No,Yes,Unknown,Medium,10,7.4,48.01,Medio,11.82,58.24,4.72
S3057,John,Jones,student2057@university.com,Female,18,Cs,63.21,59.93,53.03,99.7,96.81,8.42,82.02,67.11,C,26.7,No,No,Phd,Low,3,7.6,30.99,Medio,-6.9,90.68,2.51
S3058,Sara,Jones,student2058@university.com,Female,23,Engineering,54.38,97.95,61.2,84.08,54.07,8.6,71.77,85.88,C,29.4,No,Yes,Unknown,Medium,8,4.5,32.44,Medio,-36.75,73.98,2.92
S3059,Omar,Brown,student2059@university.com,Female,24,Cs,73.78,54.44,69.53,93.93,53.93,6.28,93.02,57.11,C,7.4,Yes,Yes,High School,Medium,2,6.8,36.37,Medio,15.09,75.92,7.72
S3060,Ali,Johnson,student2060@university.com,Female,18,Engineering,92.83,94.1,45.49,51.52,91.78,5.83,66.45,72.88,A,8.1,No,Yes,Unknown,High,7,5.5,28.56,Bajo,-48.61,67.01,9.0
S3061,Emma,Williams,student2061@university.com,Male,24,Mathematics,77.6,74.83,97.46,93.59,82.06,4.27,59.39,59.18,C,28.9,Yes,Yes,Phd,Low,6,4.4,27.05,Bajo,22.63,69.44,2.05
S3062,Omar,Davis,student2062@university.com,Male,20,Business,52.34,47.4,79.93,84.89,67.58,6.36,52.31,66.82,C,26.8,No,No,Unknown,High,2,7.7,36.28,Medio,32.53,67.1,2.49
S3063,Liam,Jones,student2063@university.com,Female,22,Engineering,98.71,68.04,46.15,58.54,58.29,8.06,99.22,85.78,A,10.3,No,Yes,Unknown,Medium,4,5.5,26.56,Bajo,-21.89,74.16,8.33
S3064,John,Jones,student2064@university.com,Female,20,Cs,91.43,96.91,89.37,51.28,94.21,7.38,67.96,61.67,A,29.3,No,Yes,Unknown,Low,3,5.6,8.72,Bajo,-7.54,71.81,2.1
S3065,Maria,Davis,student2065@university.com,Female,21,Cs,56.58,65.11,59.35,63.0,99.43,0.35,61.03,84.24,C,10.2,No,Yes,Phd,Low,1,7.2,35.56,Medio,-5.76,56.74,8.26
S3066,Maria,Davis,student2066@university.com,Female,24,Engineering,96.09,91.8,75.81,95.79,52.5,7.31,74.59,74.8,B,7.2,Yes,Yes,Master'S,High,3,7.3,19.67,Bajo,-15.99,74.0,10.39
S3067,Ahmed,Johnson,student2067@university.com,Female,24,Cs,72.53,55.39,56.63,83.41,77.71,7.2,64.58,54.6,A,22.0,No,Yes,Unknown,Low,7,6.4,40.33,Medio,1.24,74.42,2.48
S3068,Sara,Jones,student2068@university.com,Female,21,Engineering,68.59,74.26,84.0,95.97,63.07,0.99,61.65,69.33,B,18.5,Yes,Yes,Master'S,Medium,6,6.8,35.58,Medio,9.74,57.65,3.75
S3069,John,Davis,student2069@university.com,Female,21,Cs,73.05,90.63,83.38,72.31,91.62,1.5,80.82,93.46,F,11.0,Yes,Yes,Unknown,Medium,3,8.2,26.19,Bajo,-7.25,64.94,8.5
S3070,Ahmed,Brown,student2070@university.com,Female,23,Cs,91.73,95.24,73.12,96.83,67.3,7.88,53.74,99.46,B,28.2,No,Yes,Master'S,Low,2,4.5,7.44,Bajo,-22.12,74.17,3.53
S3071,John,Brown,student2071@university.com,Male,19,Cs,75.725,69.15,54.46,73.15,85.73,5.59,75.45,68.45,D,15.1,No,Yes,Phd,Medium,6,4.3,36.31,Medio,-14.69,72.56,4.53
S3072,Liam,Jones,student2072@university.com,Male,21,Mathematics,52.96,78.38,55.22,60.21,76.98,8.22,69.37,52.74,D,15.1,No,Yes,Bachelor'S,Low,7,7.3,43.73,Medio,-23.16,72.19,3.49
S3073,Sara,Davis,student2073@university.com,Male,24,Business,97.88,40.18,62.97,57.57,77.08,1.85,76.63,56.51,B,20.8,No,Yes,High School,Medium,2,7.0,25.51,Bajo,22.79,57.44,2.72
S3074,Omar,Johnson,student2074@university.com,Male,22,Cs,75.725,55.19,48.7,99.69,92.9,0.31,66.02,89.41,B,10.8,No,Yes,Bachelor'S,Medium,7,4.9,44.87,Medio,-6.49,65.43,8.28
S3075,Omar,Johnson,student2075@university.com,Female,24,Cs,87.28,56.72,60.26,66.69,73.52,1.62,78.52,82.79,A,19.7,No,Yes,Bachelor'S,Low,3,6.6,27.03,Bajo,3.54,58.73,4.2
S3076,Maria,Johnson,student2076@university.com,Male,24,Engineering,81.81,45.61,81.06,58.0,92.28,4.53,54.09,64.25,D,14.1,Yes,Yes,Phd,Medium,6,7.7,41.74,Medio,35.45,62.42,4.56
S3077,Omar,Smith,student2077@university.com,Female,23,Cs,59.38,56.78,89.85,50.42,68.17,5.23,68.81,69.56,D,22.4,Yes,Yes,Bachelor'S,High,5,7.7,39.87,Medio,33.07,59.92,3.11
S3078,Omar,Jones,student2078@university.com,Male,19,Engineering,58.54,59.27,59.95,64.28,58.74,8.58,61.87,90.56,C,11.2,Yes,Yes,Bachelor'S,Low,1,7.0,36.13,Medio,0.68,67.67,8.09
S3079,Liam,Johnson,student2079@university.com,Female,19,Business,93.52,98.13,54.02,94.46,72.77,7.16,71.9,70.66,B,9.6,Yes,Yes,Phd,Medium,9,4.7,30.81,Medio,-44.11,77.68,7.36
S3080,Ali,Brown,student2080@university.com,Female,21,Engineering,70.98,80.12,89.96,74.81,74.92,9.9,69.92,87.79,D,11.2,No,Yes,High School,Low,4,5.5,32.19,Medio,9.84,79.66,7.84
S3081,Maria,Davis,student2081@university.com,Male,20,Engineering,82.73,65.56,93.44,81.62,73.92,0.79,81.56,64.76,B,28.4,No,Yes,High School,High,5,6.0,26.07,Bajo,27.88,61.25,2.28
S3082,Ahmed,Williams,student2082@university.com,Male,24,Engineering,75.2,99.28,64.6,74.81,90.42,1.3,81.44,86.24,F,26.2,No,Yes,Unknown,High,3,7.9,15.24,Bajo,-34.68,64.92,3.29
S3083,Emma,Williams,student2083@university.com,Female,18,Mathematics,86.37,49.19,41.61,75.64,78.23,0.84,70.67,73.32,B,25.7,Yes,Yes,Unknown,Medium,7,6.7,35.5,Medio,-7.58,58.24,2.85
S3084,Ali,Johnson,student2084@university.com,Female,20,Mathematics,75.725,68.56,81.7,74.81,94.42,5.38,59.08,77.27,A,24.5,No,Yes,Phd,Low,10,7.7,40.68,Medio,13.14,70.53,3.15
S3085,Ahmed,Williams,student2085@university.com,Female,20,Engineering,64.37,78.82,87.04,66.19,75.71,2.67,79.1,79.94,A,20.9,No,Yes,Master'S,High,4,8.6,30.04,Medio,8.22,61.92,3.82
S3086,Sara,Williams,student2086@university.com,Male,19,Cs,68.17,43.33,41.08,74.81,61.24,6.84,98.33,72.53,A,7.5,No,Yes,Unknown,Medium,4,7.1,46.06,Medio,-2.25,75.7,9.67
S3087,Ali,Smith,student2087@university.com,Male,19,Engineering,92.95,83.02,75.7,53.94,56.47,1.33,59.27,73.31,B,13.1,No,Yes,Phd,Medium,9,5.2,33.79,Medio,-7.32,45.74,5.6
S3088,Liam,Brown,student2088@university.com,Female,23,Cs,73.4,45.99,75.3,86.24,93.42,1.03,53.45,63.29,B,19.0,No,Yes,Unknown,Low,3,4.7,35.46,Medio,29.31,60.85,3.33
S3089,Ahmed,Brown,student2089@university.com,Male,23,Engineering,60.67,48.42,62.72,83.03,52.81,4.6,63.23,99.29,C,7.6,No,Yes,Bachelor'S,Medium,5,4.0,49.33,Medio,14.3,61.27,13.06
S3090,Sara,Smith,student2090@university.com,Female,19,Engineering,96.73,49.58,84.99,59.58,55.88,3.76,70.65,95.29,B,5.8,Yes,Yes,High School,Medium,3,4.9,32.81,Medio,35.41,55.93,16.43
S3091,Maria,Smith,student2091@university.com,Male,22,Cs,89.83,95.73,65.69,69.44,53.18,8.29,65.31,76.37,B,7.3,No,Yes,Bachelor'S,Low,2,5.3,18.41,Bajo,-30.04,67.71,10.46
S3092,Emma,Williams,student2092@university.com,Male,22,Cs,52.78,80.99,80.61,65.64,71.19,8.38,91.74,51.73,F,7.7,No,Yes,Unknown,Low,6,5.3,44.49,Medio,-0.38,78.09,6.72
S3093,Sara,Jones,student2093@university.com,Male,18,Engineering,99.95,79.33,71.03,54.72,76.63,1.17,74.65,58.42,B,7.7,No,No,Master'S,Medium,8,7.3,32.92,Medio,-8.3,54.42,7.59
S3094,Omar,Davis,student2094@university.com,Male,19,Business,84.75,73.33,54.91,79.24,50.99,8.12,62.31,92.7,B,9.8,No,Yes,Master'S,Medium,5,4.8,32.33,Medio,-18.42,68.44,9.46
S3095,John,Davis,student2095@university.com,Male,21,Engineering,58.01,57.57,76.39,99.68,75.78,5.64,97.51,96.54,C,17.5,No,Yes,Phd,Low,2,6.2,35.9,Medio,18.82,82.34,5.52
S3096,Sara,Williams,student2096@university.com,Female,23,Engineering,61.86,77.25,84.21,74.81,69.69,5.04,56.25,58.06,D,12.1,No,Yes,Unknown,Low,5,4.0,38.01,Medio,6.96,62.79,4.8
S3097,Sara,Davis,student2097@university.com,Female,19,Cs,84.62,64.61,98.43,77.26,88.68,0.95,56.15,86.73,D,26.5,Yes,Yes,Phd,Low,10,5.3,37.75,Medio,33.82,57.9,3.27
S3098,Emma,Smith,student2098@university.com,Male,22,Engineering,88.99,48.72,62.81,52.02,91.5,7.4,62.26,81.15,B,26.9,Yes,Yes,Unknown,High,6,4.2,31.9,Medio,14.09,69.95,3.02
S3099,John,Brown,student2099@university.com,Female,19,Engineering,61.95,81.38,43.87,56.96,84.25,0.6,53.84,65.17,F,28.0,No,Yes,Unknown,Low,1,7.5,19.9,Bajo,-37.51,50.26,2.33
S3100,Omar,Davis,student2100@university.com,Female,22,Engineering,62.85,47.77,99.28,75.66,73.67,2.78,87.58,71.8,A,16.8,No,Yes,Master'S,High,3,5.8,39.72,Medio,51.51,66.18,4.27
S3101,Ahmed,Williams,student2101@university.com,Male,19,Cs,65.36,51.44,77.43,99.26,60.81,0.95,65.64,83.86,C,24.4,No,Yes,Unknown,Medium,7,6.4,42.83,Medio,25.99,58.8,3.44
S3102,Ahmed,Jones,student2102@university.com,Female,24,Engineering,75.725,89.06,96.79,93.83,92.36,5.31,86.49,55.06,A,19.8,No,Yes,Unknown,Medium,9,7.8,34.66,Medio,7.73,81.44,2.78
S3103,Sara,Williams,student2103@university.com,Male,21,Cs,58.59,79.61,46.23,67.01,67.08,6.45,88.14,59.45,D,8.6,No,Yes,Unknown,High,8,8.3,46.87,Medio,-33.38,71.68,6.91
S3104,Liam,Johnson,student2104@university.com,Female,18,Cs,55.21,77.86,60.52,77.15,67.81,8.91,61.88,51.67,D,20.9,No,Yes,Unknown,Low,4,6.6,33.54,Medio,-17.34,73.98,2.47
S3105,Liam,Williams,student2105@university.com,Female,24,Mathematics,83.94,65.09,48.04,74.81,95.8,7.34,75.92,95.11,F,25.9,Yes,Yes,Unknown,Medium,6,7.2,29.26,Bajo,-17.05,79.98,3.67
S3106,John,Smith,student2106@university.com,Female,21,Cs,88.95,63.78,90.13,84.27,98.78,9.61,75.98,78.69,A,13.7,No,Yes,Master'S,Medium,10,7.7,42.88,Medio,26.35,88.78,5.74
S3107,John,Brown,student2107@university.com,Female,22,Cs,75.725,81.42,92.82,84.39,94.91,7.61,93.57,76.17,F,23.7,Yes,Yes,Master'S,High,9,5.4,35.0,Medio,11.4,87.24,3.21
S3108,Omar,Brown,student2108@university.com,Female,23,Engineering,68.19,84.4,70.08,89.49,99.91,2.98,51.28,85.31,D,24.4,No,Yes,Bachelor'S,Low,7,7.5,31.95,Medio,-14.32,67.62,3.5
S3109,Emma,Davis,student2109@university.com,Female,23,Business,71.6,70.61,51.2,51.25,93.45,5.48,65.84,99.42,C,21.1,No,Yes,Phd,Medium,10,7.3,43.21,Medio,-19.41,66.34,4.71
S3110,Maria,Smith,student2110@university.com,Female,20,Engineering,69.42,98.16,47.63,97.18,85.22,4.58,94.12,58.61,B,27.1,No,No,Unknown,High,2,6.2,14.93,Bajo,-50.53,80.58,2.16
S3111,Ahmed,Johnson,student2111@university.com,Male,21,Business,98.0,97.34,75.29,53.5,64.69,5.66,61.84,56.66,B,8.6,No,Yes,Bachelor'S,Low,6,5.7,23.31,Bajo,-22.05,59.16,6.59
S3112,Emma,Smith,student2112@university.com,Male,19,Business,88.4,64.75,70.38,73.81,97.65,5.72,56.84,64.74,A,26.1,No,Yes,Unknown,High,8,8.9,32.14,Medio,5.63,71.38,2.48
S3113,Ali,Williams,student2113@university.com,Male,18,Cs,60.4,89.24,81.69,95.98,93.83,7.02,78.81,95.2,C,20.3,No,Yes,Master'S,High,1,8.9,21.94,Bajo,-7.55,84.7,4.69
S3114,Ahmed,Smith,student2114@university.com,Male,19,Cs,69.21,72.6,58.31,74.38,62.04,0.83,65.29,70.57,B,26.4,Yes,Yes,Master'S,Low,1,7.5,20.8,Bajo,-14.29,52.5,2.67
S3115,Emma,Smith,student2115@university.com,Female,19,Cs,77.2,70.71,64.14,53.18,74.46,7.47,73.36,89.67,F,18.3,No,Yes,Unknown,Low,1,5.9,22.62,Bajo,-6.57,68.92,4.9
S3116,Ahmed,Johnson,student2116@university.com,Female,21,Business,80.65,43.3,41.28,61.46,53.5,1.44,91.0,60.15,B,13.2,No,Yes,Bachelor'S,Low,4,7.8,38.85,Medio,-2.02,55.09,4.56
S3117,Maria,Williams,student2117@university.com,Female,18,Cs,73.41,74.44,76.61,78.93,97.67,0.26,76.03,74.68,D,27.4,Yes,Yes,Bachelor'S,Low,2,7.4,20.5,Bajo,2.17,63.81,2.73
S3118,Ali,Jones,student2118@university.com,Male,20,Cs,90.51,94.03,65.39,54.39,78.64,5.19,75.79,56.37,A,26.9,No,Yes,High School,Medium,7,6.7,20.0,Bajo,-28.64,65.18,2.1
S3119,Liam,Jones,student2119@university.com,Male,24,Engineering,88.38,86.81,95.19,71.18,62.26,5.81,63.91,70.64,B,11.7,No,No,Phd,High,4,4.7,23.84,Bajo,8.38,63.86,6.04
S3120,Liam,Brown,student2120@university.com,Male,19,Engineering,75.725,87.18,78.51,66.45,64.62,0.35,89.64,63.11,A,23.6,No,Yes,Master'S,Medium,7,8.7,28.88,Bajo,-8.67,56.05,2.67
S3121,Maria,Davis,student2121@university.com,Female,18,Engineering,92.72,49.6,63.92,90.76,99.03,5.15,86.99,77.47,A,7.3,No,Yes,High School,Medium,10,5.2,49.02,Medio,14.32,82.07,10.61
S3122,Omar,Smith,student2122@university.com,Male,20,Engineering,87.55,61.51,55.82,55.51,80.78,5.35,61.71,89.02,A,7.1,Yes,Yes,Unknown,Low,2,6.0,29.58,Bajo,-5.69,62.88,12.54
S3123,Ali,Brown,student2123@university.com,Female,24,Cs,75.725,53.99,94.32,84.14,71.03,0.52,66.0,96.92,F,17.8,No,Yes,High School,Medium,3,5.7,32.84,Medio,40.33,56.59,5.44
S3124,Sara,Johnson,student2124@university.com,Male,19,Engineering,97.82,58.95,40.98,70.33,74.99,7.12,89.43,64.19,A,5.9,No,Yes,Master'S,Medium,1,4.8,25.13,Bajo,-17.97,76.49,10.88
S3125,Emma,Jones,student2125@university.com,Female,18,Engineering,63.32,74.77,59.61,79.39,54.93,2.1,67.89,87.16,A,15.8,Yes,Yes,Unknown,Medium,9,4.1,45.28,Medio,-15.16,55.8,5.52
S3126,Ali,Smith,student2126@university.com,Male,24,Mathematics,75.725,61.89,96.61,60.28,53.75,7.94,70.18,94.28,D,24.8,No,Yes,Unknown,Medium,6,8.6,33.64,Medio,34.72,65.9,3.8
S3127,Omar,Johnson,student2127@university.com,Female,21,Cs,75.725,73.64,79.24,80.49,79.64,3.11,68.22,56.24,F,27.2,No,Yes,High School,High,10,7.7,37.8,Medio,5.6,64.86,2.07
S3128,Omar,Davis,student2128@university.com,Male,23,Business,88.61,66.31,71.96,83.7,75.6,4.78,58.08,79.3,B,11.4,Yes,Yes,Master'S,Medium,10,4.1,43.39,Medio,5.65,66.3,6.96
S3129,Maria,Johnson,student2129@university.com,Male,23,Engineering,96.33,57.2,52.21,53.51,67.96,8.92,67.04,80.59,A,6.9,No,Yes,Unknown,Low,7,7.4,39.01,Medio,-4.99,69.43,11.68
S3130,Ahmed,Smith,student2130@university.com,Female,19,Cs,53.16,45.72,90.0,91.22,78.31,8.06,90.15,63.62,C,20.8,Yes,Yes,High School,Low,4,4.6,43.94,Medio,44.28,85.07,3.06
S3131,Ali,Davis,student2131@university.com,Female,19,Business,75.725,93.51,52.25,93.06,53.63,7.82,74.55,51.13,F,11.6,Yes,Yes,Bachelor'S,Low,4,7.6,26.31,Bajo,-41.26,74.86,4.41
S3132,Emma,Johnson,student2132@university.com,Male,24,Cs,57.23,40.68,54.9,53.18,97.2,1.6,72.91,62.84,D,5.6,No,Yes,Unknown,Low,10,6.5,64.97,Alto,14.22,59.82,11.22
S3133,Ali,Davis,student2133@university.com,Female,18,Mathematics,75.19,40.1,51.51,80.16,64.69,0.48,57.82,79.24,B,8.3,No,Yes,Phd,Low,10,8.9,57.5,Alto,11.41,51.87,9.55
S3134,John,Smith,student2134@university.com,Male,23,Business,75.725,89.61,49.49,79.7,53.59,6.06,58.88,59.82,B,28.5,Yes,Yes,Phd,Medium,8,6.2,27.92,Bajo,-40.12,63.19,2.1
S3135,Ahmed,Smith,student2135@university.com,Female,19,Cs,56.4,99.81,97.2,50.62,58.48,4.11,52.15,64.37,D,26.9,Yes,No,High School,Low,1,7.7,16.87,Bajo,-2.61,50.59,2.39
S3136,Emma,Davis,student2136@university.com,Male,20,Cs,50.61,83.63,76.12,67.12,54.77,9.09,50.7,85.4,F,25.7,No,No,Phd,Medium,7,4.2,37.68,Medio,-7.51,65.87,3.32
S3137,Liam,Williams,student2137@university.com,Female,19,Cs,81.51,40.92,78.27,98.45,58.93,3.5,74.4,69.92,B,13.5,Yes,No,Unknown,Low,4,8.7,39.11,Medio,37.35,66.69,5.18
S3138,Emma,Brown,student2138@university.com,Male,23,Cs,67.95,53.6,97.26,77.77,70.84,4.11,70.46,53.27,C,22.9,Yes,Yes,Bachelor'S,Medium,4,6.8,35.35,Medio,43.66,65.04,2.33
S3139,Sara,Johnson,student2139@university.com,Male,22,Cs,55.26,98.31,53.83,96.66,86.9,5.26,63.77,69.96,F,28.9,No,Yes,Phd,High,8,5.6,32.27,Medio,-44.48,74.98,2.42
S3140,Maria,Johnson,student2140@university.com,Male,23,Cs,66.14,88.52,40.36,83.78,63.62,7.96,99.5,99.99,B,19.2,No,Yes,Phd,Medium,6,4.6,31.81,Medio,-48.16,81.62,5.21
S3141,Sara,Williams,student2141@university.com,Female,20,Engineering,58.45,74.01,75.93,51.42,71.8,2.68,69.9,63.05,F,13.3,No,Yes,Unknown,Medium,5,7.2,39.58,Medio,1.92,54.98,4.74
S3142,Emma,Williams,student2142@university.com,Male,18,Cs,97.08,54.21,70.47,53.89,96.44,9.42,89.44,63.26,A,25.0,No,Yes,Unknown,Medium,9,7.7,35.04,Medio,16.26,83.49,2.53
S3143,Ahmed,Williams,student2143@university.com,Female,20,Business,75.725,40.86,68.66,86.11,64.79,5.4,60.53,58.49,C,15.8,Yes,Yes,High School,Low,2,4.4,35.56,Medio,27.8,66.36,3.7
S3144,Ali,Jones,student2144@university.com,Female,22,Business,66.7,41.25,43.71,77.73,89.74,8.41,62.35,63.58,F,19.4,No,Yes,Unknown,Low,7,4.8,47.91,Medio,2.46,78.48,3.28
S3145,Liam,Jones,student2145@university.com,Female,22,Engineering,91.99,76.72,67.27,56.36,57.89,5.26,78.42,78.74,B,18.5,No,Yes,Unknown,High,2,5.9,17.76,Bajo,-9.45,61.32,4.26
S3146,Ali,Davis,student2146@university.com,Male,19,Business,75.725,41.31,57.25,80.7,58.92,7.72,50.2,98.23,A,10.4,No,No,Bachelor'S,Medium,5,8.3,44.79,Medio,15.94,66.76,9.45
S3147,Ahmed,Jones,student2147@university.com,Female,19,Cs,85.51,99.62,56.47,74.81,72.81,0.51,50.87,80.38,B,5.0,Yes,Yes,High School,Low,3,8.9,22.13,Bajo,-43.15,50.9,16.08
S3148,Emma,Smith,student2148@university.com,Female,23,Cs,75.725,51.0,53.34,87.65,61.71,7.99,57.11,70.49,B,30.0,No,Yes,High School,Low,9,7.7,40.97,Medio,2.34,71.59,2.35
S3149,Omar,Davis,student2149@university.com,Female,21,Engineering,75.725,82.64,59.95,62.31,95.15,5.24,61.16,69.48,F,15.4,No,No,Master'S,Medium,6,4.0,32.12,Medio,-22.69,67.76,4.51
S3150,Ali,Johnson,student2150@university.com,Male,20,Engineering,60.35,49.3,61.19,62.91,52.54,4.49,76.39,51.21,C,12.1,Yes,No,Unknown,High,6,8.5,49.15,Medio,11.89,59.18,4.23
S3151,Omar,Brown,student2151@university.com,Female,23,Engineering,99.45,72.41,58.53,98.39,79.86,1.12,84.31,50.13,B,24.1,No,Yes,Master'S,Medium,3,4.1,15.86,Bajo,-13.88,68.44,2.08
S3152,Ali,Smith,student2152@university.com,Female,21,Business,91.55,44.84,98.73,94.37,80.21,7.42,65.59,89.86,B,19.8,Yes,Yes,Unknown,Low,9,8.5,42.38,Medio,53.89,78.59,4.54
S3153,Ali,Johnson,student2153@university.com,Female,23,Mathematics,79.45,86.01,95.96,65.92,53.3,1.31,61.95,74.51,F,27.0,No,Yes,Unknown,Medium,7,6.1,26.22,Bajo,9.95,48.57,2.76
S3154,Liam,Johnson,student2154@university.com,Female,22,Engineering,83.12,75.1,74.47,91.2,86.63,1.92,91.14,51.66,B,24.5,No,Yes,Unknown,Low,5,7.7,25.02,Bajo,-0.63,72.04,2.11
S3155,Maria,Davis,student2155@university.com,Male,19,Business,82.44,45.17,98.86,58.09,73.44,1.26,58.14,64.3,D,12.0,No,Yes,Phd,Low,10,4.4,51.6,Medio,53.69,50.57,5.36
S3156,Maria,Williams,student2156@university.com,Male,19,Cs,52.92,90.92,99.47,74.81,86.15,0.07,83.92,67.83,F,19.8,No,Yes,Master'S,Low,7,4.8,37.64,Medio,8.55,61.4,3.43
S3157,John,Williams,student2157@university.com,Female,23,Cs,60.9,72.82,61.36,59.06,91.35,6.62,96.57,89.16,D,17.6,Yes,Yes,Unknown,Medium,10,6.3,48.04,Medio,-11.46,78.3,5.07
S3158,Sara,Smith,student2158@university.com,Female,19,Business,98.07,95.3,66.71,54.39,66.14,2.71,61.61,71.72,A,28.9,Yes,Yes,Phd,Medium,2,4.2,4.86,Bajo,-28.59,52.31,2.48
S3159,Ahmed,Williams,student2159@university.com,Female,18,Engineering,76.72,95.0,97.54,92.73,74.22,1.49,54.35,89.47,A,11.0,No,Yes,High School,Medium,6,5.9,30.26,Medio,2.54,59.05,8.13
S3160,Ahmed,Johnson,student2160@university.com,Female,23,Engineering,75.725,95.23,76.52,78.94,63.04,3.2,98.99,81.69,C,12.1,Yes,Yes,Unknown,Medium,5,7.8,27.77,Bajo,-18.71,68.24,6.75
S3161,Ahmed,Williams,student2161@university.com,Male,22,Cs,88.1,44.67,52.78,62.95,60.08,4.99,63.54,51.66,B,28.0,Yes,Yes,High School,Medium,6,7.3,32.88,Medio,8.11,59.12,1.84
S3162,John,Jones,student2162@university.com,Male,24,Engineering,76.23,47.26,81.36,92.43,50.03,5.03,63.78,98.43,F,16.4,No,Yes,High School,High,8,5.8,46.5,Medio,34.1,64.14,6.0
S3163,Maria,Williams,student2163@university.com,Male,23,Cs,50.66,99.26,52.34,90.13,98.18,3.67,74.19,59.07,C,16.4,No,Yes,Unknown,Low,3,4.0,28.74,Bajo,-46.92,74.8,3.6
S3164,Emma,Johnson,student2164@university.com,Male,23,Engineering,86.81,69.26,60.36,55.05,72.05,4.95,61.55,63.78,B,26.7,Yes,No,Unknown,Low,10,5.3,35.49,Medio,-8.9,59.54,2.39
S3165,Omar,Davis,student2165@university.com,Female,19,Cs,86.61,54.29,53.65,74.81,50.65,4.27,99.64,90.46,A,12.4,No,Yes,Unknown,Low,8,7.9,42.76,Medio,-0.64,66.95,7.3
S3166,Liam,Smith,student2166@university.com,Female,22,Cs,58.26,86.18,54.7,86.09,50.45,8.23,52.15,59.49,D,22.4,Yes,Yes,Unknown,Low,9,5.7,40.33,Medio,-31.48,67.75,2.66
S3167,Omar,Brown,student2167@university.com,Male,23,Cs,97.83,55.86,40.28,85.79,64.42,0.3,72.57,70.05,A,23.0,No,Yes,Bachelor'S,Low,5,5.9,26.39,Bajo,-15.58,56.44,3.05
S3168,Emma,Williams,student2168@university.com,Male,19,Cs,61.2,83.63,92.84,86.16,50.7,8.68,77.42,93.25,B,16.1,Yes,Yes,Phd,High,5,4.4,34.33,Medio,9.21,75.27,5.79
S3169,Liam,Johnson,student2169@university.com,Female,20,Business,72.89,90.24,57.76,58.47,68.73,2.44,73.35,81.86,B,13.3,No,Yes,Unknown,Low,7,7.0,34.1,Medio,-32.48,56.24,6.15
S3170,John,Brown,student2170@university.com,Female,22,Cs,75.725,87.06,45.18,74.81,53.15,7.22,76.03,65.1,C,23.7,Yes,No,Master'S,Low,4,7.1,22.19,Bajo,-41.88,69.05,2.75
S3171,Emma,Brown,student2171@university.com,Female,21,Cs,80.16,56.44,45.22,92.21,51.96,4.05,99.38,82.2,B,11.4,No,Yes,Unknown,Medium,3,6.2,33.76,Medio,-11.22,71.01,7.21
S3172,Ahmed,Jones,student2172@university.com,Female,18,Engineering,68.77,64.1,73.36,94.92,83.47,2.94,93.85,90.63,F,25.5,No,Yes,Phd,Low,3,7.8,28.39,Bajo,9.26,75.41,3.55
S3173,Sara,Brown,student2173@university.com,Female,21,Engineering,75.725,64.8,99.58,63.96,95.34,6.15,65.42,70.19,F,15.4,No,Yes,Phd,Low,9,8.4,44.13,Medio,34.78,71.56,4.56
S3174,Ali,Davis,student2174@university.com,Male,24,Cs,91.35,69.48,48.7,51.15,70.47,7.69,77.57,78.58,B,5.5,No,Yes,Phd,Low,10,7.8,44.43,Medio,-20.78,69.02,14.29
S3175,Omar,Johnson,student2175@university.com,Male,22,Cs,50.48,50.04,45.98,92.99,91.84,4.5,50.02,99.4,C,19.2,No,Yes,Unknown,High,1,6.7,37.72,Medio,-4.06,69.96,5.18
S3176,Maria,Johnson,student2176@university.com,Female,23,Mathematics,89.9,67.15,66.3,68.85,51.46,4.67,70.48,98.23,A,9.9,No,Yes,Unknown,Low,9,8.7,41.22,Medio,-0.85,59.37,9.92
S3177,Maria,Williams,student2177@university.com,Female,19,Engineering,78.57,70.65,73.8,74.81,88.88,0.59,58.19,75.45,D,16.7,No,Yes,Phd,Low,8,5.9,38.51,Medio,3.15,56.94,4.52
S3178,John,Williams,student2178@university.com,Male,24,Cs,99.3,71.9,57.66,67.35,53.14,9.24,85.57,54.81,A,25.2,No,Yes,Unknown,High,1,7.3,11.08,Bajo,-14.24,74.61,2.18
S3179,Liam,Williams,student2179@university.com,Female,22,Engineering,79.47,89.19,58.15,70.78,91.92,8.47,61.05,85.03,F,9.8,No,Yes,Unknown,Low,8,6.9,36.08,Medio,-31.04,77.11,8.68
S3180,Maria,Davis,student2180@university.com,Male,18,Cs,75.725,71.04,65.47,68.91,94.12,3.98,87.44,63.43,F,10.2,No,Yes,Phd,Medium,4,8.2,33.75,Medio,-5.57,72.57,6.22
S3181,Ahmed,Brown,student2181@university.com,Male,22,Cs,52.53,53.85,58.85,78.32,89.3,7.65,65.66,83.47,D,16.8,No,No,Master'S,Low,6,6.5,48.17,Medio,5.0,77.44,4.97
S3182,Omar,Brown,student2182@university.com,Male,24,Engineering,75.725,79.79,94.92,53.95,91.04,3.13,96.29,67.59,F,16.9,Yes,Yes,Phd,Medium,8,6.8,36.66,Medio,15.13,68.15,4.0
S3183,Emma,Jones,student2183@university.com,Male,19,Business,75.725,87.84,42.52,98.58,78.07,7.3,72.27,85.94,A,16.3,No,Yes,Unknown,Medium,1,6.3,18.99,Bajo,-45.32,80.48,5.27
S3184,Ahmed,Davis,student2184@university.com,Female,21,Cs,67.29,59.16,54.07,96.82,63.24,5.17,91.98,68.37,C,22.4,Yes,Yes,Phd,Low,4,4.7,34.17,Medio,-5.09,75.94,3.05
S3185,John,Williams,student2185@university.com,Female,20,Business,80.9,78.72,88.51,96.72,82.16,4.61,81.41,97.06,F,11.7,No,Yes,Unknown,High,2,8.4,24.44,Bajo,9.79,76.6,8.3
S3186,Ahmed,Smith,student2186@university.com,Male,21,Cs,74.48,48.82,90.04,93.96,71.98,0.57,98.87,56.83,C,11.5,Yes,Yes,Master'S,Medium,1,8.3,33.54,Medio,41.22,67.63,4.94
S3187,Emma,Jones,student2187@university.com,Female,19,Cs,98.36,60.52,46.69,83.02,50.27,9.65,87.14,53.42,A,5.6,No,Yes,Master'S,Medium,4,7.5,31.28,Medio,-13.83,79.23,9.54
S3188,Sara,Smith,student2188@university.com,Female,24,Cs,97.5,94.55,98.43,61.06,73.84,8.37,86.39,89.06,A,14.5,No,Yes,Unknown,Medium,3,5.7,14.7,Bajo,3.88,76.25,6.14
S3189,John,Brown,student2189@university.com,Female,19,Cs,99.19,94.68,81.6,52.47,82.56,7.93,63.24,70.07,A,9.9,Yes,Yes,Phd,Medium,9,5.8,29.71,Bajo,-13.08,69.39,7.08
S3190,Sara,Jones,student2190@university.com,Female,18,Mathematics,93.32,74.52,56.36,54.97,50.69,3.05,75.24,73.28,B,19.8,No,No,Unknown,Medium,1,4.2,15.08,Bajo,-18.16,52.85,3.7
S3191,Ali,Jones,student2191@university.com,Male,22,Engineering,95.48,82.14,67.36,66.2,81.07,2.9,64.51,96.69,A,9.5,No,Yes,Bachelor'S,Low,6,4.4,28.3,Bajo,-14.78,60.19,10.18
S3192,Sara,Johnson,student2192@university.com,Female,22,Cs,60.86,91.24,57.83,75.19,82.63,5.73,50.96,79.5,A,27.4,No,No,Bachelor'S,Low,4,6.6,24.29,Bajo,-33.41,66.52,2.9
S3193,Ali,Brown,student2193@university.com,Male,21,Mathematics,91.55,97.51,49.0,99.66,57.91,8.46,85.53,83.01,A,26.2,No,Yes,High School,Low,4,4.2,12.27,Bajo,-48.51,81.93,3.17
S3194,Ali,Brown,student2194@university.com,Male,24,Business,85.44,69.39,57.47,71.77,71.55,9.35,61.79,50.97,A,24.1,No,Yes,Unknown,Low,3,4.5,21.67,Bajo,-11.92,74.65,2.11
S3195,Sara,Davis,student2195@university.com,Female,20,Business,98.14,73.69,74.81,76.23,98.22,2.69,69.87,83.53,A,25.2,Yes,Yes,Unknown,High,2,5.3,13.17,Bajo,1.12,67.81,3.31
S3196,John,Jones,student2196@university.com,Male,20,Mathematics,78.56,64.94,89.56,84.76,94.21,6.07,64.23,69.42,C,29.0,No,Yes,Bachelor'S,High,4,5.9,25.19,Bajo,24.62,75.98,2.39
S3197,Liam,Brown,student2197@university.com,Female,18,Cs,54.26,44.32,61.81,59.04,70.54,7.24,59.98,73.01,C,13.0,No,Yes,Unknown,Low,7,6.4,54.55,Medio,17.49,65.49,5.62
S3198,Emma,Jones,student2198@university.com,Female,19,Business,79.87,65.37,60.87,96.64,67.49,2.26,53.36,90.4,F,29.5,No,Yes,Master'S,Low,7,5.6,31.02,Medio,-4.5,60.02,3.06
S3199,Ahmed,Davis,student2199@university.com,Male,18,Engineering,84.33,87.44,68.08,76.45,56.2,4.07,66.89,76.19,A,27.3,Yes,Yes,Unknown,Medium,1,8.7,10.6,Bajo,-19.36,60.06,2.79
S3200,Ahmed,Davis,student2200@university.com,Female,22,Business,61.02,88.29,78.67,63.81,51.76,1.87,54.09,99.34,B,14.0,No,No,Master'S,Low,10,8.8,45.16,Medio,-9.62,47.09,7.1
S3201,Emma,Johnson,student2201@university.com,Male,23,Business,69.71,93.54,85.1,96.76,64.87,6.99,77.02,89.84,D,26.6,No,Yes,Master'S,Medium,3,4.3,18.68,Bajo,-8.44,77.14,3.38
S3202,Omar,Jones,student2202@university.com,Male,23,Cs,75.725,43.09,59.61,81.27,97.01,8.64,50.98,86.43,D,27.4,Yes,Yes,High School,Medium,4,8.9,33.54,Medio,16.52,78.92,3.15
S3203,Omar,Brown,student2203@university.com,Female,23,Business,68.71,71.63,75.18,74.18,97.93,8.78,97.0,79.43,A,5.9,No,Yes,Unknown,Medium,3,4.9,35.96,Medio,3.55,89.23,13.46
S3204,Ali,Brown,student2204@university.com,Female,19,Cs,68.75,46.45,63.36,79.01,90.63,6.7,98.32,70.62,F,26.9,Yes,Yes,High School,Medium,6,5.7,39.66,Medio,16.91,83.74,2.63
S3205,Ali,Jones,student2205@university.com,Female,18,Cs,56.65,52.04,82.98,87.42,67.54,3.47,65.23,52.64,C,15.8,No,Yes,Bachelor'S,Low,7,8.2,49.99,Medio,30.94,63.72,3.33
S3206,John,Jones,student2206@university.com,Male,24,Cs,97.04,94.01,49.88,57.73,57.18,6.61,63.01,50.92,A,25.3,No,Yes,Unknown,Low,4,7.4,11.85,Bajo,-44.13,61.0,2.01
S3207,Maria,Jones,student2207@university.com,Female,21,Mathematics,87.52,69.81,55.42,93.24,79.78,8.64,55.22,52.34,A,7.8,No,Yes,High School,Low,7,4.3,37.86,Medio,-14.39,78.66,6.71
S3208,Sara,Williams,student2208@university.com,Male,22,Cs,50.06,85.51,65.56,74.81,82.33,6.26,95.25,97.94,C,9.3,No,Yes,Unknown,Medium,6,7.9,43.29,Medio,-19.95,78.75,10.53
S3209,Ali,Brown,student2209@university.com,Male,23,Engineering,88.28,43.86,93.36,78.35,71.23,4.13,79.34,66.16,A,29.5,No,Yes,Unknown,Low,1,7.3,21.19,Bajo,49.5,67.56,2.24
S3210,Ahmed,Davis,student2210@university.com,Female,24,Cs,86.99,65.01,74.4,84.11,84.58,9.2,80.51,85.03,B,15.4,Yes,Yes,Unknown,High,1,8.8,22.35,Bajo,9.39,85.3,5.52
S3211,John,Brown,student2211@university.com,Female,20,Mathematics,50.49,80.45,97.92,74.81,87.33,8.35,94.79,79.72,C,25.0,Yes,Yes,Unknown,Low,4,8.6,32.36,Medio,17.47,85.11,3.19
S3212,Sara,Williams,student2212@university.com,Female,18,Cs,68.48,48.0,46.2,68.74,89.15,8.82,95.54,78.58,A,23.8,Yes,Yes,Phd,Medium,7,8.9,43.07,Medio,-1.8,85.41,3.3
S3213,John,Jones,student2213@university.com,Male,22,Business,80.34,59.55,67.61,74.81,75.11,9.03,91.42,78.96,B,24.7,No,Yes,Bachelor'S,Low,4,6.3,28.33,Bajo,8.06,82.91,3.2
S3214,Sara,Johnson,student2214@university.com,Female,22,Business,72.64,43.87,65.14,84.03,89.58,3.94,88.67,65.11,A,24.1,No,Yes,Unknown,High,7,7.5,42.7,Medio,21.27,75.42,2.7
S3215,Sara,Jones,student2215@university.com,Male,20,Engineering,88.9,79.08,76.01,71.2,51.27,8.6,93.86,94.33,A,27.8,No,Yes,Master'S,Low,6,8.8,22.37,Bajo,-3.07,75.58,3.39
S3216,Emma,Jones,student2216@university.com,Female,20,Cs,75.725,98.25,88.72,83.87,84.02,5.7,93.8,95.96,B,19.8,Yes,Yes,High School,Medium,4,4.0,20.79,Bajo,-9.53,79.67,4.85
S3217,Ali,Williams,student2217@university.com,Female,20,Business,57.69,89.62,90.49,76.08,61.78,0.38,68.43,82.23,D,15.6,Yes,Yes,Unknown,High,10,7.9,45.12,Medio,0.87,52.52,5.27
S3218,Liam,Brown,student2218@university.com,Male,23,Mathematics,98.82,98.48,80.21,55.58,63.53,6.36,98.67,93.2,B,28.1,No,Yes,Unknown,Low,8,4.3,17.37,Bajo,-18.27,70.34,3.32
S3219,John,Jones,student2219@university.com,Male,23,Business,75.725,90.74,78.49,89.79,54.57,4.71,85.46,53.0,D,13.9,No,Yes,Bachelor'S,Medium,1,9.0,19.32,Bajo,-12.25,69.23,3.81
S3220,Liam,Brown,student2220@university.com,Female,18,Cs,85.88,91.31,96.94,78.22,59.62,2.75,68.51,55.02,B,20.8,No,Yes,Unknown,Medium,7,4.1,25.48,Bajo,5.63,58.46,2.65
S3221,John,Smith,student2221@university.com,Female,20,Business,57.16,74.63,63.02,89.79,99.6,9.7,72.1,77.95,C,26.4,Yes,Yes,Phd,Low,1,6.8,24.4,Bajo,-11.61,89.62,2.95
S3222,Emma,Davis,student2222@university.com,Female,21,Cs,66.45,71.1,89.97,57.75,70.77,0.55,84.36,92.33,C,27.9,No,No,Master'S,Medium,6,6.6,32.57,Medio,18.87,54.6,3.31
S3223,Ahmed,Brown,student2223@university.com,Female,22,Engineering,72.1,64.38,95.29,76.92,96.39,9.46,68.05,65.77,C,28.7,Yes,Yes,High School,Medium,7,5.5,34.43,Medio,30.91,83.99,2.29
S3224,Liam,Johnson,student2224@university.com,Female,20,Business,59.61,89.09,69.49,88.33,58.14,1.59,91.33,77.4,C,21.5,No,Yes,Unknown,Low,6,7.7,32.77,Medio,-19.6,63.42,3.6
S3225,Ahmed,Davis,student2225@university.com,Male,22,Cs,72.5,50.92,83.75,99.42,60.2,3.77,57.4,50.5,C,23.0,No,Yes,Master'S,Medium,4,5.3,34.52,Medio,32.83,63.68,2.2
S3226,Omar,Johnson,student2226@university.com,Male,19,Business,57.86,43.37,62.62,74.81,77.89,4.17,95.38,99.33,D,17.4,No,Yes,Master'S,Medium,8,5.5,53.59,Medio,19.25,72.44,5.71
S3227,Ali,Jones,student2227@university.com,Male,24,Engineering,77.95,96.87,49.53,93.22,67.48,7.31,65.06,88.35,D,12.1,No,Yes,Bachelor'S,Medium,8,4.9,33.16,Medio,-47.34,74.72,7.3
S3228,Ali,Davis,student2228@university.com,Male,19,Business,83.19,40.23,75.19,62.37,82.2,2.16,57.64,68.07,C,5.4,No,No,Master'S,High,2,7.6,38.34,Medio,34.96,55.95,12.61
S3229,Maria,Brown,student2229@university.com,Female,20,Cs,53.12,98.61,51.79,91.9,71.1,9.86,92.9,99.15,C,10.6,No,Yes,Unknown,Medium,1,4.9,26.52,Bajo,-46.82,88.62,9.35
S3230,Emma,Davis,student2230@university.com,Male,22,Engineering,93.56,83.73,67.46,58.46,90.58,7.49,61.97,54.62,B,29.5,Yes,Yes,Master'S,Medium,8,8.5,22.94,Bajo,-16.27,71.48,1.85
S3231,Ahmed,Jones,student2231@university.com,Male,24,Business,59.26,59.71,92.37,59.91,71.58,7.9,92.17,73.21,C,25.2,No,Yes,Unknown,High,7,5.4,42.08,Medio,32.66,75.67,2.91
S3232,Sara,Williams,student2232@university.com,Male,19,Cs,61.27,81.87,45.16,55.51,78.62,1.06,64.81,52.94,A,17.0,No,Yes,Unknown,Medium,10,6.6,45.49,Medio,-36.71,52.38,3.11
S3233,John,Johnson,student2233@university.com,Female,20,Cs,83.07,89.07,41.83,92.88,66.05,4.76,96.69,66.75,F,13.6,Yes,Yes,Master'S,Medium,2,6.4,19.63,Bajo,-47.24,75.81,4.91
S3234,Ali,Jones,student2234@university.com,Male,22,Mathematics,73.44,54.72,76.39,55.41,85.2,9.46,60.95,60.97,B,6.6,No,Yes,Bachelor'S,Low,5,7.5,43.47,Medio,21.67,74.04,9.24
S3235,Liam,Williams,student2235@university.com,Female,20,Cs,74.97,86.25,59.86,56.91,82.74,2.7,53.48,65.83,C,5.3,Yes,Yes,Master'S,Low,5,5.2,34.12,Medio,-26.39,55.03,12.42
S3236,John,Davis,student2236@university.com,Male,23,Mathematics,56.41,88.26,65.08,62.29,69.85,1.45,96.83,97.37,F,23.9,No,Yes,Phd,Medium,7,8.2,35.16,Medio,-23.18,60.87,4.07
S3237,John,Davis,student2237@university.com,Female,22,Cs,90.29,54.96,64.34,74.81,63.8,4.85,58.28,71.36,A,29.6,Yes,Yes,Phd,High,2,7.7,19.33,Bajo,9.38,61.35,2.41
S3238,Maria,Jones,student2238@university.com,Male,19,Cs,80.85,42.52,45.2,94.01,80.71,9.3,97.21,66.24,C,11.3,No,Yes,High School,Low,9,5.7,51.07,Medio,2.68,91.23,5.86
S3239,Ahmed,Brown,student2239@university.com,Female,20,Business,75.725,52.25,40.21,70.91,97.16,4.87,91.2,82.04,C,11.9,No,Yes,Phd,Medium,9,4.6,49.65,Medio,-12.04,76.99,6.89
S3240,Ali,Davis,student2240@university.com,Male,19,Engineering,68.7,52.04,93.91,77.31,56.63,4.05,54.1,84.17,A,28.4,No,Yes,High School,Low,5,6.5,35.03,Medio,41.87,57.14,2.96
S3241,John,Brown,student2241@university.com,Female,20,Engineering,90.52,43.91,53.07,74.81,89.96,6.5,72.26,99.19,A,20.1,No,Yes,High School,Medium,2,8.9,27.32,Bajo,9.16,75.51,4.93
S3242,Ali,Brown,student2242@university.com,Female,18,Engineering,78.42,83.56,65.56,63.3,77.15,9.37,53.67,77.3,A,9.3,No,Yes,High School,Medium,7,4.1,36.17,Medio,-18.0,71.96,8.31
S3243,Sara,Brown,student2243@university.com,Male,19,Business,55.43,62.8,98.32,56.7,76.28,0.49,66.49,87.63,F,6.1,No,Yes,High School,Medium,4,8.2,45.38,Medio,35.52,51.09,14.37
S3244,Maria,Smith,student2244@university.com,Female,19,Cs,68.64,93.06,89.61,70.5,98.08,1.53,67.58,69.11,D,19.1,Yes,Yes,Unknown,Low,3,7.5,22.95,Bajo,-3.45,62.86,3.62
S3245,Sara,Williams,student2245@university.com,Female,21,Engineering,62.13,55.13,46.48,79.52,80.29,1.33,79.98,58.55,C,16.3,No,Yes,Unknown,Low,7,4.9,46.9,Medio,-8.65,63.27,3.59
S3246,Ali,Williams,student2246@university.com,Male,24,Cs,75.87,67.19,70.51,64.2,91.53,0.85,98.79,71.49,B,15.8,No,Yes,Phd,High,7,6.4,38.72,Medio,3.32,65.76,4.52
S3247,Omar,Davis,student2247@university.com,Male,23,Engineering,92.17,78.34,83.8,92.3,75.72,3.02,58.49,70.94,A,29.2,Yes,Yes,Phd,Medium,1,7.1,9.64,Bajo,5.46,64.18,2.43
S3248,Liam,Davis,student2248@university.com,Female,19,Cs,71.81,92.65,81.9,99.06,62.49,2.29,66.46,71.03,D,11.6,No,Yes,Phd,Low,7,7.5,34.6,Medio,-10.75,62.73,6.12
S3249,Ali,Brown,student2249@university.com,Male,22,Cs,71.67,71.48,85.65,56.01,84.72,5.49,79.36,84.77,D,17.2,No,Yes,High School,Low,10,8.6,44.87,Medio,14.17,68.75,4.93
S3250,Ahmed,Smith,student2250@university.com,Male,24,Engineering,95.27,62.41,67.45,74.81,96.16,3.27,58.57,70.3,A,10.3,No,Yes,Bachelor'S,Low,5,8.4,31.67,Medio,5.04,65.56,6.83
S3251,John,Brown,student2251@university.com,Male,20,Cs,78.81,92.02,50.56,89.49,92.06,4.05,85.54,97.71,C,13.0,Yes,Yes,Unknown,Medium,7,5.6,31.64,Medio,-41.46,76.9,7.52
S3252,John,Smith,student2252@university.com,Female,18,Cs,78.31,58.61,67.89,59.53,59.92,9.42,70.18,99.14,A,24.1,No,Yes,Bachelor'S,Medium,8,4.6,38.51,Medio,9.28,70.96,4.11
S3253,Sara,Brown,student2253@university.com,Female,22,Engineering,75.725,44.77,78.87,67.66,65.84,1.56,97.48,76.17,D,9.9,Yes,No,Bachelor'S,High,10,4.5,55.12,Alto,34.1,61.64,7.69
S3254,Liam,Johnson,student2254@university.com,Female,24,Engineering,80.39,66.7,76.52,69.71,75.84,3.88,81.49,77.92,C,21.9,No,Yes,Phd,High,7,8.8,34.24,Medio,9.82,66.46,3.56
S3255,Maria,Johnson,student2255@university.com,Female,22,Business,78.8,87.11,44.23,95.83,78.58,2.57,68.15,70.38,B,8.2,No,No,Bachelor'S,Medium,10,8.8,42.19,Medio,-42.88,67.06,8.58
S3256,Omar,Jones,student2256@university.com,Female,22,Engineering,69.84,41.85,43.9,82.94,59.69,5.49,85.97,67.78,B,9.8,No,Yes,Master'S,Medium,2,8.1,40.32,Medio,2.05,70.88,6.92
S3257,Emma,Brown,student2257@university.com,Female,22,Cs,99.53,75.15,97.92,52.03,61.5,7.36,91.94,99.27,A,5.6,No,Yes,Bachelor'S,Medium,4,8.9,26.49,Bajo,22.77,69.77,17.73
S3258,Liam,Davis,student2258@university.com,Female,24,Engineering,94.09,75.67,49.11,50.74,87.94,8.17,90.02,52.03,A,20.8,No,Yes,Unknown,Medium,6,5.4,25.08,Bajo,-26.56,77.6,2.5
S3259,John,Williams,student2259@university.com,Male,18,Cs,87.48,95.71,57.67,59.98,86.52,5.15,63.14,70.5,A,29.8,Yes,Yes,Phd,Medium,9,8.1,23.55,Bajo,-38.04,65.28,2.37
S3260,Ahmed,Jones,student2260@university.com,Female,21,Business,76.87,57.19,86.06,65.91,91.96,8.55,70.85,57.57,B,21.4,No,Yes,Bachelor'S,Low,5,6.5,34.13,Medio,28.87,78.56,2.69
S3261,Liam,Davis,student2261@university.com,Female,23,Mathematics,75.725,56.73,64.58,74.23,96.65,7.85,72.61,86.31,D,28.1,Yes,Yes,High School,Low,2,8.0,24.65,Bajo,7.85,80.5,3.07
S3262,Sara,Johnson,student2262@university.com,Male,19,Engineering,59.24,66.43,50.89,91.89,65.41,1.57,69.42,59.72,C,18.2,No,Yes,Unknown,High,4,7.1,36.9,Medio,-15.54,60.6,3.28
S3263,Sara,Brown,student2263@university.com,Male,24,Engineering,65.29,61.41,68.03,74.81,92.98,2.45,65.54,94.23,B,22.0,No,Yes,Master'S,Medium,8,8.2,43.28,Medio,6.62,64.46,4.28
S3264,Emma,Jones,student2264@university.com,Male,22,Cs,88.7,84.18,74.14,68.83,83.3,6.72,87.64,68.72,A,28.1,No,No,Unknown,Medium,4,6.0,16.32,Bajo,-10.04,76.74,2.45
S3265,Ahmed,Brown,student2265@university.com,Female,19,Engineering,75.725,78.51,67.17,66.47,97.89,9.75,50.61,95.86,B,7.2,Yes,Yes,High School,High,8,8.9,41.9,Medio,-11.34,78.12,13.31
S3266,Maria,Johnson,student2266@university.com,Male,24,Business,94.11,85.54,95.14,50.45,63.6,3.76,64.68,99.33,A,19.9,No,Yes,Bachelor'S,Medium,4,5.1,18.12,Bajo,9.6,54.08,4.99
S3267,Liam,Jones,student2267@university.com,Female,19,Cs,57.4,89.2,57.08,97.76,63.48,2.3,57.08,88.56,F,19.4,No,Yes,Phd,Low,8,7.4,39.01,Medio,-32.12,60.33,4.56
S3268,Ahmed,Johnson,student2268@university.com,Female,22,Cs,75.42,95.38,79.68,56.95,85.21,8.69,56.44,81.16,F,5.8,No,Yes,Unknown,Medium,3,8.0,26.53,Bajo,-15.7,71.38,13.99
S3269,Maria,Smith,student2269@university.com,Female,21,Engineering,82.35,65.86,46.74,64.38,96.42,2.0,63.85,57.5,C,8.9,No,Yes,Bachelor'S,Low,4,6.9,33.64,Medio,-19.12,61.16,6.46
S3270,Ahmed,Johnson,student2270@university.com,Male,24,Business,75.725,99.08,63.54,56.47,91.23,6.97,88.11,96.65,C,18.8,Yes,Yes,Unknown,Low,10,5.5,34.37,Medio,-35.54,76.38,5.14
S3271,Ahmed,Brown,student2271@university.com,Male,19,Cs,94.46,52.94,84.46,74.81,86.35,0.34,98.47,88.84,A,17.4,Yes,Yes,Unknown,High,9,6.8,40.13,Medio,31.52,65.76,5.11
S3272,Ali,Williams,student2272@university.com,Female,20,Mathematics,99.48,82.86,53.49,96.61,69.37,0.19,75.73,64.4,B,13.6,No,Yes,Unknown,Medium,5,6.5,22.41,Bajo,-29.37,60.9,4.74
S3273,Sara,Johnson,student2273@university.com,Female,19,Cs,55.79,72.04,75.39,55.04,85.89,4.52,66.95,73.43,D,22.4,No,Yes,High School,High,3,5.0,32.11,Medio,3.35,63.27,3.28
S3274,Liam,Davis,student2274@university.com,Female,23,Cs,56.5,89.01,49.21,72.04,90.05,6.57,91.46,53.38,C,14.0,No,Yes,Unknown,High,3,7.8,30.97,Medio,-39.8,79.81,3.81
S3275,Ahmed,Williams,student2275@university.com,Male,22,Business,56.52,68.61,46.16,51.12,87.66,1.42,53.36,82.95,D,24.2,No,Yes,Master'S,Medium,4,5.3,34.2,Medio,-22.45,51.58,3.43
S3276,Liam,Smith,student2276@university.com,Female,18,Cs,84.06,87.04,71.39,88.54,83.84,7.64,54.66,56.26,F,25.2,No,Yes,High School,High,2,8.2,14.09,Bajo,-15.65,75.86,2.23
S3277,Emma,Jones,student2277@university.com,Male,19,Engineering,68.63,95.81,80.5,82.06,52.36,1.29,67.27,82.58,B,21.1,Yes,Yes,Phd,Medium,7,5.1,30.02,Medio,-15.31,53.65,3.91
S3278,Ahmed,Jones,student2278@university.com,Female,21,Cs,75.725,83.94,46.8,84.98,82.99,5.34,72.42,83.58,F,12.0,No,No,Master'S,Low,7,6.5,35.65,Medio,-37.14,73.45,6.96
S3279,John,Williams,student2279@university.com,Male,20,Cs,70.27,86.57,95.07,73.62,73.91,3.08,89.89,66.23,A,25.1,No,Yes,Bachelor'S,Medium,9,7.5,34.66,Medio,8.5,67.06,2.64
S3280,Sara,Jones,student2280@university.com,Female,20,Cs,81.38,44.03,53.55,95.38,98.08,7.52,96.26,97.43,D,11.3,No,Yes,Unknown,Low,8,9.0,48.21,Medio,9.52,91.23,8.62
S3281,John,Johnson,student2281@university.com,Male,18,Mathematics,88.49,52.3,47.2,74.81,80.36,8.04,76.56,88.95,B,12.6,No,Yes,Master'S,Low,3,5.4,31.48,Medio,-5.1,78.03,7.06
S3282,Liam,Williams,student2282@university.com,Male,23,Engineering,77.41,98.46,52.16,75.7,80.41,0.66,74.78,74.84,B,20.2,Yes,Yes,High School,Low,5,7.2,22.16,Bajo,-46.3,59.37,3.7
S3283,Liam,Brown,student2283@university.com,Male,18,Business,76.98,81.59,50.17,74.81,99.7,1.93,60.65,95.93,B,22.2,No,Yes,Master'S,Medium,8,4.8,33.04,Medio,-31.42,63.62,4.32
S3284,Sara,Johnson,student2284@university.com,Male,23,Cs,54.41,73.69,45.44,76.03,54.68,8.93,72.56,92.79,F,14.3,Yes,Yes,Phd,Low,8,8.1,47.26,Medio,-28.25,73.14,6.49
S3285,Liam,Johnson,student2285@university.com,Male,19,Engineering,70.54,62.02,87.87,59.47,63.82,4.16,96.18,84.61,F,19.8,No,Yes,Unknown,Low,2,8.3,29.03,Bajo,25.85,65.27,4.27
S3286,John,Johnson,student2286@university.com,Male,22,Engineering,77.29,42.66,69.73,65.85,82.8,4.77,69.64,57.65,A,11.2,No,Yes,Unknown,Medium,1,8.4,34.55,Medio,27.07,66.5,5.15
S3287,Ahmed,Brown,student2287@university.com,Female,21,Mathematics,73.1,62.15,63.31,54.61,65.76,1.68,60.53,74.85,A,24.9,No,No,Unknown,Medium,5,8.7,32.21,Medio,1.16,49.42,3.01
S3288,Ahmed,Smith,student2288@university.com,Female,20,Business,95.04,69.93,97.04,71.63,67.31,9.95,66.86,93.22,A,29.8,No,Yes,Bachelor'S,Low,1,5.8,10.86,Bajo,27.11,76.32,3.13
S3289,Ali,Davis,student2289@university.com,Female,18,Business,75.725,52.69,62.26,80.47,94.63,9.23,75.73,80.44,F,22.5,No,Yes,Unknown,High,7,7.3,39.77,Medio,9.57,85.78,3.58
S3290,Emma,Jones,student2290@university.com,Female,21,Cs,91.1,50.39,50.02,55.93,78.97,0.02,79.93,77.28,A,13.0,Yes,Yes,Unknown,Medium,8,5.6,42.05,Medio,-0.37,53.76,5.94
S3291,Liam,Williams,student2291@university.com,Male,23,Engineering,68.76,70.5,56.44,74.81,55.14,5.51,71.62,97.76,D,13.7,No,Yes,Unknown,High,6,8.0,39.05,Medio,-14.06,64.17,7.14
S3292,John,Smith,student2292@university.com,Female,22,Engineering,85.86,75.15,54.34,94.64,65.54,8.72,87.93,50.83,A,5.8,No,Yes,Unknown,Low,3,6.1,28.95,Bajo,-20.81,83.83,8.76
S3293,Liam,Williams,student2293@university.com,Male,20,Mathematics,69.76,54.4,69.92,66.89,53.8,4.31,79.22,50.6,A,21.2,No,Yes,High School,High,10,6.8,48.66,Medio,15.52,60.75,2.39
S3294,Liam,Jones,student2294@university.com,Male,20,Cs,61.63,75.24,57.49,61.1,77.81,4.37,83.25,94.64,F,20.0,Yes,Yes,Bachelor'S,High,1,4.7,25.86,Bajo,-17.75,66.46,4.73
S3295,Maria,Brown,student2295@university.com,Male,23,Cs,75.725,94.02,70.96,94.65,58.66,3.79,93.15,51.93,F,28.9,No,Yes,Master'S,Medium,2,8.3,13.06,Bajo,-23.06,71.09,1.8
S3296,Ali,Johnson,student2296@university.com,Female,22,Engineering,53.55,68.39,80.16,84.6,92.86,0.29,93.28,66.63,D,15.1,Yes,Yes,Unknown,High,2,6.4,35.41,Medio,11.77,68.41,4.41
S3297,John,Johnson,student2297@university.com,Male,20,Cs,66.59,91.44,86.64,55.27,78.87,7.9,60.18,96.2,B,28.3,No,Yes,Unknown,Medium,10,7.2,35.11,Medio,-4.8,68.33,3.4
S3298,John,Brown,student2298@university.com,Female,22,Cs,73.04,95.64,82.61,70.41,52.97,4.57,81.17,84.56,A,24.0,Yes,Yes,Master'S,Low,2,7.3,15.97,Bajo,-13.03,62.56,3.52
S3299,Liam,Smith,student2299@university.com,Female,20,Business,97.77,45.54,52.34,83.7,65.04,5.31,85.83,82.41,A,12.2,No,Yes,Unknown,High,10,5.4,46.02,Medio,6.8,71.92,6.75
S3300,Ali,Smith,student2300@university.com,Female,19,Engineering,65.67,45.75,46.95,78.72,80.82,2.56,57.29,82.85,B,5.4,No,Yes,Master'S,Medium,5,8.0,49.48,Medio,1.2,60.61,15.34
S3301,Ahmed,Williams,student2301@university.com,Female,23,Business,95.12,68.56,72.55,74.81,66.77,7.84,92.14,65.88,A,23.2,No,Yes,Unknown,Low,2,8.2,16.76,Bajo,3.99,78.03,2.84
S3302,John,Brown,student2302@university.com,Female,22,Business,75.725,75.29,51.93,78.36,75.66,7.94,59.02,76.53,D,17.4,No,No,Unknown,Low,9,6.6,39.99,Medio,-23.36,73.11,4.4
S3303,Ahmed,Smith,student2303@university.com,Male,21,Cs,59.55,65.55,45.1,89.9,95.47,5.53,89.96,81.5,D,29.0,No,Yes,Phd,Medium,6,8.5,36.1,Medio,-20.45,82.66,2.81
S3304,Ali,Brown,student2304@university.com,Male,19,Engineering,75.95,59.59,71.63,66.02,67.5,9.05,58.07,65.29,F,5.6,Yes,Yes,Phd,Medium,7,4.8,46.07,Medio,12.04,70.52,11.66
S3305,Ahmed,Jones,student2305@university.com,Female,24,Cs,83.63,78.46,59.61,85.42,66.79,1.16,87.09,89.77,F,18.0,No,Yes,Bachelor'S,High,3,6.1,22.64,Bajo,-18.85,62.72,4.99
S3306,Sara,Johnson,student2306@university.com,Male,21,Mathematics,52.22,40.12,85.37,99.55,90.99,7.87,57.41,66.09,F,24.7,No,Yes,Unknown,Medium,10,4.2,57.34,Alto,45.25,81.66,2.68
S3307,Maria,Johnson,student2307@university.com,Female,23,Engineering,61.05,98.08,58.85,69.5,65.94,5.59,68.94,53.57,A,24.7,No,Yes,Unknown,Medium,7,6.0,30.19,Medio,-39.23,65.07,2.17
S3308,Omar,Johnson,student2308@university.com,Male,20,Cs,72.78,53.92,98.72,89.55,53.9,2.31,57.18,60.07,B,21.8,No,Yes,Unknown,Medium,4,9.0,34.12,Medio,44.8,55.93,2.76
S3309,John,Brown,student2309@university.com,Male,24,Cs,66.55,95.03,85.51,62.31,59.05,1.32,63.54,70.42,D,14.9,No,Yes,Bachelor'S,Medium,8,6.3,36.3,Medio,-9.52,49.52,4.73
S3310,Emma,Brown,student2310@university.com,Male,21,Engineering,85.63,46.54,43.46,64.09,97.44,3.01,99.23,95.4,B,6.7,No,Yes,High School,Medium,9,6.1,50.5,Medio,-3.08,72.72,14.24
S3311,Maria,Williams,student2311@university.com,Male,19,Cs,75.56,54.29,70.53,96.74,96.66,8.56,55.38,70.79,C,12.5,No,Yes,Unknown,Medium,5,7.4,39.91,Medio,16.24,83.6,5.66
S3312,Omar,Johnson,student2312@university.com,Male,24,Cs,58.02,54.09,73.76,51.3,61.24,7.88,70.32,54.49,D,21.3,Yes,Yes,High School,High,3,4.2,37.26,Medio,19.67,65.41,2.56
S3313,Ahmed,Williams,student2313@university.com,Male,24,Business,94.72,99.77,81.72,60.87,77.68,6.45,83.85,59.82,A,24.3,No,No,Unknown,Medium,6,5.8,15.88,Bajo,-18.05,71.72,2.46
S3314,John,Johnson,student2314@university.com,Male,22,Business,64.65,40.28,69.87,74.15,56.87,0.9,54.73,77.22,A,25.4,No,Yes,Bachelor'S,Medium,3,6.7,37.03,Medio,29.59,48.69,3.04
S3315,Ahmed,Williams,student2315@university.com,Male,18,Cs,86.56,78.38,69.01,70.09,83.73,9.55,55.45,58.88,B,24.4,No,Yes,Phd,High,6,6.4,25.1,Bajo,-9.37,76.19,2.41
S3316,Sara,Williams,student2316@university.com,Male,21,Engineering,89.0,92.18,62.08,81.46,59.27,3.05,57.16,53.2,A,13.1,Yes,Yes,Phd,High,7,7.2,27.98,Bajo,-30.1,57.1,4.06
S3317,Ali,Jones,student2317@university.com,Male,18,Business,98.16,80.34,56.29,59.64,52.49,6.07,82.25,85.74,B,22.4,No,No,Bachelor'S,Low,6,4.7,21.45,Bajo,-24.05,63.77,3.83
S3318,John,Williams,student2318@university.com,Male,23,Cs,74.93,61.76,96.77,53.53,91.24,8.03,95.47,89.22,C,29.2,Yes,Yes,Unknown,Medium,4,6.0,27.31,Bajo,35.01,80.13,3.06
S3319,Omar,Brown,student2319@university.com,Male,21,Business,80.79,97.5,59.06,68.47,66.27,1.33,91.3,92.53,C,8.4,No,No,Bachelor'S,High,7,7.2,31.61,Medio,-38.44,59.84,11.02
S3320,Omar,Williams,student2320@university.com,Male,21,Cs,66.74,93.61,43.81,76.22,55.43,6.52,99.15,92.2,C,23.3,Yes,Yes,Unknown,High,2,5.5,19.13,Bajo,-49.8,74.0,3.96
S3321,Sara,Johnson,student2321@university.com,Female,22,Engineering,83.91,66.04,50.04,78.1,91.7,0.32,78.91,68.96,F,15.2,No,Yes,Bachelor'S,Low,5,7.1,32.11,Medio,-16.0,62.98,4.54
S3322,Sara,Williams,student2322@university.com,Male,20,Engineering,73.17,74.4,91.44,74.81,88.12,1.02,98.07,86.72,A,10.6,No,Yes,Unknown,Medium,6,8.8,37.88,Medio,17.04,67.8,8.18
S3323,Liam,Smith,student2323@university.com,Male,19,Engineering,71.88,98.05,75.2,77.43,84.19,7.23,65.25,79.18,F,13.0,Yes,Yes,Unknown,Low,6,8.7,30.04,Medio,-22.85,74.79,6.09
S3324,John,Davis,student2324@university.com,Male,19,Business,92.77,98.95,86.73,62.29,95.56,1.55,71.08,51.17,A,9.2,No,Yes,Unknown,Medium,5,7.6,22.13,Bajo,-12.22,61.11,5.56
S3325,Ahmed,Johnson,student2325@university.com,Male,19,Cs,52.51,66.99,88.53,88.23,74.46,4.44,69.8,70.08,C,25.4,No,Yes,Master'S,High,10,4.9,48.82,Medio,21.54,69.22,2.76
S3326,Emma,Smith,student2326@university.com,Male,23,Cs,94.1,90.84,89.39,54.39,56.4,2.48,52.37,52.64,A,14.7,Yes,Yes,Phd,Medium,5,7.9,21.35,Bajo,-1.45,46.99,3.58
S3327,Omar,Johnson,student2327@university.com,Male,24,Engineering,92.6,58.12,73.04,59.92,53.07,4.21,91.49,54.17,A,28.4,No,Yes,Master'S,Medium,8,6.2,31.51,Medio,14.92,61.64,1.91
S3328,Omar,Brown,student2328@university.com,Female,20,Business,75.32,62.31,50.63,86.97,65.92,0.77,51.24,52.8,C,29.2,No,Yes,Bachelor'S,High,5,8.8,29.23,Bajo,-11.68,52.96,1.81
S3329,Sara,Davis,student2329@university.com,Female,18,Cs,74.51,49.89,48.89,63.99,54.34,7.55,86.49,98.05,C,29.1,Yes,Yes,Unknown,Medium,6,7.1,35.52,Medio,-1.0,70.08,3.37
S3330,Maria,Davis,student2330@university.com,Female,19,Business,68.09,52.55,74.44,74.67,76.78,0.79,70.35,92.21,F,8.9,No,Yes,Phd,Low,10,5.1,55.95,Alto,21.89,57.42,10.36
S3331,Sara,Brown,student2331@university.com,Male,18,Cs,75.725,79.41,61.99,66.36,50.72,8.38,50.31,71.96,B,13.7,Yes,Yes,Bachelor'S,Medium,1,5.6,22.82,Bajo,-17.42,62.8,5.25
S3332,Emma,Davis,student2332@university.com,Male,20,Cs,55.56,70.65,73.48,75.35,72.19,6.63,64.5,62.4,C,12.8,Yes,Yes,Master'S,Low,1,5.6,32.96,Medio,2.83,69.58,4.88
S3333,Ahmed,Brown,student2333@university.com,Male,23,Business,79.51,53.87,69.91,67.33,58.92,4.17,67.31,53.62,D,28.1,No,Yes,Phd,Medium,1,5.4,21.96,Bajo,16.04,58.82,1.91
S3334,Ahmed,Smith,student2334@university.com,Female,20,Cs,84.08,64.17,76.13,99.71,68.41,8.66,98.24,71.56,A,7.2,No,Yes,Bachelor'S,Low,4,7.9,34.39,Medio,11.96,88.24,9.94
S3335,Maria,Jones,student2335@university.com,Male,22,Engineering,96.72,62.39,41.93,67.87,83.75,1.86,83.05,80.02,A,19.7,Yes,Yes,Phd,Low,3,5.7,22.03,Bajo,-20.46,63.32,4.06
S3336,Omar,Johnson,student2336@university.com,Male,24,Cs,89.01,99.24,41.97,81.35,67.55,2.65,77.18,89.86,A,17.1,Yes,Yes,High School,Low,5,5.0,19.41,Bajo,-57.27,63.14,5.25
S3337,Sara,Brown,student2337@university.com,Female,19,Cs,82.19,91.21,83.3,94.42,67.07,1.37,56.35,52.58,F,29.4,No,Yes,Phd,Medium,7,7.0,22.5,Bajo,-7.91,57.88,1.79
S3338,Liam,Johnson,student2338@university.com,Female,23,Engineering,55.84,63.28,51.59,81.9,99.54,3.82,69.56,70.89,D,29.1,No,Yes,High School,High,6,6.3,38.03,Medio,-11.69,72.3,2.44
S3339,Ahmed,Smith,student2339@university.com,Male,22,Engineering,68.69,94.83,79.13,78.29,85.94,9.87,51.79,98.84,D,15.6,Yes,Yes,Phd,Low,3,4.1,24.15,Bajo,-15.7,78.68,6.34
S3340,Emma,Jones,student2340@university.com,Male,19,Engineering,56.94,60.56,72.79,74.81,75.69,1.61,88.08,56.04,F,16.0,Yes,No,Phd,High,2,5.4,36.13,Medio,12.23,63.67,3.5
S3341,John,Smith,student2341@university.com,Male,20,Engineering,94.06,80.07,98.91,74.82,78.97,8.31,58.14,70.01,A,14.6,No,Yes,Phd,Low,2,4.2,17.98,Bajo,18.84,73.76,4.8
S3342,Ali,Davis,student2342@university.com,Male,20,Cs,87.48,98.0,90.12,90.38,81.01,6.52,79.72,63.75,B,24.7,No,Yes,High School,High,3,7.8,12.08,Bajo,-7.88,79.08,2.58
S3343,Ali,Johnson,student2343@university.com,Female,21,Engineering,87.88,63.42,64.79,52.52,51.23,0.16,84.97,56.7,A,7.5,No,Yes,Bachelor'S,High,10,8.8,46.47,Medio,1.37,47.58,7.56
S3344,Ali,Jones,student2344@university.com,Male,21,Mathematics,75.725,80.79,76.98,94.26,54.01,9.45,68.33,91.95,B,7.9,Yes,No,Master'S,Low,3,6.5,29.75,Bajo,-3.81,77.78,11.64
S3345,Liam,Davis,student2345@university.com,Male,20,Business,75.35,57.76,47.04,79.31,82.46,9.71,81.63,84.86,B,22.6,Yes,Yes,Phd,High,3,6.8,29.44,Bajo,-10.72,85.12,3.75
S3346,Omar,Jones,student2346@university.com,Female,20,Cs,57.5,55.98,63.18,92.44,68.22,9.25,88.21,70.58,F,5.4,No,Yes,Master'S,Medium,8,8.2,55.94,Alto,7.2,85.34,13.07
S3347,Sara,Davis,student2347@university.com,Male,18,Cs,66.48,74.45,84.03,50.52,52.77,5.02,59.21,68.45,C,21.8,Yes,Yes,Master'S,Medium,3,4.1,27.94,Bajo,9.58,53.18,3.14
S3348,Maria,Smith,student2348@university.com,Male,24,Mathematics,75.725,98.76,77.36,93.46,64.88,2.2,80.04,91.39,A,8.2,Yes,Yes,Phd,Medium,6,4.8,30.88,Medio,-21.4,65.1,11.15
S3349,Liam,Brown,student2349@university.com,Female,18,Engineering,86.25,67.19,69.07,74.81,56.51,3.91,86.69,54.54,A,24.7,Yes,Yes,High School,Low,9,7.3,35.08,Medio,1.88,64.28,2.21
S3350,Liam,Johnson,student2350@university.com,Female,24,Engineering,58.01,96.26,50.59,86.06,95.82,6.14,67.85,57.34,D,23.5,No,Yes,Unknown,Medium,8,7.7,34.62,Medio,-45.67,77.78,2.44
S3351,Ahmed,Williams,student2351@university.com,Male,22,Business,85.11,94.86,88.19,70.83,60.15,3.79,58.12,95.33,A,9.6,No,Yes,Unknown,Low,6,7.1,28.06,Bajo,-6.67,56.75,9.93
S3352,John,Williams,student2352@university.com,Female,21,Cs,84.61,55.23,56.39,74.81,57.18,7.08,64.31,90.86,F,23.9,No,Yes,Unknown,Medium,10,8.7,41.87,Medio,1.16,66.78,3.8
S3353,Liam,Smith,student2353@university.com,Female,21,Engineering,72.97,64.11,89.23,81.41,81.31,7.96,96.65,88.74,C,24.8,No,Yes,Phd,Medium,5,6.0,31.72,Medio,25.12,84.74,3.58
S3354,Emma,Johnson,student2354@university.com,Male,20,Mathematics,56.76,78.6,76.7,58.17,76.1,2.09,67.87,81.2,D,28.1,No,Yes,Master'S,Medium,5,6.8,31.39,Medio,-1.9,55.76,2.89
S3355,John,Johnson,student2355@university.com,Female,20,Engineering,65.74,71.08,62.36,75.73,78.8,4.05,55.39,64.62,A,23.1,Yes,No,Unknown,Medium,8,8.8,39.67,Medio,-8.72,62.6,2.8
S3356,Emma,Smith,student2356@university.com,Male,22,Cs,66.0,45.76,42.44,63.86,71.8,9.58,54.14,96.74,C,26.7,No,Yes,Phd,High,7,8.5,43.16,Medio,-3.32,71.4,3.62
S3357,Omar,Johnson,student2357@university.com,Male,23,Cs,85.02,99.62,53.95,78.02,73.36,2.5,59.02,74.59,B,20.9,No,Yes,Phd,High,5,4.2,18.8,Bajo,-45.67,58.85,3.57
S3358,Sara,Brown,student2358@university.com,Male,23,Cs,55.69,85.16,93.34,86.9,88.94,3.46,56.38,64.03,F,20.6,Yes,Yes,Unknown,Medium,10,5.8,44.66,Medio,8.18,66.7,3.11
S3359,Ali,Smith,student2359@university.com,Male,23,Business,91.45,66.26,89.08,54.06,61.0,0.36,74.75,68.28,A,21.9,No,Yes,High School,Low,6,7.7,28.28,Bajo,22.82,48.35,3.12
S3360,Liam,Brown,student2360@university.com,Female,21,Cs,88.05,77.09,74.49,75.79,69.83,3.32,67.38,50.84,B,15.2,No,Yes,Bachelor'S,Low,5,4.0,27.34,Bajo,-2.6,61.55,3.34
S3361,Sara,Johnson,student2361@university.com,Male,18,Cs,59.32,45.25,67.98,80.88,97.89,3.71,92.07,62.76,D,10.7,Yes,Yes,High School,High,9,8.3,58.09,Alto,22.73,76.98,5.87
S3362,Omar,Smith,student2362@university.com,Male,23,Mathematics,85.96,69.72,78.83,74.81,59.5,1.0,94.05,59.4,A,15.3,No,Yes,Master'S,High,6,6.5,32.46,Medio,9.11,59.59,3.88
S3363,Maria,Johnson,student2363@university.com,Male,19,Cs,83.43,95.85,67.97,74.81,64.69,0.01,73.66,56.78,A,19.8,No,Yes,Phd,Low,3,4.4,16.59,Bajo,-27.88,53.32,2.87
S3364,Maria,Smith,student2364@university.com,Male,22,Cs,87.41,93.8,78.66,76.02,59.58,5.75,94.43,51.61,B,22.3,Yes,Yes,High School,Medium,3,6.2,14.56,Bajo,-15.14,71.88,2.31
S3365,Omar,Johnson,student2365@university.com,Female,23,Cs,59.45,60.24,58.44,59.13,51.02,3.02,72.52,61.34,D,16.4,Yes,Yes,Unknown,Medium,10,6.5,52.92,Medio,-1.8,53.22,3.74
S3366,Emma,Brown,student2366@university.com,Female,19,Cs,57.88,71.88,90.31,74.81,63.49,0.18,82.1,55.18,C,13.3,Yes,Yes,Bachelor'S,Medium,10,5.8,51.53,Medio,18.43,55.55,4.15
S3367,Ahmed,Brown,student2367@university.com,Female,23,Engineering,61.82,81.84,82.12,77.08,52.32,8.6,58.13,52.26,A,11.2,No,Yes,Phd,High,4,6.3,34.88,Medio,0.28,68.38,4.67
S3368,Ahmed,Johnson,student2368@university.com,Male,18,Mathematics,68.29,60.4,59.8,68.76,57.73,5.84,52.63,56.87,B,9.6,No,Yes,High School,Low,5,8.5,42.07,Medio,-0.6,59.38,5.92
S3369,Emma,Smith,student2369@university.com,Female,18,Business,89.68,43.89,89.84,59.63,68.13,1.71,58.0,60.12,B,16.9,Yes,Yes,Unknown,High,9,5.6,44.77,Medio,45.95,50.72,3.56
S3370,Maria,Williams,student2370@university.com,Female,23,Engineering,86.9,70.33,69.24,51.53,51.04,8.65,62.59,70.8,A,22.7,No,Yes,Unknown,Low,10,8.8,37.14,Medio,-1.09,62.92,3.12
S3371,Maria,Brown,student2371@university.com,Male,19,Engineering,96.27,76.1,50.48,78.33,87.65,2.54,87.55,79.18,A,25.7,Yes,Yes,High School,Medium,2,7.4,12.85,Bajo,-25.62,69.73,3.08
S3372,Liam,Brown,student2372@university.com,Female,22,Engineering,52.93,40.35,44.66,79.93,89.78,2.27,58.68,66.11,D,13.6,No,Yes,High School,Low,2,8.5,44.79,Medio,4.31,62.77,4.86
S3373,Maria,Davis,student2373@university.com,Male,19,Cs,75.725,45.73,81.98,57.09,70.57,8.95,56.53,57.06,A,20.3,No,Yes,Master'S,High,1,5.0,29.63,Bajo,36.25,68.42,2.81
S3374,Sara,Williams,student2374@university.com,Female,22,Cs,84.96,52.44,91.91,80.09,99.23,1.79,96.38,97.02,D,16.9,Yes,No,Phd,Low,8,6.5,41.64,Medio,39.47,73.4,5.74
S3375,Maria,Johnson,student2375@university.com,Female,23,Mathematics,63.96,60.88,88.45,97.6,83.95,8.79,84.44,75.74,B,29.2,No,Yes,Unknown,Low,1,6.8,24.75,Bajo,27.57,88.47,2.59
S3376,John,Smith,student2376@university.com,Female,22,Cs,66.7,72.46,79.34,98.91,87.19,8.03,73.67,87.09,F,27.1,No,Yes,Master'S,High,6,4.4,32.48,Medio,6.88,85.02,3.21
S3377,Liam,Davis,student2377@university.com,Female,20,Cs,77.34,57.63,48.48,94.42,59.62,3.1,54.75,84.72,D,27.1,No,Yes,Unknown,Medium,2,6.5,24.31,Bajo,-9.15,59.95,3.13
S3378,Ali,Johnson,student2378@university.com,Male,21,Engineering,55.12,56.57,45.64,90.35,91.87,0.34,92.59,64.24,F,19.5,No,Yes,High School,High,9,8.3,51.76,Medio,-10.93,69.55,3.29
S3379,Maria,Jones,student2379@university.com,Male,24,Engineering,75.725,92.16,60.7,60.47,97.25,0.83,55.41,77.99,A,15.9,Yes,Yes,Unknown,Medium,4,4.3,24.56,Bajo,-31.46,55.36,4.91
S3380,Emma,Brown,student2380@university.com,Female,21,Cs,66.26,48.7,91.29,57.82,61.82,1.1,80.55,80.11,F,21.3,No,Yes,Unknown,Low,10,7.2,51.55,Medio,42.59,52.8,3.76
S3381,Ali,Jones,student2381@university.com,Male,18,Cs,81.64,69.73,97.7,72.25,84.32,8.91,83.38,67.59,B,9.0,Yes,Yes,Phd,Medium,5,8.9,34.9,Medio,27.97,82.26,7.51
S3382,Sara,Brown,student2382@university.com,Female,20,Cs,91.7,97.17,54.48,74.81,87.35,4.04,70.01,83.54,A,27.1,No,Yes,Unknown,Low,2,6.6,7.43,Bajo,-42.69,68.14,3.08
S3383,Emma,Brown,student2383@university.com,Female,21,Engineering,58.56,77.5,85.73,92.53,65.26,0.33,95.56,89.53,D,11.8,No,Yes,Unknown,Low,5,5.5,39.24,Medio,8.23,64.16,7.59
S3384,Ali,Jones,student2384@university.com,Female,23,Cs,96.54,83.03,74.43,61.6,73.75,5.57,52.54,68.21,A,25.7,No,Yes,Bachelor'S,Low,7,6.9,21.79,Bajo,-8.6,60.9,2.65
S3385,Emma,Jones,student2385@university.com,Female,22,Engineering,76.53,65.87,41.91,73.98,54.88,2.08,90.91,50.75,F,12.5,No,Yes,Master'S,High,5,6.7,36.09,Medio,-23.96,60.14,4.06
S3386,Sara,Johnson,student2386@university.com,Female,22,Engineering,96.15,41.2,72.57,74.81,58.65,2.35,77.69,67.47,A,18.1,Yes,Yes,Unknown,Low,1,4.5,24.94,Bajo,31.37,58.66,3.73
S3387,Liam,Davis,student2387@university.com,Female,19,Business,60.39,78.77,88.36,72.28,53.08,1.61,80.56,55.84,D,24.3,No,Yes,Unknown,Low,9,5.1,40.86,Medio,9.59,55.5,2.3
S3388,John,Davis,student2388@university.com,Male,19,Cs,80.23,77.92,56.57,72.71,78.01,7.62,99.34,57.78,F,14.8,No,Yes,Master'S,High,2,7.3,23.37,Bajo,-21.35,81.56,3.9
S3389,Sara,Jones,student2389@university.com,Male,22,Cs,75.725,46.63,93.84,61.26,81.26,0.01,79.13,68.3,F,14.0,No,Yes,Unknown,Medium,4,7.0,39.17,Medio,47.21,55.44,4.88
S3390,Sara,Johnson,student2390@university.com,Female,23,Engineering,88.71,67.73,54.18,99.33,95.81,4.39,89.85,60.38,A,27.2,No,Yes,High School,Medium,6,5.7,26.14,Bajo,-13.55,82.22,2.22
S3391,Emma,Davis,student2391@university.com,Male,22,Business,80.3,94.92,44.59,73.76,77.11,0.87,57.68,96.74,D,6.7,No,Yes,Unknown,High,1,8.9,20.07,Bajo,-50.33,54.31,14.44
S3392,Liam,Johnson,student2392@university.com,Female,19,Cs,74.73,52.31,49.6,76.64,63.03,5.52,90.46,82.64,C,26.0,No,Yes,High School,Medium,9,7.2,42.93,Medio,-2.71,71.33,3.18
S3393,Omar,Johnson,student2393@university.com,Male,21,Engineering,75.725,67.67,90.22,60.93,52.97,3.46,88.05,75.92,B,28.2,No,Yes,High School,High,9,5.2,36.87,Medio,22.55,59.14,2.69
S3394,Ahmed,Brown,student2394@university.com,Male,18,Cs,75.725,67.67,65.04,74.81,94.25,0.28,98.41,50.49,A,19.1,Yes,Yes,High School,Medium,8,6.4,39.2,Medio,-2.63,67.57,2.64
S3395,Maria,Davis,student2395@university.com,Male,19,Cs,75.725,88.65,87.82,62.77,73.94,4.61,96.79,55.18,A,22.4,Yes,Yes,Master'S,Medium,9,7.6,33.48,Medio,-0.83,69.9,2.46
S3396,Maria,Davis,student2396@university.com,Female,23,Engineering,80.41,89.47,71.87,60.12,86.87,5.71,60.7,89.42,B,26.5,No,Yes,High School,Medium,4,7.4,18.43,Bajo,-17.6,66.2,3.37
S3397,John,Brown,student2397@university.com,Male,21,Cs,81.2,85.56,68.83,63.79,50.73,2.48,73.25,69.49,D,15.9,No,Yes,Unknown,Medium,9,5.2,35.74,Medio,-16.73,53.14,4.37
S3398,John,Jones,student2398@university.com,Female,21,Business,71.95,61.93,88.41,50.14,74.41,7.66,95.57,52.27,C,27.0,No,Yes,Unknown,Low,4,7.2,29.41,Bajo,26.48,74.18,1.94
S3399,Maria,Brown,student2399@university.com,Female,21,Engineering,74.33,44.32,65.41,78.51,66.29,3.71,82.04,91.28,A,14.3,No,Yes,High School,Low,5,5.7,42.43,Medio,21.09,65.98,6.38
S3400,Ahmed,Davis,student2400@university.com,Female,20,Engineering,97.98,60.97,88.12,69.37,51.52,7.49,73.19,65.13,A,12.7,No,Yes,Unknown,Low,6,6.3,32.18,Medio,27.15,67.24,5.13
S3401,Maria,Davis,student2401@university.com,Male,20,Engineering,86.63,80.79,46.04,94.93,88.78,5.79,55.45,69.31,B,29.6,Yes,Yes,Unknown,Low,7,7.3,23.98,Bajo,-34.75,74.26,2.34
S3402,Omar,Jones,student2402@university.com,Male,24,Engineering,55.53,82.16,78.18,52.04,75.65,8.69,67.59,98.72,D,5.8,No,Yes,Bachelor'S,Medium,3,6.9,37.46,Medio,-3.98,70.54,17.02
S3403,Ahmed,Brown,student2403@university.com,Male,21,Cs,60.61,97.9,82.16,52.16,66.66,5.47,83.26,50.78,A,13.0,No,Yes,Unknown,Medium,2,7.6,25.14,Bajo,-15.74,64.19,3.91
S3404,John,Smith,student2404@university.com,Female,23,Business,98.78,67.22,93.95,94.29,90.29,1.86,88.85,86.07,A,16.5,No,Yes,Unknown,Medium,5,5.9,25.9,Bajo,26.73,73.01,5.22
S3405,Ali,Smith,student2405@university.com,Female,22,Mathematics,86.32,77.95,53.46,56.33,72.35,8.23,72.36,97.44,A,12.8,No,Yes,Unknown,High,10,7.8,40.0,Medio,-24.49,70.84,7.61
S3406,Emma,Jones,student2406@university.com,Male,23,Cs,95.75,72.35,76.25,50.11,50.17,7.83,52.79,53.19,B,12.1,No,Yes,High School,Medium,3,4.1,23.18,Bajo,3.9,57.84,4.4
S3407,Omar,Brown,student2407@university.com,Female,20,Cs,65.19,49.04,66.0,58.95,97.22,9.72,81.66,93.3,C,14.3,No,Yes,Bachelor'S,Low,3,4.9,39.77,Medio,16.96,83.76,6.52
S3408,Omar,Brown,student2408@university.com,Male,19,Cs,87.09,67.67,62.97,91.19,62.78,0.94,96.08,70.81,A,15.0,No,Yes,Bachelor'S,Low,7,8.9,35.05,Medio,-4.7,64.86,4.72
S3409,Liam,Johnson,student2409@university.com,Male,24,Engineering,85.7,72.69,46.4,90.14,91.53,5.91,74.82,93.9,B,6.8,No,Yes,Unknown,Low,6,4.4,35.91,Medio,-26.29,78.9,13.81
S3410,John,Davis,student2410@university.com,Male,20,Engineering,64.73,97.04,48.05,67.01,90.82,4.92,96.42,65.41,A,24.4,Yes,Yes,High School,High,3,7.3,20.48,Bajo,-48.99,75.86,2.68
S3411,John,Williams,student2411@university.com,Male,22,Business,77.54,61.99,90.22,83.4,58.12,6.71,67.71,99.13,C,9.2,Yes,Yes,Phd,Medium,7,8.6,43.0,Medio,28.23,69.08,10.78
S3412,Sara,Jones,student2412@university.com,Female,18,Business,81.37,98.81,84.99,74.81,73.7,9.8,94.32,82.35,C,6.0,No,Yes,High School,High,10,8.3,38.88,Medio,-13.82,85.21,13.72
S3413,Omar,Williams,student2413@university.com,Male,24,Engineering,74.06,72.54,62.94,95.24,52.01,5.32,89.32,81.35,D,19.8,Yes,Yes,Phd,Low,10,8.6,42.42,Medio,-9.6,72.44,4.11
S3414,Sara,Williams,student2414@university.com,Male,20,Engineering,91.36,54.55,89.71,74.81,67.73,6.86,98.09,90.3,A,21.7,Yes,Yes,High School,Medium,6,8.9,31.92,Medio,35.16,77.31,4.16
S3415,Sara,Jones,student2415@university.com,Male,23,Engineering,91.64,51.5,44.85,90.66,86.55,3.47,89.55,71.83,A,24.0,No,Yes,Unknown,Medium,1,5.8,20.48,Bajo,-6.65,75.36,2.99
S3416,Emma,Brown,student2416@university.com,Male,24,Engineering,75.725,48.5,77.49,58.53,61.85,2.99,66.07,62.93,B,7.2,No,No,Unknown,High,5,5.7,44.24,Medio,28.99,54.09,8.74
S3417,Sara,Jones,student2417@university.com,Male,23,Engineering,90.17,67.18,92.09,69.58,55.86,3.35,95.03,63.15,A,9.3,No,Yes,Unknown,Medium,4,4.6,30.3,Medio,24.91,63.49,6.79
S3418,Ahmed,Williams,student2418@university.com,Male,21,Engineering,74.4,41.32,90.33,59.6,75.36,0.39,83.49,66.53,D,9.6,No,Yes,Master'S,Medium,3,5.0,41.21,Medio,49.01,55.59,6.93
S3419,Maria,Davis,student2419@university.com,Male,21,Engineering,75.725,66.7,62.37,85.13,76.85,2.85,58.1,80.87,F,19.8,Yes,Yes,Unknown,High,3,7.3,28.03,Bajo,-4.33,62.14,4.08
S3420,Ali,Davis,student2420@university.com,Female,21,Engineering,91.57,99.3,84.71,83.92,83.79,1.73,52.3,91.92,A,27.2,No,Yes,Bachelor'S,High,8,5.7,20.12,Bajo,-14.59,59.33,3.38
S3421,John,Davis,student2421@university.com,Female,24,Engineering,74.51,80.21,65.65,77.39,87.96,4.57,68.29,74.98,F,22.7,No,Yes,Unknown,Low,3,5.7,22.95,Bajo,-14.56,69.84,3.3
S3422,Ahmed,Brown,student2422@university.com,Female,18,Business,62.32,85.59,90.41,84.91,84.79,4.61,89.34,70.17,A,12.9,No,Yes,Unknown,Medium,2,7.2,28.28,Bajo,4.82,76.28,5.44
S3423,Ali,Smith,student2423@university.com,Female,22,Engineering,75.37,47.14,71.85,81.98,92.27,7.65,80.91,89.69,F,26.3,No,Yes,Phd,Low,5,4.5,35.22,Medio,24.71,82.92,3.41
S3424,Omar,Jones,student2424@university.com,Male,24,Engineering,57.09,68.39,85.89,74.81,61.15,5.02,76.36,64.48,C,21.7,No,No,Bachelor'S,High,10,4.3,48.65,Medio,17.5,65.63,2.97
S3425,Omar,Davis,student2425@university.com,Female,19,Engineering,75.725,57.17,44.71,61.97,78.49,4.63,50.19,84.45,D,22.2,Yes,Yes,Phd,High,3,8.0,29.69,Bajo,-12.46,59.24,3.8
S3426,Omar,Jones,student2426@university.com,Female,23,Engineering,66.8,93.65,75.4,71.45,68.0,2.32,71.78,55.29,B,28.9,No,Yes,Unknown,Medium,10,7.9,34.08,Medio,-18.25,58.61,1.91
S3427,Ahmed,Davis,student2427@university.com,Female,23,Cs,63.03,50.88,73.02,57.58,98.11,8.52,57.89,55.66,B,28.8,No,Yes,Unknown,High,3,5.9,32.72,Medio,22.14,74.69,1.93
S3428,Ahmed,Brown,student2428@university.com,Male,24,Cs,97.83,67.52,76.6,71.48,72.01,0.91,72.73,82.2,A,14.6,Yes,Yes,Unknown,Medium,8,7.0,33.76,Medio,9.08,56.33,5.63
S3429,John,Smith,student2429@university.com,Female,24,Engineering,88.84,75.28,81.74,85.08,97.99,9.82,99.59,54.14,B,20.9,Yes,Yes,Unknown,Medium,9,5.2,33.65,Medio,6.46,95.22,2.59
S3430,Maria,Smith,student2430@university.com,Female,22,Engineering,89.35,70.84,95.09,84.57,88.45,4.76,93.98,57.75,B,10.1,No,Yes,Phd,Medium,2,5.8,24.65,Bajo,24.25,78.65,5.72
S3431,Liam,Davis,student2431@university.com,Male,18,Mathematics,75.725,89.81,87.14,85.47,85.92,1.86,65.53,81.22,B,15.3,Yes,Yes,Master'S,Medium,1,4.2,18.9,Bajo,-2.67,63.88,5.31
S3432,Sara,Brown,student2432@university.com,Female,24,Cs,91.96,53.89,53.18,65.44,74.58,3.54,79.68,71.91,B,11.8,No,Yes,Unknown,High,8,5.4,41.3,Medio,-0.71,63.78,6.09
S3433,Omar,Johnson,student2433@university.com,Male,21,Cs,87.96,62.64,89.55,83.11,72.17,0.15,75.1,78.06,A,14.2,No,Yes,Unknown,Low,10,4.1,43.32,Medio,26.91,57.97,5.5
S3434,Emma,Jones,student2434@university.com,Female,22,Cs,79.94,87.53,47.32,74.81,76.33,1.67,56.5,98.85,A,21.9,Yes,Yes,Phd,High,10,6.1,34.81,Medio,-40.21,56.08,4.51
S3435,Maria,Jones,student2435@university.com,Male,19,Cs,98.06,71.68,77.33,97.22,64.68,3.35,99.49,81.6,B,10.3,No,Yes,Unknown,Low,6,6.6,30.14,Medio,5.65,73.72,7.92
S3436,Emma,Williams,student2436@university.com,Female,21,Business,59.58,64.13,92.97,74.81,95.23,5.54,71.26,79.54,F,9.5,No,Yes,High School,Medium,9,6.5,52.94,Medio,28.84,74.18,8.37
S3437,John,Brown,student2437@university.com,Female,19,Cs,97.17,41.77,46.07,80.15,89.72,1.29,75.28,69.01,A,14.5,No,Yes,Phd,Low,1,5.7,26.21,Bajo,4.3,64.51,4.76
S3438,John,Williams,student2438@university.com,Female,20,Engineering,70.07,85.2,90.98,87.51,90.07,6.76,82.38,81.54,F,7.5,No,Yes,Phd,Low,5,5.0,35.05,Medio,5.78,81.89,10.87
S3439,John,Davis,student2439@university.com,Male,19,Engineering,76.42,98.33,87.92,95.32,71.66,8.44,59.58,50.65,F,25.3,No,Yes,Unknown,High,5,6.3,19.99,Bajo,-10.41,77.74,2.0
S3440,Ali,Williams,student2440@university.com,Female,21,Engineering,75.725,77.22,70.23,71.9,53.55,5.72,61.11,77.87,D,29.0,Yes,No,Phd,Medium,3,8.3,20.27,Bajo,-6.99,60.94,2.69
S3441,Emma,Smith,student2441@university.com,Male,20,Business,77.01,91.39,58.53,68.02,84.15,2.97,59.63,53.44,B,25.0,Yes,Yes,Bachelor'S,Medium,2,8.9,15.35,Bajo,-32.86,60.38,2.14
S3442,Maria,Jones,student2442@university.com,Male,21,Engineering,80.56,71.01,64.33,71.5,68.72,1.21,69.22,61.01,A,18.3,No,Yes,High School,Medium,9,5.6,39.13,Medio,-6.68,55.38,3.33
S3443,Liam,Williams,student2443@university.com,Male,23,Cs,99.89,53.9,98.12,74.81,93.52,0.16,59.98,78.16,B,21.9,No,Yes,Bachelor'S,Medium,7,8.9,31.25,Medio,44.22,57.48,3.57
S3444,Maria,Smith,student2444@university.com,Male,21,Business,75.725,40.87,52.1,74.81,89.02,7.32,96.32,83.4,D,25.1,Yes,Yes,Bachelor'S,Medium,9,6.2,46.46,Medio,11.23,83.34,3.32
S3445,Ahmed,Brown,student2445@university.com,Female,20,Business,98.32,79.2,74.78,96.64,57.27,6.28,85.72,69.24,B,6.7,No,Yes,Unknown,Medium,3,7.1,22.92,Bajo,-4.42,75.61,10.33
S3446,Ahmed,Williams,student2446@university.com,Female,19,Cs,67.42,69.59,44.99,56.3,80.09,4.76,94.89,70.95,F,15.5,Yes,Yes,Phd,High,1,8.0,27.78,Bajo,-24.6,69.72,4.58
S3447,Omar,Davis,student2447@university.com,Female,23,Cs,99.56,86.93,53.07,78.05,84.61,1.02,92.42,74.9,A,8.6,No,Yes,High School,High,2,5.8,17.0,Bajo,-33.86,66.32,8.71
S3448,Liam,Davis,student2448@university.com,Male,18,Cs,72.77,81.68,85.8,94.88,78.41,2.07,85.16,87.95,C,7.3,Yes,Yes,High School,Low,6,5.0,37.49,Medio,4.12,69.79,12.05
S3449,Ahmed,Davis,student2449@university.com,Female,18,Cs,75.725,99.28,58.16,55.01,75.7,8.15,62.14,50.88,F,24.0,No,Yes,High School,Medium,6,5.4,22.82,Bajo,-41.12,68.59,2.12
S3450,John,Jones,student2450@university.com,Male,18,Mathematics,75.725,70.62,99.15,74.81,61.39,4.8,80.77,72.35,F,26.5,No,Yes,Bachelor'S,Medium,2,8.2,21.28,Bajo,28.53,66.24,2.73
S3451,Maria,Williams,student2451@university.com,Male,18,Engineering,75.29,65.63,70.05,93.26,61.8,9.63,59.31,50.71,B,7.1,No,Yes,High School,Low,9,8.7,48.19,Medio,4.42,77.67,7.14
S3452,Emma,Brown,student2452@university.com,Male,22,Cs,98.3,57.2,70.99,95.02,88.4,10.0,56.62,65.96,A,9.5,No,Yes,High School,High,10,4.6,43.68,Medio,13.79,85.01,6.94
S3453,John,Williams,student2453@university.com,Female,18,Business,97.35,68.61,42.18,75.72,50.93,8.01,81.63,75.99,A,10.5,No,Yes,Unknown,Low,1,7.5,20.09,Bajo,-26.43,72.1,7.24
S3454,Ali,Jones,student2454@university.com,Female,20,Engineering,84.19,92.37,97.39,51.25,88.95,2.58,81.23,54.0,D,26.4,Yes,Yes,Unknown,Low,4,4.2,16.29,Bajo,5.02,61.81,2.05
S3455,Ahmed,Smith,student2455@university.com,Male,24,Cs,89.89,42.55,50.45,55.28,76.34,2.31,57.83,74.26,B,27.8,Yes,Yes,Bachelor'S,Low,4,8.4,28.54,Bajo,7.9,53.14,2.67
S3456,John,Jones,student2456@university.com,Female,18,Mathematics,75.725,98.67,72.3,79.34,96.81,2.54,67.62,96.23,C,24.1,No,Yes,Bachelor'S,High,1,8.3,11.85,Bajo,-26.37,67.29,3.99
S3457,John,Davis,student2457@university.com,Female,21,Business,86.08,99.6,63.74,56.19,99.87,9.87,53.31,84.27,A,24.9,Yes,Yes,Unknown,Medium,5,7.9,16.43,Bajo,-35.86,77.02,3.38
S3458,Ali,Smith,student2458@university.com,Male,24,Business,80.9,75.87,64.94,57.47,83.17,3.35,85.79,89.11,F,13.6,Yes,Yes,Master'S,Low,6,8.1,33.24,Medio,-10.93,64.98,6.55
S3459,Sara,Davis,student2459@university.com,Male,18,Engineering,54.58,59.89,78.6,88.61,70.61,7.06,99.37,79.02,D,15.2,No,Yes,Master'S,Medium,9,7.0,53.11,Medio,18.71,82.3,5.2
S3460,Maria,Johnson,student2460@university.com,Female,24,Business,55.66,53.38,79.73,87.53,73.75,9.59,87.0,94.82,D,12.0,No,Yes,Phd,Low,8,4.7,54.06,Medio,26.35,86.04,7.9
S3461,Emma,Jones,student2461@university.com,Male,19,Cs,55.42,56.59,49.26,92.14,60.21,8.2,92.21,57.34,D,29.0,No,Yes,Phd,Low,4,8.6,35.79,Medio,-7.33,81.64,1.98
S3462,Omar,Jones,student2462@university.com,Male,20,Engineering,86.22,43.01,69.98,55.29,54.96,5.98,73.82,72.49,A,23.2,No,Yes,Bachelor'S,High,6,4.7,36.43,Medio,26.97,60.97,3.12
S3463,Sara,Brown,student2463@university.com,Female,20,Mathematics,57.09,68.51,87.43,59.91,78.94,1.69,54.78,79.85,D,13.5,No,Yes,Unknown,High,7,5.1,46.05,Medio,18.92,52.63,5.91
S3464,Ahmed,Williams,student2464@university.com,Female,24,Cs,75.725,43.44,66.6,91.65,90.27,1.75,86.33,93.67,A,8.4,Yes,Yes,Master'S,High,6,6.2,47.38,Medio,23.16,71.44,11.15
S3465,John,Smith,student2465@university.com,Male,23,Business,75.725,83.11,49.95,86.05,63.09,4.92,62.83,65.4,C,9.9,No,Yes,Phd,Low,5,6.5,32.5,Medio,-33.16,65.29,6.61
S3466,Liam,Smith,student2466@university.com,Female,22,Engineering,77.53,62.32,58.79,90.3,70.98,9.52,69.41,50.06,F,10.1,Yes,Yes,Master'S,Medium,1,4.5,29.12,Bajo,-3.53,81.47,4.96
S3467,Ali,Brown,student2467@university.com,Male,21,Cs,85.32,51.96,52.74,99.49,77.74,9.04,85.15,98.72,A,20.4,Yes,No,Master'S,Low,7,7.8,37.68,Medio,0.78,88.2,4.84
S3468,Ali,Brown,student2468@university.com,Male,24,Business,84.24,72.69,47.55,93.22,95.39,1.66,95.24,51.3,D,27.6,No,Yes,Bachelor'S,Medium,7,4.7,28.24,Bajo,-25.14,75.11,1.86
S3469,Liam,Williams,student2469@university.com,Female,20,Cs,75.78,98.43,62.65,76.02,56.93,2.88,74.31,57.62,A,26.7,No,Yes,Phd,High,5,7.3,19.49,Bajo,-35.78,59.02,2.16
S3470,Maria,Davis,student2470@university.com,Male,19,Engineering,73.22,81.71,72.46,74.81,61.84,5.89,98.08,71.1,C,6.7,No,Yes,Unknown,Low,9,6.3,44.29,Medio,-9.25,73.41,10.61
S3471,Sara,Williams,student2471@university.com,Male,18,Cs,69.89,69.5,44.37,78.48,95.93,4.77,76.0,74.82,C,22.7,Yes,Yes,Unknown,Medium,3,8.1,27.78,Bajo,-25.13,74.53,3.3
S3472,Omar,Jones,student2472@university.com,Male,20,Mathematics,93.1,86.61,76.23,81.93,51.98,1.19,56.13,91.72,A,9.2,No,Yes,Unknown,Medium,1,5.5,16.83,Bajo,-10.38,50.48,9.97
S3473,Maria,Davis,student2473@university.com,Female,19,Cs,66.54,84.25,99.58,66.77,82.81,3.69,75.92,72.39,A,12.8,Yes,Yes,Master'S,Medium,5,8.2,33.92,Medio,15.33,65.6,5.66
S3474,Liam,Johnson,student2474@university.com,Female,18,Cs,62.97,93.5,97.85,74.81,81.98,9.55,93.03,77.37,B,18.6,No,Yes,Bachelor'S,Low,4,5.3,27.28,Bajo,4.35,86.33,4.16
S3475,John,Williams,student2475@university.com,Female,22,Cs,87.17,52.28,89.75,54.64,69.16,9.51,76.9,60.0,A,26.0,No,Yes,High School,Low,6,6.9,31.92,Medio,37.47,73.95,2.31
S3476,Liam,Brown,student2476@university.com,Male,20,Mathematics,67.99,91.53,55.98,88.97,73.41,5.59,87.39,78.46,C,10.9,No,No,Unknown,Medium,2,6.4,25.52,Bajo,-35.55,76.42,7.2
S3477,Maria,Davis,student2477@university.com,Male,20,Business,92.35,58.06,41.34,51.6,92.75,6.35,77.4,67.42,B,26.8,No,Yes,Phd,Medium,5,5.8,25.75,Bajo,-16.72,71.31,2.52
S3478,Emma,Williams,student2478@university.com,Female,24,Business,66.39,96.46,90.01,74.9,58.25,2.22,77.3,54.94,F,23.4,No,Yes,Master'S,Medium,8,4.1,31.68,Medio,-6.45,58.16,2.35
S3479,Ali,Smith,student2479@university.com,Female,24,Engineering,85.1,56.86,43.34,93.07,61.58,7.42,64.24,97.32,A,21.9,Yes,Yes,Master'S,Low,8,6.0,37.76,Medio,-13.52,73.27,4.44
S3480,Ali,Johnson,student2480@university.com,Female,19,Engineering,52.26,95.61,52.34,54.32,75.62,0.52,60.06,54.08,F,8.3,No,Yes,Phd,Low,2,4.6,31.1,Medio,-43.27,48.8,6.52
S3481,Ahmed,Jones,student2481@university.com,Male,23,Cs,69.28,97.83,72.67,75.89,70.49,2.21,63.95,83.89,C,16.9,Yes,Yes,Master'S,High,3,5.1,22.4,Bajo,-25.16,58.11,4.96
S3482,Ahmed,Smith,student2482@university.com,Female,24,Engineering,67.16,48.73,50.7,57.97,78.72,0.06,72.04,95.41,A,11.9,No,Yes,Bachelor'S,Low,9,7.4,53.7,Medio,1.97,52.33,8.02
S3483,Liam,Smith,student2483@university.com,Male,21,Cs,90.83,98.47,90.03,74.81,96.04,3.86,90.48,58.96,A,19.7,No,No,Phd,Medium,7,6.9,22.15,Bajo,-8.44,74.98,2.99
S3484,Omar,Johnson,student2484@university.com,Female,22,Mathematics,98.35,45.14,86.63,91.62,95.86,8.5,91.45,61.86,A,21.8,No,Yes,Phd,Medium,9,6.6,38.91,Medio,41.49,90.98,2.84
S3485,John,Jones,student2485@university.com,Male,21,Business,75.725,53.11,85.35,96.7,61.5,9.83,58.17,71.34,D,6.6,No,No,Unknown,Low,4,6.8,40.93,Medio,32.24,78.67,10.81
S3486,Emma,Brown,student2486@university.com,Male,20,Engineering,91.24,66.65,88.97,93.75,65.11,6.68,77.64,64.73,B,21.1,No,Yes,Master'S,Medium,7,4.6,30.85,Medio,22.32,75.82,3.07
S3487,Sara,Davis,student2487@university.com,Female,21,Cs,84.98,99.62,53.18,86.83,58.1,7.45,70.8,87.95,A,17.5,No,Yes,Unknown,High,7,4.8,24.95,Bajo,-46.44,72.56,5.03
S3488,Maria,Jones,student2488@university.com,Male,18,Business,98.37,69.31,83.73,59.24,96.39,2.63,78.55,66.91,B,26.0,Yes,Yes,Master'S,Low,7,6.7,25.11,Bajo,14.42,65.12,2.57
S3489,Omar,Williams,student2489@university.com,Female,22,Cs,90.56,73.02,61.32,65.13,69.89,5.2,82.38,99.29,A,24.8,No,Yes,High School,Medium,10,6.0,34.0,Medio,-11.7,67.35,4.0
S3490,John,Smith,student2490@university.com,Male,21,Cs,53.87,81.67,80.01,74.84,72.49,7.37,63.98,92.94,D,15.3,Yes,Yes,Phd,Low,5,6.3,37.88,Medio,-1.66,71.25,6.07
S3491,Ahmed,Williams,student2491@university.com,Male,18,Cs,85.66,98.1,47.32,74.81,90.13,4.97,95.96,94.77,A,29.4,Yes,Yes,Unknown,High,6,8.4,17.0,Bajo,-50.78,77.65,3.22
S3492,Liam,Brown,student2492@university.com,Female,19,Engineering,76.77,87.0,82.34,89.11,75.65,0.89,96.77,53.18,A,19.7,Yes,Yes,Unknown,Low,4,4.9,23.85,Bajo,-4.66,67.61,2.7
S3493,Maria,Williams,student2493@university.com,Male,21,Business,50.82,53.45,98.33,61.35,55.99,7.41,55.27,58.82,C,29.1,No,Yes,Unknown,Low,9,8.6,49.41,Medio,44.88,61.68,2.02
S3494,Ahmed,Jones,student2494@university.com,Female,22,Cs,62.57,58.18,42.62,56.41,71.89,2.2,85.15,58.47,B,23.0,Yes,Yes,Unknown,Low,4,8.3,35.81,Medio,-15.56,58.86,2.54
S3495,Liam,Williams,student2495@university.com,Female,18,Cs,96.09,45.86,45.63,74.13,81.53,0.98,51.66,83.6,A,15.2,No,Yes,High School,Low,9,8.5,42.79,Medio,-0.23,54.28,5.5
S3496,Maria,Brown,student2496@university.com,Female,21,Engineering,75.725,78.67,47.42,57.89,85.96,4.78,52.33,50.6,A,10.8,No,Yes,Phd,Medium,9,7.2,42.27,Medio,-31.25,61.0,4.69
S3497,Sara,Brown,student2497@university.com,Male,19,Business,89.94,50.84,65.83,84.69,82.27,0.75,97.89,90.32,B,16.6,No,Yes,Bachelor'S,Medium,5,8.3,33.86,Medio,14.99,68.09,5.44
S3498,John,Brown,student2498@university.com,Male,21,Cs,75.725,55.44,57.45,74.81,55.96,6.29,84.74,77.35,A,28.4,No,Yes,Master'S,Medium,9,9.0,40.44,Medio,2.01,69.6,2.72
S3499,Maria,Jones,student2499@university.com,Male,18,Cs,90.33,93.29,88.42,87.06,65.22,6.4,66.23,78.32,A,8.3,No,Yes,Phd,High,9,6.4,34.03,Medio,-4.87,70.63,9.44
S3500,Emma,Brown,student2500@university.com,Female,21,Mathematics,50.51,59.61,68.43,53.17,86.68,2.57,83.49,76.87,F,16.5,No,Yes,Master'S,Low,3,8.3,40.63,Medio,8.82,62.26,4.66
S3501,Omar,Smith,student2501@university.com,Female,22,Mathematics,64.39,74.0,69.07,98.23,94.01,9.65,92.29,76.77,F,13.7,No,Yes,Unknown,Medium,3,8.5,32.86,Medio,-4.93,95.26,5.6
S3502,Ali,Brown,student2502@university.com,Male,20,Mathematics,51.53,63.85,83.02,50.0,52.36,8.24,93.55,59.89,C,26.7,No,Yes,Bachelor'S,Low,4,5.5,36.13,Medio,19.17,69.58,2.24
S3503,Emma,Williams,student2503@university.com,Male,18,Business,54.71,44.44,61.72,66.27,52.11,1.1,51.03,64.16,F,25.1,Yes,Yes,Master'S,Medium,8,6.2,50.53,Medio,17.28,45.1,2.56
S3504,Emma,Davis,student2504@university.com,Female,18,Cs,60.94,61.77,61.19,83.98,82.17,7.49,90.91,74.38,F,18.8,Yes,Yes,Master'S,High,3,6.9,35.18,Medio,-0.58,82.99,3.96
S3505,Omar,Williams,student2505@university.com,Male,18,Cs,75.18,64.48,85.42,52.26,77.4,3.53,92.66,83.89,F,15.4,No,Yes,Master'S,High,2,5.7,28.87,Bajo,20.94,64.4,5.45
S3506,Ali,Davis,student2506@university.com,Female,18,Cs,92.38,93.74,86.8,54.17,57.77,7.5,79.78,63.6,A,22.1,Yes,Yes,Bachelor'S,Medium,6,5.6,19.61,Bajo,-6.94,66.68,2.88
S3507,Emma,Williams,student2507@university.com,Male,21,Cs,93.1,59.47,40.86,53.83,77.41,8.01,74.0,90.31,A,28.8,No,Yes,Bachelor'S,High,3,5.9,19.62,Bajo,-18.61,71.34,3.14
S3508,Maria,Jones,student2508@university.com,Female,22,Mathematics,80.81,62.75,48.63,74.81,98.72,1.51,55.55,90.53,B,7.5,Yes,Yes,Bachelor'S,Medium,9,6.1,46.92,Medio,-14.12,61.04,12.07
S3509,Maria,Williams,student2509@university.com,Male,19,Business,96.41,86.97,52.79,94.8,81.55,6.62,61.98,63.69,A,27.5,No,Yes,Unknown,High,10,5.3,26.42,Bajo,-34.18,76.13,2.32
S3510,Maria,Jones,student2510@university.com,Male,22,Business,75.0,85.54,61.1,74.81,72.46,8.63,74.52,78.0,D,12.4,Yes,Yes,Master'S,High,9,6.4,39.67,Medio,-24.44,77.02,6.29
S3511,Ali,Jones,student2511@university.com,Female,18,Cs,75.725,87.9,57.49,80.18,91.38,3.23,93.25,67.45,F,5.1,No,Yes,Phd,Low,10,7.9,44.58,Medio,-30.41,74.28,13.23
S3512,Emma,Brown,student2512@university.com,Female,23,Mathematics,72.7,97.23,80.11,67.3,60.64,0.8,90.16,59.53,C,23.5,No,Yes,Unknown,Medium,6,7.1,24.75,Bajo,-17.12,56.52,2.53
S3513,Liam,Smith,student2513@university.com,Female,21,Business,63.86,87.73,89.69,50.94,70.72,0.27,74.8,90.3,C,24.7,No,Yes,Unknown,Low,5,5.9,27.87,Bajo,1.96,49.79,3.66
S3514,Ali,Davis,student2514@university.com,Male,23,Cs,95.82,64.46,51.53,51.08,76.39,1.1,89.28,99.57,A,12.6,No,Yes,Unknown,Low,2,4.8,23.05,Bajo,-12.93,56.94,7.9
S3515,Maria,Brown,student2515@university.com,Female,21,Business,69.4,89.29,73.78,94.42,75.23,0.04,88.29,78.29,F,24.5,Yes,Yes,Bachelor'S,Medium,8,8.1,32.23,Medio,-15.51,64.59,3.2
S3516,Omar,Brown,student2516@university.com,Female,18,Cs,75.17,70.52,62.07,55.13,96.05,3.27,78.95,95.7,D,25.0,No,Yes,Unknown,Low,3,6.6,24.48,Bajo,-8.45,65.71,3.83
S3517,Emma,Jones,student2517@university.com,Male,21,Cs,66.44,56.66,70.35,74.81,64.63,2.99,61.02,82.11,D,21.9,No,Yes,Master'S,Low,5,8.9,37.69,Medio,13.69,57.59,3.75
S3518,Emma,Jones,student2518@university.com,Female,18,Engineering,83.14,58.18,77.25,58.22,52.83,1.1,67.4,78.29,B,6.0,Yes,Yes,Bachelor'S,Medium,10,5.3,50.45,Medio,19.07,47.36,13.05
S3519,Ahmed,Davis,student2519@university.com,Female,22,Engineering,99.75,53.43,93.62,83.73,95.82,6.51,58.2,74.01,A,21.7,Yes,Yes,Master'S,Low,4,4.9,24.88,Bajo,40.19,75.71,3.41
S3520,Ahmed,Williams,student2520@university.com,Female,24,Cs,75.725,48.7,51.54,97.45,60.85,9.92,50.36,61.79,C,28.3,No,Yes,Phd,High,3,4.0,29.18,Bajo,2.84,76.96,2.18
S3521,Sara,Williams,student2521@university.com,Male,20,Cs,94.99,51.07,45.22,68.11,68.95,9.01,54.03,54.21,B,20.5,No,Yes,Unknown,High,3,4.4,25.63,Bajo,-5.85,70.3,2.64
S3522,Liam,Brown,student2522@university.com,Male,21,Mathematics,50.2,43.79,77.63,86.72,76.54,2.53,87.98,72.12,F,14.2,No,Yes,Master'S,High,9,5.9,59.97,Alto,33.84,69.14,5.08
S3523,Liam,Johnson,student2523@university.com,Male,18,Engineering,68.21,93.31,63.65,67.54,98.79,7.7,51.67,78.07,B,19.1,No,No,Unknown,High,2,5.0,20.81,Bajo,-29.66,73.75,4.09
S3524,John,Johnson,student2524@university.com,Female,23,Business,58.43,95.86,49.77,65.25,76.76,9.37,69.99,75.47,C,29.8,No,Yes,Bachelor'S,Medium,3,4.2,20.34,Bajo,-46.09,76.42,2.53
S3525,Liam,Williams,student2525@university.com,Male,18,Cs,87.87,75.21,47.03,60.09,72.39,9.06,99.29,84.78,B,16.8,No,Yes,Master'S,Medium,5,5.1,27.17,Bajo,-28.18,80.59,5.05
S3526,Ahmed,Johnson,student2526@university.com,Female,23,Cs,52.53,90.43,73.53,91.05,79.18,8.85,89.76,59.6,C,26.0,No,Yes,High School,Low,4,7.6,28.15,Bajo,-16.9,87.12,2.29
S3527,Ali,Williams,student2527@university.com,Female,21,Cs,77.67,51.01,58.03,74.81,98.54,7.86,87.53,67.71,B,8.5,Yes,Yes,Master'S,Low,9,7.7,51.04,Medio,7.02,84.87,7.97
S3528,Liam,Jones,student2528@university.com,Female,19,Cs,64.75,94.1,99.85,64.16,90.9,2.93,63.74,70.78,D,6.4,Yes,Yes,Unknown,Medium,5,4.7,34.8,Medio,5.75,62.03,11.06
S3529,Ahmed,Brown,student2529@university.com,Male,23,Cs,56.68,70.38,64.35,99.95,58.45,0.84,82.09,59.33,F,14.8,No,Yes,Bachelor'S,Medium,10,8.7,51.65,Medio,-6.03,62.22,4.01
S3530,Sara,Smith,student2530@university.com,Male,18,Cs,75.725,44.03,52.74,66.37,90.16,4.88,74.94,95.32,F,8.4,Yes,No,Unknown,Low,5,4.8,44.98,Medio,8.71,70.07,11.35
S3531,Emma,Brown,student2531@university.com,Female,21,Engineering,60.87,48.48,77.73,71.14,92.05,0.55,81.19,84.08,A,13.3,No,Yes,Unknown,Low,7,4.4,50.83,Medio,29.25,62.47,6.32
S3532,Liam,Williams,student2532@university.com,Female,18,Cs,61.18,58.54,54.66,99.5,84.53,9.98,71.79,54.59,D,22.9,No,Yes,Unknown,Low,4,4.8,36.24,Medio,-3.88,88.91,2.38
S3533,Sara,Williams,student2533@university.com,Male,19,Business,63.75,42.61,69.65,68.47,82.86,3.58,76.55,85.64,D,16.1,No,No,Unknown,Low,5,4.7,45.74,Medio,27.04,65.92,5.32
S3534,Emma,Brown,student2534@university.com,Male,20,Cs,79.34,58.56,68.95,68.31,72.04,9.58,99.42,77.39,B,13.0,No,Yes,Unknown,High,1,7.2,28.16,Bajo,10.39,83.89,5.95
S3535,Omar,Davis,student2535@university.com,Male,24,Engineering,82.98,43.6,67.21,91.39,82.08,7.73,66.47,76.2,D,27.3,No,Yes,Master'S,Medium,7,4.8,37.56,Medio,23.61,79.31,2.79
S3536,Omar,Williams,student2536@university.com,Female,24,Cs,50.88,54.16,87.77,65.6,86.88,4.11,60.82,99.49,F,5.2,No,Yes,Unknown,Low,4,7.2,50.01,Medio,33.61,63.6,19.13
S3537,Emma,Johnson,student2537@university.com,Male,19,Engineering,62.09,55.94,53.0,61.69,56.14,1.18,72.42,80.91,C,25.4,No,Yes,Bachelor'S,Low,2,5.4,31.01,Medio,-2.94,50.51,3.19
S3538,Liam,Johnson,student2538@university.com,Male,22,Cs,75.725,99.66,94.26,74.81,62.87,2.37,76.22,94.84,C,20.5,No,Yes,High School,Low,7,5.2,26.68,Bajo,-5.4,59.4,4.63
S3539,John,Williams,student2539@university.com,Male,21,Mathematics,66.6,54.13,87.48,85.03,59.7,6.73,54.28,95.68,B,6.2,No,Yes,High School,Medium,8,8.5,52.91,Medio,33.35,66.58,15.43
S3540,Ahmed,Williams,student2540@university.com,Female,19,Business,94.21,54.35,59.99,52.16,92.06,8.3,90.3,55.07,A,5.9,No,Yes,Bachelor'S,Low,9,5.1,45.55,Medio,5.64,79.38,9.33
S3541,Ali,Davis,student2541@university.com,Male,20,Engineering,89.39,81.21,50.84,68.7,84.0,9.79,71.1,50.42,A,9.3,Yes,Yes,Unknown,Medium,8,8.3,35.26,Medio,-30.37,80.42,5.42
S3542,Ali,Johnson,student2542@university.com,Female,18,Cs,81.29,91.56,56.77,67.31,72.54,1.32,70.66,71.76,F,29.4,No,Yes,Phd,Medium,8,5.5,24.94,Bajo,-34.79,55.93,2.44
S3543,Maria,Williams,student2543@university.com,Female,21,Engineering,66.9,63.22,59.96,62.24,91.3,1.56,82.94,88.46,D,7.1,Yes,Yes,High School,Low,8,9.0,49.62,Medio,-3.26,63.02,12.46
S3544,Emma,Williams,student2544@university.com,Female,23,Business,85.03,92.54,73.42,82.71,85.84,0.42,88.66,91.21,A,23.5,No,Yes,Master'S,Medium,7,8.9,24.06,Bajo,-19.12,65.35,3.88
S3545,Ali,Davis,student2545@university.com,Male,19,Cs,92.18,60.41,42.78,64.5,95.68,2.6,99.3,89.37,A,15.0,No,Yes,High School,Medium,2,8.1,24.34,Bajo,-17.63,71.37,5.96
S3546,Liam,Davis,student2546@university.com,Male,20,Engineering,79.74,51.82,94.86,80.34,53.84,8.21,58.68,72.36,B,10.9,Yes,Yes,Phd,High,2,8.3,33.32,Medio,43.04,68.74,6.64
S3547,John,Brown,student2547@university.com,Male,19,Business,89.22,59.78,45.92,75.22,75.46,1.98,67.28,87.5,A,19.4,No,Yes,Bachelor'S,Medium,9,8.1,38.92,Medio,-13.86,59.44,4.51
S3548,Emma,Davis,student2548@university.com,Female,22,Business,87.46,76.56,56.76,60.86,85.34,5.48,58.41,85.94,A,14.2,No,Yes,Unknown,Medium,1,7.1,19.32,Bajo,-19.8,64.85,6.05
S3549,John,Smith,student2549@university.com,Male,24,Business,78.59,62.03,46.56,63.33,60.37,4.46,94.04,65.69,C,12.8,No,Yes,Unknown,Medium,1,8.0,27.48,Bajo,-15.47,65.58,5.13
S3550,Liam,Johnson,student2550@university.com,Female,24,Business,75.725,80.37,55.4,58.53,66.36,3.26,77.42,58.44,D,11.0,No,Yes,Bachelor'S,Low,7,7.1,37.22,Medio,-24.97,58.73,5.31
S3551,Ali,Brown,student2551@university.com,Male,21,Mathematics,87.29,54.22,90.26,52.83,70.95,6.18,92.62,81.07,A,16.4,No,Yes,Unknown,High,10,8.2,44.98,Medio,36.04,69.55,4.94
S3552,Ali,Smith,student2552@university.com,Male,18,Engineering,60.34,82.06,76.91,80.96,89.72,5.02,99.26,83.85,C,9.2,No,Yes,Bachelor'S,Medium,6,8.7,40.77,Medio,-5.15,80.04,9.11
S3553,Maria,Williams,student2553@university.com,Male,20,Engineering,75.725,60.85,53.64,83.64,74.68,3.35,77.51,78.4,F,26.3,No,Yes,Bachelor'S,Medium,6,7.8,33.2,Medio,-7.21,67.33,2.98
S3554,Ali,Williams,student2554@university.com,Male,19,Business,90.23,67.35,92.31,58.3,74.64,6.89,55.91,60.66,A,19.8,No,Yes,High School,Medium,8,8.8,33.87,Medio,24.96,64.44,3.06
S3555,Emma,Brown,student2555@university.com,Female,21,Engineering,91.11,73.46,88.04,80.77,71.54,2.8,68.06,63.83,A,6.6,Yes,Yes,Master'S,Low,4,6.2,29.44,Bajo,14.58,62.09,9.67
S3556,Liam,Davis,student2556@university.com,Female,19,Mathematics,73.65,81.17,85.22,99.1,61.43,6.43,51.81,85.42,C,16.4,No,No,Unknown,High,5,8.6,30.56,Medio,4.05,69.16,5.21
S3557,Omar,Williams,student2557@university.com,Female,21,Cs,59.62,54.32,90.86,53.72,96.15,9.57,92.47,98.13,C,20.7,No,No,High School,High,5,5.1,41.38,Medio,36.54,84.51,4.74
S3558,Liam,Jones,student2558@university.com,Female,24,Cs,54.99,90.16,77.18,74.52,65.89,7.29,50.89,97.24,D,26.5,No,No,Phd,Low,6,4.2,31.57,Medio,-12.98,66.05,3.67
S3559,Emma,Brown,student2559@university.com,Male,22,Cs,87.17,83.31,70.09,86.65,78.37,4.18,79.61,75.98,B,5.6,No,Yes,High School,Medium,1,4.6,21.7,Bajo,-13.22,71.61,13.57
S3560,Emma,Smith,student2560@university.com,Female,19,Cs,94.31,54.05,62.44,52.3,57.44,7.48,55.31,94.33,A,16.4,No,Yes,High School,Low,4,4.8,29.24,Bajo,8.39,59.96,5.75
S3561,Maria,Brown,student2561@university.com,Female,22,Cs,82.54,98.5,53.43,88.91,71.71,8.09,50.38,51.47,F,22.6,No,Yes,Bachelor'S,Low,3,8.1,14.71,Bajo,-45.07,72.98,2.28
S3562,Maria,Johnson,student2562@university.com,Female,23,Business,57.21,79.89,73.44,98.98,95.19,3.26,62.81,93.06,F,9.9,Yes,Yes,Master'S,Low,7,6.0,44.39,Medio,-6.45,72.4,9.4
S3563,Ali,Davis,student2563@university.com,Male,23,Cs,96.74,67.15,93.37,54.42,99.77,7.05,77.59,73.81,A,10.5,Yes,Yes,High School,High,1,5.2,20.75,Bajo,26.22,75.57,7.03
S3564,Sara,Davis,student2564@university.com,Female,24,Business,99.46,49.45,75.64,91.11,68.09,4.34,53.75,89.08,A,17.2,No,Yes,Unknown,Medium,2,8.1,23.98,Bajo,26.19,64.09,5.18
S3565,Liam,Brown,student2565@university.com,Female,20,Engineering,71.67,71.99,95.18,68.93,57.7,8.19,80.74,50.28,D,27.1,Yes,Yes,Bachelor'S,Medium,8,5.0,35.32,Medio,23.19,72.32,1.86
S3566,Liam,Williams,student2566@university.com,Male,22,Cs,79.74,49.89,61.42,57.21,65.72,2.95,83.6,93.43,F,15.0,No,Yes,High School,High,2,4.4,31.85,Medio,11.53,59.01,6.23
S3567,Sara,Williams,student2567@university.com,Male,21,Cs,75.725,65.77,81.71,74.66,66.36,9.38,98.48,79.75,B,17.1,Yes,Yes,Unknown,Medium,9,6.3,42.99,Medio,15.94,83.32,4.66
S3568,Maria,Jones,student2568@university.com,Female,20,Engineering,75.725,64.52,78.92,53.58,82.23,5.75,94.98,62.01,B,20.9,No,Yes,Unknown,Low,4,4.3,30.36,Medio,14.4,72.07,2.97
S3569,Ali,Jones,student2569@university.com,Female,19,Business,98.39,83.2,80.23,76.11,74.81,3.53,78.34,67.37,B,12.8,No,Yes,High School,Low,3,5.4,18.65,Bajo,-2.97,66.14,5.26
S3570,Sara,Davis,student2570@university.com,Male,19,Business,55.74,51.54,78.7,50.97,88.42,4.19,89.67,60.03,C,26.7,No,No,Unknown,Low,4,7.5,38.35,Medio,27.16,67.74,2.25
S3571,Ali,Jones,student2571@university.com,Female,21,Business,79.04,89.31,53.3,86.43,85.07,3.48,68.18,71.22,A,29.0,No,Yes,Unknown,Low,9,5.9,28.82,Bajo,-36.01,68.62,2.46
S3572,Ali,Smith,student2572@university.com,Male,18,Mathematics,84.6,59.57,48.62,74.4,62.57,1.46,79.29,66.5,C,21.3,No,Yes,Phd,High,7,4.4,35.2,Medio,-10.95,57.72,3.12
S3573,Ali,Jones,student2573@university.com,Female,18,Engineering,94.5,66.64,98.72,72.95,89.21,0.68,70.17,76.73,B,21.0,No,Yes,Bachelor'S,Medium,4,6.0,23.1,Bajo,32.08,59.78,3.65
S3574,Ahmed,Smith,student2574@university.com,Female,19,Mathematics,75.725,86.34,42.72,59.81,92.37,3.22,66.85,90.74,A,21.8,No,No,Master'S,Low,7,6.6,30.03,Medio,-43.62,62.81,4.16
S3575,Emma,Jones,student2575@university.com,Female,24,Business,98.9,77.52,68.06,68.06,79.92,4.59,86.38,99.11,A,9.8,Yes,Yes,Master'S,Medium,8,5.3,32.78,Medio,-9.46,70.06,10.11
S3576,Ali,Davis,student2576@university.com,Female,24,Business,75.6,58.48,65.5,59.09,96.38,3.62,64.83,62.57,B,23.3,Yes,Yes,High School,Low,8,4.9,39.9,Medio,7.02,64.12,2.69
S3577,Ahmed,Davis,student2577@university.com,Female,21,Cs,91.54,63.17,61.6,86.77,89.15,0.14,69.03,55.33,A,13.7,Yes,Yes,Phd,Low,6,7.8,33.27,Medio,-1.57,61.59,4.04
S3578,Maria,Smith,student2578@university.com,Male,18,Mathematics,71.36,58.35,86.92,59.95,79.77,5.79,68.36,69.78,F,29.8,Yes,No,Unknown,Low,1,4.3,22.62,Bajo,28.57,66.5,2.34
S3579,Sara,Brown,student2579@university.com,Male,22,Engineering,71.12,75.69,84.72,80.84,95.31,1.45,93.52,57.18,D,23.8,No,Yes,High School,High,10,8.8,40.5,Medio,9.03,71.04,2.4
S3580,Emma,Davis,student2580@university.com,Female,19,Business,62.67,59.96,94.31,63.98,80.02,2.11,58.52,91.71,A,19.6,No,Yes,Bachelor'S,Low,3,4.0,34.72,Medio,34.35,55.9,4.68
S3581,Omar,Brown,student2581@university.com,Female,23,Cs,90.91,83.54,63.73,82.85,76.06,1.21,69.07,75.06,B,27.8,Yes,Yes,Master'S,High,6,7.3,20.33,Bajo,-19.81,60.02,2.7
S3582,Sara,Williams,student2582@university.com,Female,22,Cs,99.29,74.79,73.85,77.02,67.81,5.2,94.39,81.0,A,29.3,No,Yes,Master'S,Medium,1,4.7,8.16,Bajo,-0.94,72.8,2.76
S3583,Emma,Smith,student2583@university.com,Male,21,Cs,62.82,48.74,93.54,71.17,94.14,0.95,50.77,57.53,B,25.5,No,No,Unknown,Medium,5,6.7,39.53,Medio,44.8,56.4,2.26
S3584,Omar,Davis,student2584@university.com,Male,23,Cs,52.81,58.62,99.63,83.65,56.14,2.56,97.39,87.48,D,23.9,No,Yes,Unknown,High,2,4.9,34.2,Medio,41.01,65.7,3.66
S3585,Sara,Johnson,student2585@university.com,Male,22,Cs,90.78,53.29,98.16,70.79,73.68,4.52,94.95,98.68,A,6.5,No,Yes,Unknown,Low,1,4.2,28.99,Bajo,44.87,71.16,15.18
S3586,Emma,Williams,student2586@university.com,Male,18,Business,81.01,63.42,83.07,91.07,76.87,1.68,70.89,74.12,F,22.7,Yes,Yes,Master'S,High,10,8.3,41.27,Medio,19.65,63.91,3.27
S3587,Sara,Brown,student2587@university.com,Male,24,Cs,97.98,70.96,48.59,74.81,77.74,4.46,82.65,98.12,B,13.4,Yes,Yes,Bachelor'S,Low,3,6.1,22.16,Bajo,-22.37,69.95,7.32
S3588,Sara,Davis,student2588@university.com,Male,18,Cs,62.61,70.41,41.39,77.03,82.59,3.43,99.55,51.74,B,28.2,No,Yes,Phd,High,2,5.4,25.09,Bajo,-29.02,73.37,1.83
S3589,Omar,Smith,student2589@university.com,Male,23,Cs,53.55,85.27,89.51,93.85,75.29,8.61,77.75,51.79,D,20.3,No,Yes,Unknown,High,6,8.7,36.64,Medio,4.24,83.25,2.55
S3590,Sara,Jones,student2590@university.com,Male,20,Engineering,74.62,51.35,90.46,91.44,62.84,7.95,54.84,98.0,B,14.3,No,Yes,Master'S,High,6,4.4,42.44,Medio,39.11,72.16,6.85
S3591,Sara,Johnson,student2591@university.com,Female,24,Cs,54.27,96.79,84.78,76.59,92.85,9.93,92.68,85.01,D,13.5,No,Yes,Master'S,High,7,5.7,38.55,Medio,-12.01,90.36,6.3
S3592,Omar,Brown,student2592@university.com,Male,19,Cs,63.09,60.57,56.8,53.42,82.88,5.29,56.71,59.43,F,18.9,No,Yes,High School,Low,7,4.9,43.63,Medio,-3.77,61.48,3.14
S3593,Maria,Williams,student2593@university.com,Male,23,Engineering,56.3,58.01,78.39,78.3,92.91,5.75,62.86,68.19,C,17.3,No,Yes,Unknown,High,5,9.0,43.13,Medio,20.38,72.89,3.94
S3594,Ali,Smith,student2594@university.com,Male,21,Engineering,75.725,81.11,58.97,67.76,63.8,9.47,93.68,75.39,D,14.8,No,Yes,Master'S,Low,3,6.7,26.21,Bajo,-22.14,79.98,5.09
S3595,Liam,Johnson,student2595@university.com,Male,19,Cs,55.31,88.33,67.04,77.01,81.85,4.0,62.8,85.13,F,10.2,No,No,Master'S,Medium,6,8.1,40.15,Medio,-21.29,65.42,8.35
S3596,John,Smith,student2596@university.com,Female,22,Cs,97.7,62.71,62.95,82.36,85.71,5.56,87.25,92.1,A,24.9,No,Yes,Master'S,High,3,4.8,18.99,Bajo,0.24,77.73,3.7
S3597,Ahmed,Davis,student2597@university.com,Male,24,Cs,63.93,84.81,94.82,82.24,69.17,3.79,72.38,54.13,D,15.8,Yes,Yes,Unknown,Low,5,5.5,33.17,Medio,10.01,65.42,3.43
S3598,John,Jones,student2598@university.com,Female,21,Mathematics,72.19,93.02,54.05,83.68,90.61,5.46,87.99,82.83,B,7.5,Yes,Yes,Master'S,Low,3,7.1,27.52,Bajo,-38.97,79.22,11.04
S3599,John,Williams,student2599@university.com,Female,21,Cs,94.93,86.01,74.66,83.96,50.13,0.81,61.62,73.84,A,7.1,No,Yes,Master'S,High,6,4.9,28.53,Bajo,-11.35,50.95,10.4
S3600,Emma,Smith,student2600@university.com,Female,18,Engineering,83.87,42.05,61.66,55.46,79.75,7.84,70.98,79.88,A,11.0,Yes,No,High School,Low,4,6.5,39.2,Medio,19.61,71.15,7.26
S3601,Ali,Brown,student2601@university.com,Male,22,Cs,80.9,89.64,79.78,59.59,80.68,9.85,65.91,75.43,F,18.8,No,Yes,Bachelor'S,Low,9,8.7,33.17,Medio,-9.86,76.17,4.01
S3602,Emma,Davis,student2602@university.com,Male,18,Engineering,85.28,86.47,73.87,81.53,76.69,0.66,62.45,72.53,A,8.7,No,Yes,Phd,Medium,2,8.7,22.08,Bajo,-12.6,56.82,8.34
S3603,Ali,Davis,student2603@university.com,Male,18,Cs,91.44,80.16,95.44,74.81,81.5,8.01,65.72,60.28,A,10.4,No,No,Unknown,High,7,5.8,32.08,Medio,15.28,75.53,5.8
S3604,Omar,Williams,student2604@university.com,Female,24,Cs,93.88,85.6,46.1,88.14,58.36,2.42,66.15,73.62,A,17.5,No,Yes,Unknown,High,5,6.6,21.6,Bajo,-39.5,59.21,4.21
S3605,Omar,Davis,student2605@university.com,Female,20,Engineering,82.13,98.77,53.24,56.25,84.24,1.98,97.77,59.48,F,10.4,No,No,Unknown,Medium,9,5.0,34.2,Medio,-45.53,64.52,5.72
S3606,Liam,Brown,student2606@university.com,Female,18,Cs,94.5,65.87,85.98,59.58,66.79,6.93,76.66,52.23,A,26.5,No,Yes,Bachelor'S,Medium,10,8.9,33.91,Medio,20.11,68.08,1.97
S3607,Ali,Smith,student2607@university.com,Female,19,Cs,76.77,44.03,62.13,77.92,72.6,0.44,73.1,68.69,B,19.8,Yes,Yes,Unknown,High,5,6.6,38.91,Medio,18.1,57.0,3.47
S3608,Sara,Williams,student2608@university.com,Male,21,Engineering,63.86,67.65,49.95,75.04,66.66,4.63,75.17,51.25,F,7.1,No,Yes,High School,Medium,5,5.0,42.69,Medio,-17.7,65.79,7.22
S3609,Maria,Davis,student2609@university.com,Male,24,Mathematics,94.0,42.79,70.2,63.32,73.7,0.01,99.81,78.13,A,8.5,No,Yes,Unknown,Medium,2,8.2,32.24,Medio,27.41,59.23,9.19
S3610,Liam,Davis,student2610@university.com,Male,18,Cs,75.725,57.66,79.13,70.42,81.08,5.54,82.68,53.62,C,9.9,No,Yes,Bachelor'S,Low,3,6.1,35.69,Medio,21.47,72.4,5.42
S3611,Liam,Brown,student2611@university.com,Female,23,Engineering,95.31,75.21,42.69,51.75,91.92,4.62,85.17,71.88,B,20.7,Yes,No,Unknown,High,6,7.2,24.84,Bajo,-32.52,68.76,3.47
S3612,Sara,Jones,student2612@university.com,Female,19,Mathematics,52.01,58.58,57.5,51.85,74.17,9.15,65.68,99.01,D,7.6,No,No,High School,Medium,4,8.2,47.09,Medio,-1.08,70.8,13.03
S3613,Maria,Jones,student2613@university.com,Male,22,Business,69.88,81.12,88.57,54.75,66.16,7.2,73.58,50.49,D,6.1,No,No,Master'S,Medium,3,5.5,32.6,Medio,7.45,66.62,8.28
S3614,Emma,Davis,student2614@university.com,Male,21,Engineering,97.39,89.32,71.21,74.81,74.4,1.26,59.2,68.34,A,23.2,No,Yes,Unknown,Low,5,6.9,16.41,Bajo,-18.11,55.25,2.95
S3615,Maria,Smith,student2615@university.com,Female,24,Business,62.48,65.23,42.12,93.19,84.44,3.55,84.26,83.66,C,17.0,No,Yes,Bachelor'S,Medium,9,4.3,47.84,Medio,-23.11,74.35,4.92
S3616,Emma,Williams,student2616@university.com,Male,23,Cs,75.725,94.01,56.92,63.01,67.34,9.32,67.22,57.95,C,26.2,Yes,Yes,Unknown,Medium,3,5.2,16.64,Bajo,-37.09,72.69,2.21
S3617,Omar,Davis,student2617@university.com,Male,24,Engineering,97.7,44.79,78.35,51.7,70.71,7.25,87.41,78.04,A,24.8,Yes,Yes,High School,Low,7,4.7,33.3,Medio,33.56,70.58,3.15
S3618,John,Johnson,student2618@university.com,Female,24,Cs,94.11,90.41,51.96,74.81,78.14,5.94,60.66,62.91,A,11.8,No,Yes,Unknown,High,9,7.2,31.82,Medio,-38.45,68.25,5.33
S3619,Omar,Williams,student2619@university.com,Female,23,Cs,78.18,89.71,89.64,92.77,64.7,5.59,70.18,61.14,A,9.8,No,Yes,Master'S,High,4,5.3,27.49,Bajo,-0.07,70.89,6.24
S3620,Omar,Jones,student2620@university.com,Female,22,Engineering,82.35,59.32,80.59,56.91,60.45,3.98,73.56,94.75,B,17.9,Yes,Yes,Unknown,Low,7,7.8,37.76,Medio,21.27,57.68,5.29
S3621,John,Davis,student2621@university.com,Male,23,Cs,75.725,57.92,68.28,69.29,57.02,5.85,58.33,60.16,F,7.0,No,Yes,Unknown,Low,7,7.8,45.95,Medio,10.36,60.78,8.59
S3622,Maria,Brown,student2622@university.com,Female,19,Engineering,88.79,58.31,94.94,57.94,67.63,7.72,53.48,68.83,A,20.8,No,No,Phd,Low,3,7.9,25.47,Bajo,36.63,64.06,3.31
S3623,Liam,Johnson,student2623@university.com,Male,24,Engineering,81.5,88.68,63.51,74.81,52.42,1.28,65.85,58.48,C,5.3,Yes,Yes,Unknown,Medium,1,4.7,22.22,Bajo,-25.17,51.47,11.03
S3624,Maria,Davis,student2624@university.com,Male,22,Engineering,99.11,89.9,54.1,82.41,79.17,9.7,77.24,64.19,A,25.1,Yes,Yes,High School,Medium,4,6.6,12.46,Bajo,-35.8,83.96,2.56
S3625,Emma,Smith,student2625@university.com,Female,24,Cs,84.28,59.78,79.68,98.38,58.8,2.39,82.63,64.66,B,27.3,No,No,Master'S,Medium,9,7.4,36.7,Medio,19.9,65.93,2.37
S3626,Sara,Johnson,student2626@university.com,Male,23,Cs,98.77,75.56,74.4,83.91,68.87,4.48,71.26,66.34,B,29.9,No,No,Bachelor'S,Low,10,5.6,27.81,Bajo,-1.16,67.21,2.22
S3627,Emma,Davis,student2627@university.com,Female,22,Engineering,52.87,48.34,60.11,99.24,63.46,0.23,75.01,82.05,D,13.6,Yes,Yes,Master'S,Low,7,5.3,53.53,Medio,11.77,60.0,6.03
S3628,Sara,Smith,student2628@university.com,Female,22,Mathematics,56.95,68.13,60.62,71.72,81.52,5.5,77.16,87.13,F,19.0,No,Yes,Unknown,Medium,10,7.6,50.13,Medio,-7.51,71.35,4.59
S3629,Omar,Johnson,student2629@university.com,Male,18,Cs,72.57,99.93,63.89,94.89,92.52,3.82,75.6,75.53,A,26.6,Yes,Yes,High School,High,6,5.8,22.43,Bajo,-36.04,75.3,2.84
S3630,John,Smith,student2630@university.com,Male,18,Cs,69.24,49.53,57.47,60.25,81.67,2.5,54.52,80.52,A,16.6,Yes,No,Phd,High,5,5.2,41.5,Medio,7.94,55.36,4.85
S3631,Omar,Smith,student2631@university.com,Female,18,Business,89.14,96.85,82.61,74.81,77.13,9.86,70.25,90.66,B,13.2,No,Yes,Bachelor'S,Medium,10,6.8,33.15,Medio,-14.24,80.2,6.87
S3632,Ali,Johnson,student2632@university.com,Female,23,Cs,58.03,89.46,79.08,85.13,83.45,4.28,60.22,99.98,C,6.2,No,Yes,High School,Low,10,7.1,49.75,Medio,-10.38,67.9,16.13
S3633,Maria,Johnson,student2633@university.com,Female,21,Business,98.8,98.33,66.45,68.57,51.5,4.14,76.69,72.83,A,14.9,No,Yes,High School,Low,1,7.9,8.47,Bajo,-31.88,59.54,4.89
S3634,Sara,Smith,student2634@university.com,Female,19,Engineering,65.75,50.77,63.87,74.81,56.14,4.63,87.9,96.82,C,7.0,No,Yes,High School,Medium,4,4.2,44.92,Medio,13.1,66.29,13.83
S3635,Emma,Jones,student2635@university.com,Female,23,Engineering,75.725,52.81,61.9,83.56,54.75,1.16,78.97,74.52,A,14.1,Yes,Yes,Unknown,Low,3,4.9,35.05,Medio,9.09,57.22,5.29
S3636,John,Johnson,student2636@university.com,Female,24,Cs,63.74,41.01,57.01,66.67,54.91,3.93,61.09,89.1,F,13.6,No,Yes,Unknown,Low,3,7.9,43.03,Medio,16.0,55.49,6.55
S3637,Sara,Davis,student2637@university.com,Male,18,Cs,78.97,83.48,45.14,78.63,63.02,3.36,60.39,78.66,C,21.2,No,Yes,Phd,High,1,6.7,16.72,Bajo,-38.34,58.91,3.71
S3638,Emma,Williams,student2638@university.com,Male,22,Cs,52.93,78.65,56.09,64.97,76.6,4.65,51.85,94.2,C,14.2,No,Yes,Phd,Low,3,8.0,35.22,Medio,-22.56,59.98,6.63
S3639,Maria,Brown,student2639@university.com,Male,23,Business,75.725,50.68,59.27,89.19,55.73,8.57,71.32,72.44,B,14.6,No,No,Bachelor'S,High,10,6.2,50.99,Medio,8.59,75.48,4.96
S3640,Omar,Smith,student2640@university.com,Male,22,Business,87.29,87.47,72.86,65.62,96.76,1.93,71.64,84.79,A,12.2,Yes,Yes,Unknown,Low,10,6.3,37.11,Medio,-14.61,63.33,6.95
S3641,Maria,Smith,student2641@university.com,Female,24,Engineering,59.33,57.95,86.43,76.75,92.71,6.08,61.82,73.32,D,20.2,No,Yes,Master'S,Low,8,5.9,47.31,Medio,28.48,73.02,3.63
S3642,Ahmed,Brown,student2642@university.com,Male,22,Business,61.78,48.1,63.74,74.81,98.58,0.38,88.21,92.85,C,14.7,No,Yes,Phd,Medium,4,7.5,43.26,Medio,15.64,66.35,6.32
S3643,Ali,Jones,student2643@university.com,Male,22,Cs,75.725,65.35,96.69,89.59,52.13,3.17,69.32,99.72,A,28.7,Yes,Yes,Master'S,Low,7,7.0,32.87,Medio,31.34,60.68,3.47
S3644,Ahmed,Brown,student2644@university.com,Female,20,Engineering,75.725,45.46,89.64,81.02,92.57,4.73,83.47,62.17,D,27.3,No,Yes,Unknown,High,2,6.0,28.43,Bajo,44.18,76.09,2.28
S3645,John,Johnson,student2645@university.com,Male,21,Engineering,71.87,55.79,99.09,59.61,90.19,0.74,82.0,73.72,A,10.9,Yes,Yes,High School,Medium,7,4.9,45.99,Medio,43.3,59.8,6.76
S3646,Sara,Brown,student2646@university.com,Female,19,Business,75.725,62.28,92.57,60.77,95.11,5.44,80.24,54.06,B,15.1,No,Yes,High School,Medium,6,4.0,38.37,Medio,30.29,72.63,3.58
S3647,John,Smith,student2647@university.com,Female,19,Cs,67.34,91.11,77.0,74.81,76.4,3.1,95.4,57.05,A,20.9,No,Yes,Phd,Medium,8,4.5,34.2,Medio,-14.11,69.4,2.73
S3648,Omar,Brown,student2648@university.com,Female,18,Engineering,84.95,87.55,75.91,78.83,89.39,9.93,50.79,96.46,F,5.4,No,Yes,High School,High,8,4.5,36.86,Medio,-11.64,79.58,17.86
S3649,Emma,Williams,student2649@university.com,Female,20,Business,54.51,66.57,47.77,77.42,52.56,6.31,53.4,77.18,C,10.7,Yes,No,Unknown,High,8,6.8,51.16,Medio,-18.8,61.62,7.21
S3650,Maria,Davis,student2650@university.com,Female,23,Engineering,94.42,83.47,83.34,63.69,53.79,2.44,86.11,69.76,A,12.1,No,No,High School,Medium,10,7.8,35.86,Medio,-0.13,57.0,5.77
S3651,Ahmed,Johnson,student2651@university.com,Male,23,Cs,95.47,74.12,76.01,84.7,55.93,1.03,67.68,83.57,A,15.1,No,Yes,Unknown,High,4,6.3,23.47,Bajo,1.89,54.65,5.53
S3652,Liam,Brown,student2652@university.com,Male,19,Engineering,55.25,60.45,70.42,94.45,95.74,0.41,99.33,78.01,C,27.2,Yes,Yes,Unknown,Medium,9,6.1,46.71,Medio,9.97,73.4,2.87
S3653,Ahmed,Smith,student2653@university.com,Male,21,Cs,99.54,83.55,81.6,52.18,53.06,0.91,60.82,64.44,B,7.4,No,Yes,Unknown,Medium,8,4.7,31.95,Medio,-1.95,43.79,8.71
S3654,Omar,Davis,student2654@university.com,Female,22,Engineering,64.88,81.01,66.64,70.86,55.01,6.8,59.17,61.33,A,6.6,Yes,Yes,High School,Low,4,8.5,36.36,Medio,-14.37,63.26,9.29
S3655,Ahmed,Johnson,student2655@university.com,Male,24,Mathematics,75.725,77.15,71.43,79.68,96.52,8.55,79.41,79.51,F,21.6,No,Yes,Unknown,Low,2,7.7,21.77,Bajo,-5.72,85.28,3.68
S3656,Omar,Smith,student2656@university.com,Male,18,Engineering,50.25,77.08,63.9,74.81,55.37,1.57,63.97,59.41,F,14.1,Yes,Yes,High School,Medium,1,6.1,32.24,Medio,-13.18,52.46,4.21
S3657,Liam,Jones,student2657@university.com,Male,21,Engineering,70.43,80.98,83.04,50.98,93.49,4.02,67.02,56.96,D,9.4,Yes,Yes,Unknown,Low,2,4.5,28.58,Bajo,2.06,62.92,6.06
S3658,John,Williams,student2658@university.com,Male,19,Engineering,81.49,63.07,92.6,60.53,89.46,3.54,96.05,65.92,D,22.5,Yes,Yes,Master'S,Medium,5,8.2,30.2,Medio,29.53,70.36,2.93
S3659,Maria,Jones,student2659@university.com,Female,20,Cs,75.725,92.14,90.45,53.09,52.01,6.45,51.31,93.07,D,11.1,Yes,Yes,Unknown,Medium,5,4.8,29.19,Bajo,-1.69,55.23,8.38
S3660,Sara,Williams,student2660@university.com,Male,18,Cs,91.84,49.74,87.16,78.45,51.09,1.83,76.56,51.84,A,19.1,No,Yes,Master'S,Low,10,7.4,43.38,Medio,37.42,56.1,2.71
S3661,Emma,Brown,student2661@university.com,Female,19,Mathematics,85.83,93.03,40.83,82.27,76.72,9.53,66.74,91.66,A,15.2,Yes,Yes,High School,Medium,2,5.7,16.67,Bajo,-52.2,80.26,6.03
S3662,Sara,Johnson,student2662@university.com,Female,23,Engineering,67.51,60.54,94.71,57.99,99.86,7.29,67.3,81.05,A,14.0,No,No,Unknown,Medium,4,8.3,37.88,Medio,34.17,74.51,5.79
S3663,John,Brown,student2663@university.com,Male,18,Cs,86.72,47.5,56.49,66.65,93.94,9.55,62.39,52.02,A,23.0,Yes,Yes,Phd,Low,8,6.9,39.45,Medio,8.99,79.62,2.26
S3664,Emma,Williams,student2664@university.com,Female,19,Cs,97.02,76.0,93.28,66.49,65.5,2.77,56.74,80.1,A,20.3,No,Yes,Unknown,Low,1,5.1,13.09,Bajo,17.28,54.11,3.95
S3665,Ahmed,Williams,student2665@university.com,Female,23,Engineering,54.65,62.56,51.82,90.99,69.32,5.88,51.72,71.3,C,17.8,Yes,Yes,Unknown,Low,2,4.1,35.43,Medio,-10.74,67.71,4.01
S3666,Liam,Williams,student2666@university.com,Female,24,Business,75.725,88.93,66.38,59.73,69.4,7.32,99.38,92.06,C,8.2,No,Yes,Unknown,Medium,2,5.1,24.94,Bajo,-22.55,75.43,11.23
S3667,Liam,Davis,student2667@university.com,Female,23,Business,73.17,65.85,84.96,77.42,86.71,7.11,83.02,95.36,D,19.6,Yes,Yes,Bachelor'S,Medium,5,5.8,33.72,Medio,19.11,79.56,4.87
S3668,Ali,Smith,student2668@university.com,Female,22,Cs,74.9,80.11,78.42,89.15,67.06,0.21,88.86,64.32,A,22.3,No,Yes,Phd,Low,2,7.5,20.82,Bajo,-1.69,61.79,2.88
S3669,John,Johnson,student2669@university.com,Female,20,Mathematics,77.11,58.5,64.96,91.48,57.39,9.98,53.25,89.21,C,25.4,No,Yes,Unknown,Low,8,5.1,38.32,Medio,6.46,75.48,3.51
S3670,John,Brown,student2670@university.com,Female,22,Engineering,65.03,52.57,80.72,83.33,87.36,9.28,50.74,65.49,B,12.5,No,Yes,Unknown,Low,3,5.3,39.66,Medio,28.15,78.56,5.24
S3671,Maria,Brown,student2671@university.com,Male,19,Engineering,75.725,63.28,72.94,64.98,72.9,1.2,80.01,64.78,D,11.6,No,No,Unknown,High,3,6.2,33.16,Medio,9.66,57.47,5.58
S3672,Sara,Jones,student2672@university.com,Male,24,Engineering,82.25,76.41,56.54,91.15,53.84,5.44,86.19,59.63,A,23.7,No,Yes,Unknown,Medium,8,4.2,32.0,Medio,-19.87,71.4,2.52
S3673,John,Williams,student2673@university.com,Female,21,Cs,78.89,79.42,78.78,74.81,89.5,3.15,69.74,83.92,B,16.7,Yes,Yes,Unknown,Medium,1,7.8,20.21,Bajo,-0.64,66.39,5.03
S3674,John,Williams,student2674@university.com,Female,24,Mathematics,75.725,74.69,52.25,85.22,79.27,8.79,69.39,63.08,F,15.1,Yes,Yes,Unknown,Medium,4,4.4,30.21,Medio,-22.44,80.44,4.18
S3675,Ahmed,Williams,student2675@university.com,Male,24,Cs,73.85,99.28,81.64,53.37,74.47,6.98,69.22,73.24,A,9.0,No,Yes,Unknown,Medium,7,7.7,33.2,Medio,-17.64,66.72,8.14
S3676,Ahmed,Brown,student2676@university.com,Male,24,Cs,67.81,81.47,40.19,52.16,83.67,2.24,57.64,90.61,B,15.9,Yes,Yes,Master'S,High,5,5.3,32.76,Medio,-41.28,53.97,5.7
S3677,Emma,Jones,student2677@university.com,Male,22,Business,74.55,95.89,72.93,84.77,75.27,0.34,87.7,89.6,F,23.2,No,Yes,Bachelor'S,High,3,6.3,17.98,Bajo,-22.96,62.78,3.86
S3678,Omar,Smith,student2678@university.com,Male,21,Engineering,96.09,47.08,64.06,97.24,82.42,2.92,60.76,92.77,A,16.3,No,Yes,Phd,Medium,8,6.1,39.65,Medio,16.98,67.4,5.69
S3679,Omar,Davis,student2679@university.com,Female,23,Business,74.03,43.68,58.19,88.69,93.37,0.38,66.22,58.05,A,26.8,No,Yes,Master'S,Low,5,5.3,36.47,Medio,14.51,63.02,2.17
S3680,Ali,Johnson,student2680@university.com,Female,19,Engineering,50.7,58.66,70.94,91.57,80.68,1.41,83.56,79.34,D,5.1,No,Yes,Unknown,Medium,6,5.3,53.22,Medio,12.28,67.48,15.56
S3681,Omar,Smith,student2681@university.com,Male,20,Cs,71.94,48.2,78.72,77.25,82.98,6.36,50.01,95.74,C,9.5,No,No,Phd,Medium,1,8.7,35.61,Medio,30.52,68.46,10.08
S3682,Maria,Brown,student2682@university.com,Male,21,Mathematics,91.03,71.55,97.92,65.23,80.69,7.45,88.31,52.1,A,20.4,No,Yes,Master'S,Low,3,5.5,20.92,Bajo,26.37,77.18,2.55
S3683,Ali,Davis,student2683@university.com,Male,19,Cs,89.0,71.14,89.98,74.81,76.56,4.68,94.95,89.73,A,21.8,No,Yes,Bachelor'S,Medium,10,4.9,36.61,Medio,18.84,73.28,4.12
S3684,Emma,Davis,student2684@university.com,Male,21,Business,75.67,74.5,83.03,85.6,58.6,6.0,52.58,62.31,B,11.9,No,No,Master'S,Low,4,5.3,31.88,Medio,8.53,64.19,5.24
S3685,Ahmed,Davis,student2685@university.com,Female,22,Cs,75.725,84.71,68.74,83.77,66.78,1.56,79.58,83.48,F,28.5,No,Yes,High School,Low,10,7.5,33.83,Medio,-15.97,61.43,2.93
S3686,Omar,Williams,student2686@university.com,Male,19,Business,73.25,98.28,63.53,97.34,84.66,3.17,70.42,85.87,F,13.3,No,Yes,Unknown,Low,10,5.5,38.23,Medio,-34.75,71.03,6.46
S3687,Sara,Johnson,student2687@university.com,Male,22,Cs,78.19,92.7,41.95,68.36,71.27,7.13,53.92,96.28,B,15.3,Yes,No,Master'S,Medium,4,4.9,23.84,Bajo,-50.75,66.21,6.29
S3688,Ahmed,Brown,student2688@university.com,Male,18,Engineering,99.99,47.1,61.55,51.98,70.31,3.65,84.11,75.44,A,29.4,No,Yes,Unknown,Low,5,6.1,25.06,Bajo,14.45,60.72,2.57
S3689,Liam,Brown,student2689@university.com,Female,19,Business,82.21,60.31,90.9,95.42,87.96,3.49,80.62,92.41,A,17.0,No,Yes,Unknown,High,9,4.6,42.41,Medio,30.59,74.72,5.44
S3690,Maria,Davis,student2690@university.com,Female,21,Engineering,84.71,55.35,63.04,74.81,50.28,1.94,82.13,52.27,C,20.3,Yes,Yes,High School,Low,4,6.0,30.26,Medio,7.69,56.66,2.57
S3691,Ahmed,Brown,student2691@university.com,Female,18,Business,74.57,50.61,67.7,84.87,83.95,5.95,90.67,71.03,C,18.5,No,Yes,High School,Low,7,8.3,42.8,Medio,17.09,79.75,3.84
S3692,Maria,Johnson,student2692@university.com,Male,22,Business,75.725,72.68,56.31,93.66,74.46,8.1,64.35,71.98,A,9.4,Yes,Yes,Master'S,High,8,5.9,42.55,Medio,-16.37,78.37,7.66
S3693,Maria,Johnson,student2693@university.com,Male,22,Business,90.65,73.2,56.45,65.51,68.84,4.69,83.85,76.91,A,29.8,Yes,Yes,Unknown,Medium,7,6.6,24.75,Bajo,-16.75,66.28,2.58
S3694,Maria,Jones,student2694@university.com,Male,21,Mathematics,74.75,53.63,43.71,74.81,67.03,1.16,87.17,74.07,B,6.5,No,Yes,Master'S,Low,2,7.9,36.72,Medio,-9.92,60.15,11.4
S3695,Emma,Jones,student2695@university.com,Female,18,Engineering,99.73,82.71,76.83,74.81,58.64,8.38,58.44,98.4,B,29.6,No,Yes,High School,Low,1,6.6,5.48,Bajo,-5.88,68.92,3.32
S3696,Maria,Smith,student2696@university.com,Female,24,Cs,72.86,83.97,66.88,89.71,66.71,0.71,97.85,53.93,F,16.7,No,Yes,Unknown,Low,5,4.2,29.85,Bajo,-17.09,65.34,3.23
S3697,Maria,Johnson,student2697@university.com,Male,23,Cs,75.725,41.26,76.36,53.49,69.57,4.72,67.0,63.25,B,9.7,No,Yes,Master'S,Medium,8,5.1,51.82,Medio,35.1,59.32,6.52
S3698,Liam,Johnson,student2698@university.com,Male,20,Cs,84.13,63.75,72.81,82.76,71.87,2.61,85.69,98.43,F,9.2,No,Yes,Unknown,Medium,1,8.5,26.83,Bajo,9.06,66.6,10.7
S3699,Sara,Johnson,student2699@university.com,Female,21,Cs,52.33,93.41,87.93,83.86,83.62,9.36,87.7,72.27,D,21.4,Yes,Yes,Unknown,Medium,2,8.0,25.18,Bajo,-5.48,87.2,3.38
S3700,Ali,Jones,student2700@university.com,Male,22,Engineering,62.53,71.22,85.06,74.81,72.68,7.38,75.2,78.56,A,22.8,Yes,Yes,High School,Medium,9,7.8,43.13,Medio,13.84,74.12,3.45
S3701,John,Davis,student2701@university.com,Male,19,Cs,67.69,60.86,86.29,84.35,89.81,5.66,56.44,54.05,F,27.5,No,Yes,Master'S,Low,6,6.7,35.41,Medio,25.43,71.8,1.97
S3702,Liam,Davis,student2702@university.com,Male,18,Cs,86.97,55.22,69.95,96.16,81.99,6.68,63.78,64.2,A,10.9,No,Yes,Unknown,High,1,5.8,27.54,Bajo,14.73,77.18,5.89
S3703,Ali,Brown,student2703@university.com,Female,23,Cs,74.71,54.6,61.23,86.69,59.48,5.33,61.71,51.98,F,15.8,No,Yes,Master'S,High,8,7.5,45.13,Medio,6.63,65.29,3.29
S3704,Maria,Davis,student2704@university.com,Male,20,Business,51.43,45.99,96.01,98.06,63.86,1.48,75.93,56.88,F,29.3,No,Yes,Unknown,High,3,7.3,38.0,Medio,50.02,63.16,1.94
S3705,Sara,Williams,student2705@university.com,Male,19,Engineering,80.84,89.03,43.26,72.43,53.96,7.09,63.06,81.67,D,15.7,Yes,Yes,Unknown,Medium,4,7.2,23.81,Bajo,-45.77,65.09,5.2
S3706,Ahmed,Jones,student2706@university.com,Male,18,Cs,70.57,45.2,49.16,76.41,97.29,4.93,77.34,88.18,D,16.5,No,Yes,Bachelor'S,High,10,6.5,53.49,Medio,3.96,75.09,5.34
S3707,Sara,Johnson,student2707@university.com,Male,23,Business,96.09,57.54,65.18,63.19,94.33,6.34,64.41,93.5,A,12.2,Yes,Yes,Master'S,Medium,5,5.3,31.9,Medio,7.64,71.33,7.66
S3708,Liam,Davis,student2708@university.com,Female,21,Cs,75.725,42.74,76.84,99.28,54.24,0.45,50.05,62.57,F,26.8,No,Yes,Unknown,Medium,9,6.2,45.05,Medio,34.1,52.02,2.33
S3709,Maria,Jones,student2709@university.com,Female,23,Mathematics,85.45,86.88,40.49,52.76,78.7,1.42,68.16,66.64,A,14.1,No,Yes,High School,Medium,5,6.6,25.87,Bajo,-46.39,53.46,4.73
S3710,Sara,Davis,student2710@university.com,Female,21,Engineering,75.725,42.36,83.16,67.93,98.02,5.89,80.34,78.47,F,20.9,No,Yes,Unknown,Medium,6,5.1,41.45,Medio,40.8,76.3,3.75
S3711,Omar,Smith,student2711@university.com,Male,24,Cs,88.05,58.5,73.52,64.88,87.36,4.59,88.68,54.18,A,9.6,Yes,Yes,Unknown,Medium,7,5.2,40.17,Medio,15.02,71.71,5.64
S3712,Sara,Johnson,student2712@university.com,Female,18,Engineering,86.05,74.4,69.08,69.33,74.59,2.27,51.42,90.34,A,20.4,No,Yes,Unknown,Low,5,8.0,26.25,Bajo,-5.32,54.51,4.43
S3713,Maria,Smith,student2713@university.com,Male,23,Business,95.2,64.57,65.41,95.89,62.06,2.41,62.92,74.16,B,28.3,No,Yes,Phd,Low,5,5.6,22.05,Bajo,0.84,61.24,2.62
S3714,Emma,Johnson,student2714@university.com,Female,20,Engineering,51.69,56.94,71.17,68.4,63.95,6.32,99.27,98.28,C,24.4,No,Yes,High School,High,2,8.9,34.85,Medio,14.23,73.7,4.03
S3715,Omar,Jones,student2715@university.com,Male,23,Business,72.38,56.51,49.71,95.85,86.81,0.59,63.09,55.87,B,6.7,No,Yes,Phd,Low,2,6.2,36.59,Medio,-6.8,62.91,8.34
S3716,Sara,Brown,student2716@university.com,Female,18,Cs,83.96,87.87,46.52,71.17,89.03,4.34,88.86,56.66,B,20.8,No,Yes,Bachelor'S,Low,6,7.0,24.96,Bajo,-41.35,73.11,2.72
S3717,John,Davis,student2717@university.com,Female,19,Cs,54.76,98.44,57.38,92.74,76.43,5.23,75.47,67.43,C,19.0,No,No,Master'S,Low,10,6.5,41.8,Medio,-41.06,74.24,3.55
S3718,John,Davis,student2718@university.com,Female,19,Cs,70.53,60.88,82.57,76.09,56.05,3.08,56.11,60.34,D,13.5,No,Yes,Unknown,Low,6,6.5,41.41,Medio,21.69,54.76,4.47
S3719,Sara,Williams,student2719@university.com,Male,23,Cs,97.11,42.35,75.3,74.81,96.69,8.21,82.17,84.83,B,26.1,No,Yes,Unknown,Medium,10,8.5,40.26,Medio,32.95,83.94,3.25
S3720,Emma,Smith,student2720@university.com,Male,23,Cs,75.725,42.19,68.81,72.47,92.24,0.57,98.32,97.34,F,24.8,No,Yes,Unknown,Medium,6,4.5,39.55,Medio,26.62,67.18,3.92
S3721,Ahmed,Davis,student2721@university.com,Male,21,Mathematics,99.27,85.55,74.29,74.81,57.03,8.66,94.34,54.5,A,21.2,No,Yes,Bachelor'S,Medium,3,5.7,13.43,Bajo,-11.26,78.19,2.57
S3722,Maria,Jones,student2722@university.com,Female,18,Cs,52.84,73.14,73.56,74.81,52.84,7.23,84.51,62.11,C,23.6,No,Yes,Bachelor'S,Low,9,5.4,45.54,Medio,0.42,71.12,2.63
S3723,John,Brown,student2723@university.com,Male,21,Engineering,85.89,87.02,58.42,64.48,76.79,4.46,75.61,61.89,A,9.8,No,Yes,High School,Low,7,5.6,32.27,Medio,-28.6,65.37,6.32
S3724,Ahmed,Jones,student2724@university.com,Male,20,Engineering,79.05,81.85,45.85,59.32,64.21,9.24,65.97,75.45,F,28.0,No,Yes,High School,Medium,4,8.6,20.44,Bajo,-36.0,70.47,2.69
S3725,Sara,Smith,student2725@university.com,Male,24,Business,75.03,94.45,93.81,66.8,64.16,7.02,67.85,72.6,B,21.7,No,Yes,Master'S,Low,9,4.3,32.33,Medio,-0.64,67.25,3.35
S3726,Liam,Williams,student2726@university.com,Male,19,Mathematics,98.54,93.15,75.99,81.22,54.36,9.31,67.31,86.34,A,16.7,No,Yes,Unknown,High,4,5.4,15.88,Bajo,-17.16,74.0,5.17
S3727,Ahmed,Davis,student2727@university.com,Male,22,Business,56.48,87.3,81.86,69.33,97.67,4.73,96.1,86.63,C,9.8,Yes,Yes,Master'S,Medium,3,7.7,33.59,Medio,-5.44,77.6,8.84
S3728,Omar,Jones,student2728@university.com,Male,22,Mathematics,94.8,68.51,67.84,85.62,91.51,4.53,60.57,78.64,B,22.1,No,Yes,Phd,Medium,1,5.2,15.22,Bajo,-0.67,70.75,3.56
S3729,Ali,Johnson,student2729@university.com,Female,18,Business,84.56,58.49,85.39,99.35,55.69,5.31,68.9,79.55,D,7.4,Yes,Yes,High School,Low,4,8.2,35.82,Medio,26.9,69.26,10.75
S3730,John,Brown,student2730@university.com,Female,18,Mathematics,62.95,70.42,75.07,74.81,93.83,0.65,71.6,92.12,F,13.0,No,Yes,Master'S,High,3,5.6,34.79,Medio,4.65,61.68,7.09
S3731,Sara,Jones,student2731@university.com,Male,22,Business,95.08,70.12,43.23,73.13,84.15,9.08,70.45,69.85,B,19.3,Yes,Yes,Bachelor'S,Medium,3,4.6,20.48,Bajo,-26.89,79.63,3.62
S3732,Liam,Brown,student2732@university.com,Female,18,Cs,71.46,76.62,93.41,58.21,66.27,6.68,50.21,50.62,C,21.2,Yes,Yes,Unknown,Medium,6,6.6,32.51,Medio,16.79,60.37,2.39
S3733,Maria,Davis,student2733@university.com,Female,19,Engineering,75.725,51.17,58.33,74.81,93.56,6.18,63.55,60.65,B,5.4,No,Yes,High School,Medium,9,6.6,53.22,Medio,7.16,73.43,11.23
S3734,Liam,Johnson,student2734@university.com,Male,20,Engineering,69.44,79.34,48.27,86.34,79.9,9.26,74.93,51.77,C,5.2,Yes,Yes,Unknown,High,1,4.2,29.29,Bajo,-31.07,83.44,9.96
S3735,Emma,Williams,student2735@university.com,Male,20,Cs,92.55,67.4,45.28,60.87,92.43,9.94,88.02,69.67,A,7.8,Yes,Yes,Unknown,Low,9,7.6,41.27,Medio,-22.12,85.18,8.93
S3736,Omar,Williams,student2736@university.com,Female,21,Cs,81.83,77.21,83.23,59.1,73.46,1.63,78.47,67.89,C,24.2,No,Yes,Master'S,Low,2,4.7,18.32,Bajo,6.02,56.83,2.81
S3737,Sara,Johnson,student2737@university.com,Male,19,Engineering,57.05,54.38,82.24,68.82,75.03,7.49,69.24,54.93,D,19.2,No,Yes,High School,Low,3,5.1,38.56,Medio,27.86,72.0,2.86
S3738,Maria,Brown,student2738@university.com,Female,24,Mathematics,82.48,66.06,82.01,90.93,64.55,5.8,83.26,87.75,C,20.2,No,Yes,Phd,Medium,9,6.8,38.99,Medio,15.95,74.18,4.34
S3739,Emma,Davis,student2739@university.com,Female,18,Cs,59.57,52.61,94.95,74.81,69.38,4.61,83.29,77.65,F,20.1,Yes,Yes,Unknown,Low,8,8.5,48.87,Medio,42.34,68.4,3.86
S3740,Emma,Jones,student2740@university.com,Female,18,Business,70.6,92.52,60.94,97.88,78.39,9.78,62.4,61.29,C,5.9,No,Yes,Phd,Medium,9,4.1,42.36,Medio,-31.58,84.12,10.39
S3741,Sara,Johnson,student2741@university.com,Male,24,Business,58.51,69.28,73.67,74.81,97.35,8.5,55.19,87.96,F,9.3,No,Yes,Master'S,Medium,8,8.1,49.64,Medio,4.39,78.09,9.46
S3742,Omar,Smith,student2742@university.com,Female,21,Mathematics,75.725,53.5,77.17,57.56,80.01,6.97,90.16,83.4,C,23.2,Yes,Yes,Master'S,Medium,6,7.8,36.96,Medio,23.67,74.36,3.59
S3743,Ahmed,Brown,student2743@university.com,Male,21,Mathematics,60.59,42.47,98.77,52.13,57.37,3.83,76.49,59.58,F,21.1,Yes,Yes,Unknown,Medium,10,4.8,55.5,Alto,56.3,56.07,2.82
S3744,Ahmed,Williams,student2744@university.com,Male,18,Business,76.82,80.54,58.74,69.95,50.35,6.66,58.83,99.14,F,16.1,No,Yes,Master'S,Medium,9,5.9,38.68,Medio,-21.8,61.43,6.16
S3745,Emma,Johnson,student2745@university.com,Male,18,Engineering,75.725,52.88,97.38,76.1,92.55,5.32,63.1,58.87,D,5.5,No,Yes,Phd,High,3,8.5,39.33,Medio,44.5,71.24,10.7
S3746,Ahmed,Williams,student2746@university.com,Male,24,Cs,75.07,99.37,48.92,74.81,68.22,2.49,88.32,88.59,B,15.4,No,Yes,High School,Low,4,4.7,22.88,Bajo,-50.45,64.06,5.75
S3747,Ali,Brown,student2747@university.com,Male,19,Engineering,62.38,72.02,85.84,56.71,65.75,4.5,82.66,98.41,B,11.2,No,Yes,Phd,Medium,1,4.6,30.96,Medio,13.82,62.53,8.79
S3748,Emma,Williams,student2748@university.com,Female,24,Business,84.26,57.34,77.97,56.24,90.04,2.12,97.26,86.28,C,22.4,Yes,Yes,Phd,Medium,7,7.7,35.44,Medio,20.63,66.18,3.85
S3749,Emma,Johnson,student2749@university.com,Male,21,Business,75.725,79.46,89.01,52.34,97.27,5.0,73.25,83.29,C,25.6,No,No,Phd,Low,2,6.4,19.08,Bajo,9.55,68.22,3.25
S3750,Maria,Brown,student2750@university.com,Male,24,Business,67.9,56.51,41.72,92.54,87.4,7.2,52.61,95.17,F,17.6,No,Yes,Unknown,Low,1,5.4,30.48,Medio,-14.79,76.14,5.41
S3751,Ahmed,Smith,student2751@university.com,Male,24,Cs,94.06,89.22,44.69,97.39,58.69,0.37,85.02,63.46,A,15.1,Yes,Yes,Master'S,High,8,4.9,28.32,Bajo,-44.53,61.2,4.2
S3752,Omar,Johnson,student2752@university.com,Male,24,Engineering,82.2,58.49,44.18,55.78,69.57,7.65,62.75,63.86,A,11.8,Yes,Yes,Phd,Medium,10,7.6,47.78,Medio,-14.31,66.15,5.41
S3753,Emma,Jones,student2753@university.com,Male,19,Cs,85.65,99.29,75.58,60.66,87.97,0.2,66.19,82.06,A,7.3,No,Yes,Unknown,Low,9,6.2,34.36,Medio,-23.71,54.2,11.24
S3754,Liam,Davis,student2754@university.com,Female,23,Cs,63.87,76.31,76.18,74.81,95.35,5.17,59.83,94.11,B,14.3,No,Yes,Master'S,High,4,5.2,34.27,Medio,-0.13,70.42,6.58
S3755,Omar,Johnson,student2755@university.com,Male,18,Cs,50.03,90.66,94.37,93.88,99.93,5.73,65.45,80.87,F,22.0,Yes,Yes,High School,Medium,9,8.7,42.07,Medio,3.71,79.14,3.68
S3756,Ali,Brown,student2756@university.com,Male,22,Cs,93.27,44.37,68.06,97.94,75.58,7.61,91.47,98.85,A,21.7,No,Yes,High School,Medium,3,6.8,27.64,Bajo,23.69,85.27,4.56
S3757,Maria,Davis,student2757@university.com,Female,24,Business,75.725,60.9,44.08,63.09,91.13,7.61,78.84,61.15,B,15.3,Yes,Yes,Phd,Medium,8,5.8,43.13,Medio,-16.82,77.29,4.0
S3758,Sara,Johnson,student2758@university.com,Male,22,Cs,56.16,84.25,52.57,65.18,52.33,4.17,55.46,91.29,C,29.1,Yes,Yes,Unknown,Low,10,7.6,40.52,Medio,-31.68,53.67,3.14
S3759,Omar,Smith,student2759@university.com,Female,23,Cs,75.725,79.3,40.48,68.13,64.29,0.66,79.33,96.36,B,28.5,Yes,Yes,Unknown,Low,5,6.5,24.35,Bajo,-38.82,54.59,3.38
S3760,Emma,Smith,student2760@university.com,Female,18,Mathematics,83.07,51.65,86.6,75.12,68.58,6.94,81.68,71.35,C,26.9,No,Yes,High School,Low,2,4.0,24.2,Bajo,34.95,73.69,2.65
S3761,Ali,Jones,student2761@university.com,Female,21,Cs,82.61,61.37,88.94,84.12,98.78,5.11,94.24,98.1,D,15.9,Yes,Yes,High School,Low,5,8.2,33.61,Medio,27.57,82.06,6.17
S3762,John,Williams,student2762@university.com,Female,22,Cs,93.02,55.81,99.88,74.81,50.17,3.33,92.98,60.11,B,23.7,No,Yes,High School,High,6,4.3,29.96,Bajo,44.07,62.82,2.54
S3763,Ali,Davis,student2763@university.com,Male,21,Cs,57.01,76.8,64.73,74.81,65.4,2.35,53.14,97.64,D,28.2,No,No,Bachelor'S,Low,5,8.9,31.8,Medio,-12.07,54.21,3.46
S3764,Ali,Brown,student2764@university.com,Male,22,Cs,71.5,60.67,41.16,54.99,96.52,1.2,93.33,95.14,D,23.4,No,Yes,Phd,Low,7,5.7,38.41,Medio,-19.51,64.21,4.07
S3765,Maria,Brown,student2765@university.com,Female,21,Cs,54.86,58.54,54.08,89.93,65.33,2.95,52.54,53.31,C,12.9,Yes,Yes,Unknown,Medium,4,6.6,43.45,Medio,-4.46,59.32,4.13
S3766,Sara,Williams,student2766@university.com,Female,24,Cs,69.48,52.44,75.27,66.72,61.25,4.58,57.71,76.07,A,6.7,No,Yes,Master'S,High,10,9.0,56.6,Alto,22.83,57.87,11.35
S3767,John,Smith,student2767@university.com,Male,22,Engineering,50.76,64.54,97.72,68.88,86.5,4.78,55.58,76.44,F,29.0,No,Yes,Unknown,Low,10,5.3,48.37,Medio,33.18,64.69,2.64
S3768,Ahmed,Smith,student2768@university.com,Female,21,Cs,94.91,51.73,46.21,74.81,87.27,5.83,59.08,52.85,A,29.8,No,Yes,Unknown,High,7,6.3,29.7,Bajo,-5.52,69.86,1.77
S3769,Ahmed,Johnson,student2769@university.com,Female,23,Cs,75.725,97.75,47.29,96.47,73.61,3.62,90.16,51.98,F,22.3,Yes,Yes,Bachelor'S,Low,9,7.8,30.8,Medio,-50.46,74.11,2.33
S3770,Omar,Jones,student2770@university.com,Female,19,Business,75.725,49.27,82.11,85.81,97.35,9.2,84.31,50.25,F,12.9,No,Yes,High School,Low,2,6.3,34.49,Medio,32.84,89.87,3.9
S3771,Ali,Davis,student2771@university.com,Male,21,Engineering,53.0,94.8,80.03,88.79,60.14,4.96,84.35,76.23,F,26.6,No,No,Unknown,Medium,9,5.7,37.49,Medio,-14.77,70.72,2.87
S3772,Liam,Jones,student2772@university.com,Female,19,Mathematics,61.37,65.71,55.03,87.54,95.67,4.24,96.11,73.19,D,28.8,Yes,Yes,High School,Low,10,4.6,44.41,Medio,-10.68,80.43,2.54
S3773,Maria,Jones,student2773@university.com,Male,19,Engineering,62.97,62.67,88.79,66.05,87.78,0.48,69.59,97.02,D,17.7,No,Yes,Phd,High,2,6.6,32.53,Medio,26.12,57.06,5.48
S3774,Liam,Johnson,student2774@university.com,Male,18,Cs,69.33,53.88,47.73,87.85,68.41,5.99,50.16,67.12,B,12.8,Yes,Yes,Unknown,High,7,6.8,46.5,Medio,-6.15,66.58,5.24
S3775,Maria,Jones,student2775@university.com,Male,24,Business,90.14,78.15,95.54,89.23,90.35,6.03,81.99,82.91,A,15.2,No,Yes,Unknown,Medium,5,5.2,26.29,Bajo,17.39,80.47,5.45
S3776,Ahmed,Williams,student2776@university.com,Female,23,Cs,69.33,81.13,52.06,76.67,56.66,5.83,93.4,50.38,C,6.8,No,Yes,Phd,Low,4,5.7,34.66,Medio,-29.07,71.26,7.41
S3777,Omar,Johnson,student2777@university.com,Female,19,Cs,60.23,68.05,44.88,74.81,56.55,8.88,98.81,83.18,A,19.1,No,Yes,Unknown,Low,7,5.5,42.29,Medio,-23.17,79.74,4.35
S3778,Omar,Williams,student2778@university.com,Male,20,Engineering,75.725,43.34,60.37,87.99,96.5,7.63,68.19,95.67,D,14.5,No,Yes,Unknown,Medium,1,6.1,33.24,Medio,17.03,82.24,6.6
S3779,Omar,Johnson,student2779@university.com,Male,24,Engineering,53.97,95.11,51.27,90.85,54.74,8.67,91.11,67.74,C,27.1,No,Yes,Bachelor'S,Low,3,8.0,23.47,Bajo,-43.84,80.85,2.5
S3780,John,Jones,student2780@university.com,Male,19,Business,88.0,98.82,71.62,66.86,50.2,0.59,92.46,65.7,A,11.9,No,Yes,Unknown,Medium,2,5.7,15.83,Bajo,-27.2,53.86,5.52
S3781,Sara,Williams,student2781@university.com,Female,21,Mathematics,72.24,65.86,81.21,90.08,69.45,3.18,57.22,81.3,D,5.2,Yes,Yes,Phd,Low,2,5.4,34.58,Medio,15.35,62.14,15.63
S3782,John,Williams,student2782@university.com,Female,19,Cs,86.31,76.82,69.46,90.71,55.19,3.19,81.57,66.43,A,23.4,No,Yes,Phd,Medium,5,8.2,23.93,Bajo,-7.36,64.84,2.84
S3783,Emma,Williams,student2783@university.com,Male,21,Engineering,84.11,67.02,79.64,61.71,93.15,6.57,58.66,70.12,C,5.2,Yes,Yes,Master'S,Low,10,8.1,47.86,Medio,12.62,69.81,13.48
S3784,Emma,Johnson,student2784@university.com,Male,21,Engineering,56.77,59.31,61.9,85.85,96.13,4.49,72.33,63.66,D,18.6,No,Yes,High School,Low,2,8.0,35.26,Medio,2.59,74.8,3.42
S3785,Liam,Brown,student2785@university.com,Female,20,Mathematics,57.14,44.64,41.68,59.33,74.12,7.77,93.96,67.24,D,9.5,Yes,Yes,Phd,Medium,3,7.7,46.3,Medio,-2.96,76.28,7.08
S3786,Sara,Jones,student2786@university.com,Male,19,Business,87.77,67.36,98.44,54.65,71.27,3.84,89.47,83.97,A,20.3,No,Yes,Master'S,Medium,7,8.4,32.26,Medio,31.08,63.45,4.14
S3787,Ahmed,Williams,student2787@university.com,Female,19,Mathematics,86.06,89.1,89.16,78.73,76.95,2.22,78.52,96.12,A,9.9,No,Yes,Unknown,Medium,2,7.6,20.42,Bajo,0.06,64.1,9.71
S3788,Sara,Davis,student2788@university.com,Female,22,Cs,68.9,41.02,44.41,95.43,61.31,2.91,90.44,79.16,F,17.5,No,Yes,Bachelor'S,Low,4,4.8,41.5,Medio,3.39,69.07,4.52
S3789,Maria,Brown,student2789@university.com,Male,24,Business,53.87,74.93,66.95,51.77,64.9,1.82,57.64,50.5,D,13.4,No,Yes,Phd,Low,2,4.2,34.19,Medio,-7.98,48.13,3.77
S3790,Emma,Davis,student2790@university.com,Male,22,Cs,50.6,92.85,78.1,91.33,55.05,1.98,59.75,63.19,F,9.6,Yes,Yes,Master'S,Low,8,4.9,45.19,Medio,-14.75,56.48,6.58
S3791,Ali,Jones,student2791@university.com,Female,18,Cs,64.41,53.05,51.44,75.32,72.32,2.17,60.44,97.61,B,20.2,Yes,Yes,Phd,Medium,6,5.8,42.55,Medio,-1.61,57.44,4.83
S3792,Ali,Jones,student2792@university.com,Female,21,Mathematics,50.46,51.0,74.68,74.81,80.58,0.16,88.8,95.52,C,7.1,No,Yes,High School,Low,8,4.3,59.04,Alto,23.68,61.45,13.45
S3793,Ahmed,Williams,student2793@university.com,Female,20,Cs,61.5,86.34,72.02,92.17,96.51,7.16,94.55,55.78,F,28.5,No,Yes,Phd,High,6,7.8,29.43,Bajo,-14.32,88.71,1.96
S3794,Maria,Williams,student2794@university.com,Female,22,Mathematics,70.98,55.31,52.5,93.76,86.95,4.0,78.14,95.42,A,24.5,No,Yes,Phd,High,1,7.2,26.31,Bajo,-2.81,74.71,3.89
S3795,Liam,Johnson,student2795@university.com,Female,19,Cs,56.07,51.52,48.47,88.44,86.15,0.23,97.9,98.23,F,27.9,No,Yes,High School,High,9,7.6,48.75,Medio,-3.05,68.7,3.52
S3796,John,Brown,student2796@university.com,Male,18,Business,55.21,62.68,85.54,92.15,65.4,3.7,86.4,66.23,D,6.1,Yes,Yes,Phd,High,9,4.5,56.6,Alto,22.86,70.24,10.86
S3797,Maria,Brown,student2797@university.com,Female,20,Cs,94.82,63.55,59.36,58.8,94.41,9.05,78.18,85.05,A,5.1,Yes,No,High School,Medium,5,5.6,34.09,Medio,-4.19,80.47,16.68
S3798,Ali,Williams,student2798@university.com,Female,23,Cs,79.27,92.45,54.64,65.19,97.35,5.11,80.58,78.0,C,13.9,No,Yes,Master'S,High,10,6.3,37.57,Medio,-37.81,73.55,5.61
S3799,Ali,Jones,student2799@university.com,Female,19,Cs,96.72,77.11,84.27,62.12,96.61,9.87,92.48,66.85,B,20.4,No,Yes,Unknown,Medium,7,7.0,26.15,Bajo,7.16,87.48,3.28
S3800,Liam,Williams,student2800@university.com,Male,19,Engineering,67.29,64.36,84.16,87.12,51.94,5.4,54.51,57.67,B,11.1,No,Yes,Bachelor'S,Low,3,8.0,36.03,Medio,19.8,61.89,5.2
S3801,Emma,Jones,student2801@university.com,Male,23,Cs,83.86,72.06,56.58,57.68,80.22,9.63,58.4,68.35,B,18.7,Yes,Yes,Unknown,Medium,2,8.9,21.9,Bajo,-15.48,73.15,3.66
S3802,Maria,Jones,student2802@university.com,Female,21,Engineering,60.23,97.24,92.35,59.11,82.16,2.02,63.31,96.39,F,20.2,No,No,Unknown,Medium,8,4.4,35.2,Medio,-4.89,56.19,4.77
S3803,Maria,Williams,student2803@university.com,Female,21,Cs,80.92,46.79,81.3,93.95,64.75,2.9,94.74,90.56,D,8.8,No,Yes,Unknown,Low,3,7.2,37.69,Medio,34.51,70.61,10.29
S3804,Ali,Smith,student2804@university.com,Male,22,Cs,56.48,52.46,60.75,85.29,99.62,7.0,97.25,66.53,C,24.2,No,Yes,Bachelor'S,Medium,2,4.7,34.62,Medio,8.29,88.04,2.75
S3805,John,Brown,student2805@university.com,Male,22,Cs,50.1,97.75,65.65,93.77,64.56,9.87,67.81,77.38,D,28.4,No,Yes,Unknown,High,7,5.5,32.27,Medio,-32.1,81.21,2.72
S3806,Ahmed,Davis,student2806@university.com,Male,19,Engineering,96.58,97.44,83.6,56.97,60.83,8.25,96.19,70.3,A,21.0,No,Yes,Phd,Medium,9,7.9,24.24,Bajo,-13.84,74.12,3.35
S3807,Omar,Jones,student2807@university.com,Male,24,Business,77.74,50.63,52.7,69.95,74.21,5.54,77.34,73.31,A,28.7,No,No,Master'S,Medium,6,9.0,34.36,Medio,2.07,69.22,2.55
S3808,Ahmed,Jones,student2808@university.com,Female,19,Business,96.35,48.71,68.13,64.16,66.16,0.85,73.66,88.06,A,11.2,Yes,Yes,High School,Medium,2,6.6,28.29,Bajo,19.42,53.12,7.86
S3809,Maria,Smith,student2809@university.com,Male,22,Cs,66.69,65.27,79.21,50.48,96.2,3.64,91.64,77.15,F,5.9,No,Yes,Master'S,Medium,2,5.8,36.35,Medio,13.94,68.68,13.08
S3810,Ahmed,Davis,student2810@university.com,Female,23,Engineering,66.39,42.98,72.37,64.23,72.0,0.86,77.3,59.05,F,11.2,No,Yes,Unknown,Low,1,5.1,38.27,Medio,29.39,55.53,5.27
S3811,Ali,Johnson,student2811@university.com,Female,22,Business,75.725,79.29,76.5,68.98,70.51,3.11,72.72,63.45,A,21.2,No,Yes,Unknown,Medium,9,7.9,36.89,Medio,-2.79,60.83,2.99
S3812,Ali,Smith,student2812@university.com,Male,19,Cs,85.3,44.65,72.77,74.81,81.29,2.59,50.8,78.39,A,19.9,No,Yes,Phd,Low,4,8.5,33.47,Medio,28.12,58.2,3.94
S3813,Liam,Davis,student2813@university.com,Male,20,Engineering,78.29,43.48,51.95,78.32,54.06,3.89,50.64,84.64,A,11.7,No,Yes,Bachelor'S,Low,4,8.2,40.37,Medio,8.47,55.48,7.23
S3814,Maria,Smith,student2814@university.com,Male,19,Engineering,96.27,69.11,64.61,69.16,87.84,8.37,81.38,75.41,B,15.2,No,Yes,High School,High,10,6.5,37.97,Medio,-4.5,80.52,4.96
S3815,Liam,Jones,student2815@university.com,Male,20,Cs,75.725,97.47,71.92,52.32,88.42,1.5,53.67,81.01,B,14.2,Yes,Yes,Phd,Low,4,6.9,23.82,Bajo,-25.55,52.35,5.7
S3816,Maria,Brown,student2816@university.com,Female,20,Cs,85.41,65.61,86.8,85.2,73.7,3.06,86.85,89.47,B,28.8,Yes,Yes,Bachelor'S,High,1,8.2,16.02,Bajo,21.19,69.09,3.11
S3817,Omar,Smith,student2817@university.com,Female,19,Cs,66.52,61.39,79.23,74.81,97.78,2.61,81.12,77.27,C,12.9,No,Yes,Phd,High,10,8.6,51.85,Medio,17.84,69.95,5.99
S3818,Omar,Johnson,student2818@university.com,Female,24,Engineering,59.01,99.88,65.6,74.81,78.97,2.96,72.89,98.86,D,9.8,No,No,Unknown,Low,8,8.7,40.04,Medio,-34.28,64.07,10.09
S3819,Emma,Williams,student2819@university.com,Male,24,Cs,75.52,71.92,98.46,74.28,84.76,3.61,85.49,61.78,D,19.1,No,No,Phd,High,9,7.4,40.22,Medio,26.54,70.16,3.23
S3820,Maria,Davis,student2820@university.com,Female,18,Cs,75.25,62.51,46.47,98.43,96.22,2.44,99.65,95.98,C,8.1,No,Yes,Unknown,Medium,9,5.0,48.64,Medio,-16.04,79.68,11.85
S3821,John,Smith,student2821@university.com,Male,22,Cs,56.85,63.15,52.41,95.7,83.32,9.43,62.32,62.38,D,17.7,No,Yes,Master'S,Low,9,5.6,50.09,Medio,-10.74,83.91,3.52
S3822,Ahmed,Smith,student2822@university.com,Female,24,Cs,60.09,51.7,60.48,77.57,71.59,4.2,77.85,76.58,F,22.2,Yes,No,Unknown,Medium,6,5.3,43.47,Medio,8.78,67.25,3.45
S3823,Maria,Johnson,student2823@university.com,Male,21,Cs,70.41,70.73,53.71,72.25,51.24,1.14,92.14,72.8,A,28.6,No,Yes,Unknown,High,7,4.9,33.17,Medio,-17.02,56.76,2.55
S3824,Sara,Brown,student2824@university.com,Female,19,Mathematics,70.44,66.33,77.53,50.15,86.41,4.68,50.84,68.64,C,27.3,No,Yes,Unknown,Medium,1,5.3,21.8,Bajo,11.2,58.55,2.51
S3825,Emma,Smith,student2825@university.com,Female,20,Cs,65.88,56.25,42.37,85.55,98.24,1.84,60.18,98.14,F,26.0,No,Yes,Phd,Medium,5,8.3,35.96,Medio,-13.88,65.59,3.77
S3826,Sara,Smith,student2826@university.com,Male,19,Engineering,57.43,49.63,50.65,74.81,73.51,2.16,76.05,63.62,D,14.8,Yes,Yes,High School,Low,6,7.9,48.72,Medio,1.02,61.49,4.3
S3827,Ali,Brown,student2827@university.com,Female,22,Cs,50.22,58.67,57.6,74.81,66.99,2.85,77.61,83.74,F,27.3,Yes,Yes,Unknown,Medium,8,4.2,46.73,Medio,-1.07,61.98,3.07
S3828,Omar,Johnson,student2828@university.com,Female,23,Engineering,98.51,70.52,81.0,79.71,75.96,1.25,54.32,90.2,B,22.9,No,Yes,Bachelor'S,Low,1,4.7,12.92,Bajo,10.48,55.62,3.94
S3829,Ahmed,Davis,student2829@university.com,Male,24,Engineering,97.17,43.5,92.55,99.64,86.42,7.21,70.37,59.85,A,16.0,No,Yes,Phd,Low,8,8.9,40.5,Medio,49.05,82.13,3.74
S3830,Maria,Davis,student2830@university.com,Male,24,Cs,74.18,49.22,87.91,92.69,50.03,7.92,75.99,98.66,F,19.1,No,Yes,High School,Medium,7,5.1,43.05,Medio,38.69,74.48,5.17
S3831,Sara,Smith,student2831@university.com,Male,24,Business,99.75,96.86,50.92,97.68,94.36,3.94,71.15,77.33,B,15.9,Yes,Yes,High School,Medium,2,7.2,10.3,Bajo,-45.94,75.65,4.86
S3832,Ahmed,Brown,student2832@university.com,Male,20,Engineering,83.68,72.57,73.92,66.38,94.32,6.89,85.03,95.72,F,9.9,No,Yes,Phd,Low,7,5.0,37.32,Medio,1.35,78.66,9.67
S3833,Ali,Smith,student2833@university.com,Male,21,Business,53.44,43.81,41.8,57.47,77.06,3.89,88.57,83.19,F,16.3,No,Yes,Unknown,Medium,4,5.2,46.67,Medio,-2.01,65.5,5.1
S3834,Omar,Williams,student2834@university.com,Female,21,Engineering,55.89,81.59,58.63,89.84,56.12,1.64,73.01,82.47,F,25.2,No,Yes,Master'S,Low,10,6.5,43.36,Medio,-22.96,58.84,3.27
S3835,John,Davis,student2835@university.com,Male,24,Mathematics,95.81,43.71,88.36,74.81,83.59,3.97,71.28,67.28,A,11.7,Yes,No,Phd,Medium,10,6.4,47.5,Medio,44.65,67.34,5.75
S3836,Emma,Jones,student2836@university.com,Female,21,Business,81.5,84.33,67.4,60.57,56.89,5.57,85.27,88.53,C,21.0,No,Yes,High School,Medium,6,7.2,26.79,Bajo,-16.93,64.61,4.22
S3837,Ahmed,Williams,student2837@university.com,Female,23,Mathematics,92.16,85.0,49.0,88.24,75.38,0.41,77.77,51.49,B,18.8,No,Yes,Unknown,Medium,9,4.8,30.62,Medio,-36.0,61.37,2.74
S3838,Ahmed,Smith,student2838@university.com,Male,24,Engineering,75.725,79.06,66.31,79.1,54.68,6.54,93.52,77.79,B,28.0,Yes,Yes,High School,Medium,4,5.3,22.44,Bajo,-12.75,73.18,2.78
S3839,John,Johnson,student2839@university.com,Female,18,Engineering,72.4,83.93,51.88,55.48,79.45,7.43,74.06,51.61,B,23.7,No,Yes,Unknown,Low,10,7.1,37.63,Medio,-32.05,70.82,2.18
S3840,Ahmed,Davis,student2840@university.com,Female,20,Business,52.43,45.28,63.59,75.09,65.9,8.6,78.72,65.34,D,14.0,No,Yes,Master'S,Medium,2,4.5,43.29,Medio,18.31,76.43,4.67
S3841,Ali,Jones,student2841@university.com,Male,23,Business,59.41,83.61,69.27,96.56,91.55,1.03,56.44,54.81,D,19.0,No,No,Phd,High,9,8.5,42.4,Medio,-14.34,63.71,2.88
S3842,Ali,Williams,student2842@university.com,Female,20,Mathematics,53.33,48.2,60.97,75.32,90.0,0.0,91.8,95.58,D,27.8,No,Yes,Phd,High,1,4.9,32.97,Medio,12.77,64.28,3.44
S3843,John,Davis,student2843@university.com,Male,24,Cs,59.44,60.37,96.22,89.43,99.92,0.73,71.11,81.41,F,10.7,Yes,Yes,Bachelor'S,Medium,6,6.2,46.85,Medio,35.85,66.94,7.61
S3844,Emma,Brown,student2844@university.com,Male,23,Business,70.53,96.56,73.75,51.45,62.88,9.24,85.95,83.43,D,16.9,No,Yes,Master'S,High,7,4.5,31.23,Medio,-22.81,73.17,4.94
S3845,Maria,Johnson,student2845@university.com,Male,24,Cs,55.91,70.17,90.57,86.4,53.09,7.66,71.47,92.56,D,10.5,No,Yes,Bachelor'S,Medium,8,7.4,49.69,Medio,20.4,71.89,8.82
S3846,Sara,Williams,student2846@university.com,Female,23,Engineering,58.34,98.05,85.64,97.34,72.15,8.35,50.05,86.65,D,15.5,No,Yes,Phd,Low,4,5.6,29.08,Bajo,-12.41,75.76,5.59
S3847,Maria,Brown,student2847@university.com,Female,24,Cs,72.29,45.34,79.67,74.98,54.17,5.17,70.02,56.21,C,6.5,No,Yes,Bachelor'S,Medium,1,4.4,37.85,Medio,34.33,62.72,8.65
S3848,Ahmed,Smith,student2848@university.com,Female,18,Cs,67.01,68.65,69.81,66.89,58.92,5.27,57.38,80.88,A,26.9,Yes,Yes,Master'S,High,1,7.0,22.5,Bajo,1.16,58.97,3.01
S3849,Sara,Brown,student2849@university.com,Female,20,Mathematics,75.725,43.74,40.13,82.33,79.87,2.99,69.93,98.91,C,29.5,No,Yes,Phd,Low,1,8.9,25.62,Bajo,-3.61,65.51,3.35
S3850,Liam,Williams,student2850@university.com,Male,23,Cs,71.46,77.81,76.81,95.81,79.61,8.43,66.07,60.71,B,19.2,No,Yes,High School,Low,3,8.4,26.49,Bajo,-1.0,81.45,3.16
S3851,John,Williams,student2851@university.com,Female,18,Engineering,82.22,44.72,61.36,58.84,52.17,8.3,60.13,80.99,D,18.9,Yes,Yes,Phd,High,9,7.5,46.13,Medio,16.64,63.54,4.29
S3852,John,Smith,student2852@university.com,Male,19,Engineering,75.725,50.52,47.07,70.18,72.15,3.92,56.19,78.18,F,28.9,Yes,Yes,Bachelor'S,Medium,6,4.1,35.0,Medio,-3.45,59.43,2.71
S3853,Emma,Brown,student2853@university.com,Female,24,Cs,55.39,55.53,66.68,57.81,76.51,3.29,86.43,69.58,F,14.8,No,Yes,Bachelor'S,Low,7,8.3,49.89,Medio,11.15,63.41,4.7
S3854,Sara,Brown,student2854@university.com,Female,22,Cs,54.96,84.92,84.13,74.81,63.4,7.38,87.74,97.73,D,20.5,No,No,Phd,Medium,7,8.5,38.37,Medio,-0.79,74.94,4.77
S3855,Ali,Smith,student2855@university.com,Female,23,Engineering,92.64,49.84,97.7,77.02,93.6,0.26,63.25,67.82,B,25.9,Yes,Yes,Unknown,Low,2,4.2,21.9,Bajo,47.86,59.12,2.62
S3856,Sara,Brown,student2856@university.com,Female,21,Cs,75.32,90.8,62.45,97.21,58.05,8.6,74.76,54.68,C,17.6,No,Yes,Unknown,Low,6,4.6,28.71,Bajo,-28.35,79.0,3.11
S3857,Ahmed,Davis,student2857@university.com,Female,18,Business,88.32,47.91,72.56,70.63,62.7,4.46,73.2,98.13,A,10.5,No,Yes,Unknown,Low,9,6.3,47.24,Medio,24.65,62.78,9.35
S3858,Ali,Smith,student2858@university.com,Male,18,Mathematics,75.725,42.11,91.07,78.35,57.85,4.41,67.76,86.46,F,25.3,No,Yes,High School,Low,4,6.0,34.88,Medio,48.96,62.02,3.42
S3859,Omar,Johnson,student2859@university.com,Female,23,Cs,91.44,63.7,60.04,94.26,55.83,6.69,63.88,67.12,B,11.8,Yes,Yes,High School,Medium,8,5.5,38.54,Medio,-3.66,70.22,5.69
S3860,Omar,Williams,student2860@university.com,Female,18,Cs,96.19,98.77,48.54,66.07,93.95,6.46,59.3,64.03,A,26.1,Yes,Yes,High School,Low,8,5.0,19.21,Bajo,-50.23,70.98,2.45
S3861,Liam,Johnson,student2861@university.com,Female,19,Engineering,81.77,46.62,56.91,74.81,63.89,2.66,93.64,96.4,D,28.6,Yes,Yes,Phd,High,3,6.7,27.54,Bajo,10.29,64.74,3.37
S3862,Omar,Davis,student2862@university.com,Female,18,Business,55.29,46.1,93.95,87.86,86.13,9.43,91.67,63.68,D,18.7,No,Yes,Unknown,Medium,7,7.9,50.8,Medio,47.85,89.99,3.41
S3863,John,Davis,student2863@university.com,Male,22,Cs,94.76,85.07,49.56,66.53,71.4,9.86,70.86,76.86,A,6.2,No,Yes,Master'S,Low,8,8.7,33.77,Medio,-35.51,76.85,12.4
S3864,Sara,Jones,student2864@university.com,Female,22,Cs,89.62,58.73,59.75,74.81,81.79,5.26,86.06,60.75,A,28.9,No,Yes,Unknown,Low,6,5.5,27.68,Bajo,1.02,73.82,2.1
S3865,Omar,Jones,student2865@university.com,Male,24,Engineering,87.54,83.04,67.88,75.15,96.41,5.61,74.92,99.76,A,25.8,No,No,Master'S,High,4,7.5,18.22,Bajo,-15.16,75.64,3.87
S3866,Maria,Jones,student2866@university.com,Female,24,Mathematics,51.84,52.0,90.83,74.81,92.23,5.54,54.27,88.48,F,7.9,No,Yes,Unknown,Medium,8,7.9,57.86,Alto,38.83,69.18,11.2
S3867,Emma,Smith,student2867@university.com,Male,21,Cs,89.95,67.6,96.26,63.32,53.45,4.86,91.12,78.38,A,20.7,No,Yes,Bachelor'S,Medium,4,6.4,24.55,Bajo,28.66,64.12,3.79
S3868,Maria,Brown,student2868@university.com,Male,19,Engineering,56.9,55.92,65.55,98.67,92.26,9.45,60.96,87.29,D,12.9,Yes,Yes,Master'S,Low,6,8.6,47.97,Medio,9.63,86.6,6.77
S3869,Omar,Davis,student2869@university.com,Male,22,Mathematics,61.12,67.09,95.92,75.11,72.59,2.45,85.34,95.82,D,13.3,No,Yes,Phd,Low,2,4.1,34.05,Medio,28.83,64.38,7.2
S3870,Liam,Johnson,student2870@university.com,Male,23,Engineering,78.86,86.15,49.69,92.82,67.51,1.08,76.37,98.16,B,19.5,Yes,Yes,Bachelor'S,Medium,2,8.5,19.03,Bajo,-36.46,61.88,5.03
S3871,Emma,Johnson,student2871@university.com,Male,20,Business,63.25,85.72,49.41,59.77,83.62,9.3,84.53,89.3,F,22.8,Yes,Yes,Master'S,Medium,4,8.5,27.41,Bajo,-36.31,80.23,3.92
S3872,Ahmed,Johnson,student2872@university.com,Female,20,Engineering,83.07,70.95,96.96,96.97,97.51,2.13,73.56,92.45,A,5.3,No,No,Bachelor'S,High,6,4.7,38.1,Medio,26.01,72.34,17.44
S3873,Maria,Johnson,student2873@university.com,Male,20,Mathematics,80.4,95.7,70.58,89.72,54.71,7.49,85.13,69.89,A,8.8,Yes,Yes,Bachelor'S,High,3,6.2,23.19,Bajo,-25.12,76.12,7.94
S3874,Liam,Jones,student2874@university.com,Female,24,Engineering,55.41,55.83,51.15,90.43,88.4,2.04,51.64,69.59,D,27.6,Yes,Yes,Unknown,Low,3,6.6,34.5,Medio,-4.68,62.72,2.52
S3875,Sara,Johnson,student2875@university.com,Male,23,Business,82.8,54.42,69.28,69.49,60.18,9.6,52.04,90.41,C,17.4,Yes,Yes,Unknown,High,6,6.0,37.11,Medio,14.86,69.43,5.2
S3876,Sara,Brown,student2876@university.com,Male,18,Engineering,96.2,76.83,86.99,74.28,69.01,7.91,94.82,87.98,A,17.3,No,Yes,Unknown,High,10,8.5,34.63,Medio,10.16,79.3,5.09
S3877,Maria,Jones,student2877@university.com,Female,23,Business,58.06,77.28,89.62,74.81,93.69,9.19,87.48,95.05,C,26.0,No,Yes,Phd,Medium,8,7.6,39.05,Medio,12.34,86.97,3.66
S3878,Omar,Johnson,student2878@university.com,Male,18,Cs,79.85,42.79,91.84,89.49,77.29,9.51,91.42,56.65,C,8.2,No,No,High School,Low,6,4.6,46.23,Medio,49.05,88.32,6.91
S3879,Liam,Smith,student2879@university.com,Male,20,Cs,67.09,76.47,74.17,92.45,53.37,0.84,72.83,84.54,A,22.8,Yes,No,Unknown,Low,8,8.6,37.73,Medio,-2.3,56.76,3.71
S3880,Sara,Williams,student2880@university.com,Male,21,Business,72.98,62.47,92.02,53.9,75.4,4.33,72.98,82.38,C,17.7,No,Yes,Unknown,Low,4,4.2,33.53,Medio,29.55,61.4,4.65
S3881,Ahmed,Williams,student2881@university.com,Male,21,Cs,64.35,84.85,70.6,95.2,89.48,6.48,76.7,89.93,C,23.5,No,Yes,Phd,Low,5,7.0,29.16,Bajo,-14.25,81.54,3.83
S3882,Ali,Williams,student2882@university.com,Female,18,Engineering,75.725,88.49,76.42,96.87,76.44,8.02,62.18,51.23,D,22.0,No,Yes,High School,High,3,6.6,20.39,Bajo,-12.07,78.92,2.33
S3883,Omar,Jones,student2883@university.com,Male,20,Cs,51.45,73.13,85.52,79.64,58.34,2.41,86.68,91.31,F,21.7,Yes,Yes,Phd,High,7,4.4,42.54,Medio,12.39,62.19,4.21
S3884,Liam,Johnson,student2884@university.com,Male,23,Business,99.08,40.1,65.53,59.34,72.25,9.15,91.47,66.32,B,26.4,No,Yes,Bachelor'S,Medium,7,7.5,33.43,Medio,25.43,78.64,2.51
S3885,Ahmed,Davis,student2885@university.com,Female,21,Cs,81.24,78.18,44.41,90.92,96.22,2.21,95.36,84.36,D,18.8,No,Yes,Phd,Medium,6,8.8,29.82,Bajo,-33.77,76.15,4.49
S3886,Liam,Davis,student2886@university.com,Female,18,Business,75.04,84.93,61.01,77.43,82.91,8.66,75.85,80.83,A,15.2,No,Yes,Unknown,Medium,4,6.3,27.32,Bajo,-23.92,80.7,5.32
S3887,Emma,Davis,student2887@university.com,Male,23,Engineering,69.19,54.94,77.44,90.86,86.49,5.13,70.73,72.01,A,10.0,No,No,Master'S,Medium,7,6.6,47.63,Medio,22.5,74.84,7.2
S3888,Ahmed,Jones,student2888@university.com,Male,20,Cs,76.97,67.88,51.54,74.81,89.3,5.15,91.55,87.3,A,13.6,No,No,Unknown,Medium,3,5.9,30.34,Medio,-16.34,76.79,6.42
S3889,Omar,Brown,student2889@university.com,Female,19,Engineering,69.01,97.94,48.9,54.34,54.53,3.74,87.63,98.06,B,26.7,Yes,Yes,Phd,Low,6,8.4,24.23,Bajo,-49.04,58.48,3.67
S3890,Emma,Smith,student2890@university.com,Male,20,Cs,68.0,57.89,57.58,80.35,79.08,1.04,93.36,66.17,A,13.4,Yes,Yes,Bachelor'S,Medium,4,8.6,38.8,Medio,-0.31,65.8,4.94
S3891,Omar,Smith,student2891@university.com,Female,24,Cs,73.2,53.39,41.93,74.81,68.8,3.47,82.79,87.42,A,29.6,No,Yes,Bachelor'S,Low,5,6.0,32.45,Medio,-11.46,65.28,2.95
S3892,Sara,Williams,student2892@university.com,Male,20,Cs,63.8,52.65,84.61,97.31,56.96,4.27,94.17,65.73,F,20.2,No,No,Master'S,Low,6,8.5,42.89,Medio,31.96,72.78,3.25
S3893,Ali,Williams,student2893@university.com,Female,23,Cs,59.0,73.53,55.52,64.83,60.14,4.79,54.45,92.28,F,25.4,No,Yes,Unknown,Medium,7,5.0,37.92,Medio,-18.01,56.83,3.63
S3894,Omar,Davis,student2894@university.com,Female,23,Mathematics,77.83,96.99,47.45,60.3,89.06,7.39,83.98,71.86,C,17.3,No,Yes,Bachelor'S,Medium,7,6.3,28.35,Bajo,-49.54,76.81,4.15
S3895,Omar,Davis,student2895@university.com,Female,22,Cs,92.14,76.52,81.95,94.85,58.07,3.52,54.44,72.46,B,21.4,Yes,Yes,High School,Medium,7,5.3,27.43,Bajo,5.43,60.64,3.39
S3896,Sara,Williams,student2896@university.com,Male,22,Engineering,57.64,58.2,90.58,57.44,65.62,4.07,87.45,88.59,C,29.7,No,Yes,Bachelor'S,Medium,5,5.1,36.4,Medio,32.38,62.8,2.98
S3897,John,Johnson,student2897@university.com,Male,23,Cs,51.64,78.31,41.19,84.33,64.24,9.06,81.42,74.81,C,17.5,Yes,Yes,Phd,Low,10,8.3,49.68,Medio,-37.12,80.15,4.27
S3898,Sara,Brown,student2898@university.com,Male,23,Engineering,62.34,77.49,54.02,65.0,52.43,7.53,50.8,63.33,B,11.6,No,Yes,Master'S,High,7,7.6,42.47,Medio,-23.47,60.88,5.46
S3899,Emma,Brown,student2899@university.com,Male,19,Cs,98.99,75.82,96.71,78.39,73.11,0.23,79.96,99.78,A,21.2,Yes,Yes,High School,Medium,5,4.3,20.9,Bajo,20.89,58.44,4.71
S3900,Sara,Brown,student2900@university.com,Female,19,Engineering,75.725,49.57,63.12,80.81,88.3,8.12,57.31,81.01,B,28.0,No,Yes,Bachelor'S,High,5,7.8,33.51,Medio,13.55,76.9,2.89
S3901,Sara,Brown,student2901@university.com,Female,20,Business,79.79,78.07,96.32,70.87,51.11,9.9,57.12,82.26,F,5.4,No,Yes,Unknown,High,3,6.9,30.4,Medio,18.25,69.53,15.23
S3902,Ali,Williams,student2902@university.com,Female,24,Engineering,96.46,65.81,56.45,74.81,55.63,9.4,57.52,82.33,A,29.8,Yes,Yes,Unknown,Low,9,7.9,29.37,Bajo,-9.36,70.49,2.76
S3903,Sara,Smith,student2903@university.com,Male,21,Cs,72.26,41.12,53.08,56.59,86.01,8.36,74.19,94.17,C,18.6,No,Yes,Master'S,High,9,7.0,50.85,Medio,11.96,75.1,5.06
S3904,Liam,Williams,student2904@university.com,Male,24,Engineering,99.16,72.39,52.85,69.57,79.68,6.29,55.78,59.19,A,25.0,Yes,Yes,High School,High,1,5.9,11.08,Bajo,-19.54,66.98,2.37
S3905,Omar,Brown,student2905@university.com,Male,19,Cs,64.82,99.36,45.11,71.52,85.76,2.78,56.28,52.96,F,8.0,Yes,Yes,Unknown,Low,4,6.5,30.17,Medio,-54.25,60.34,6.62
S3906,Liam,Williams,student2906@university.com,Female,20,Cs,62.02,60.98,93.79,81.55,61.51,6.54,62.81,69.34,D,12.3,No,Yes,Unknown,Low,3,4.7,38.29,Medio,32.81,67.82,5.64
S3907,Ali,Brown,student2907@university.com,Male,24,Engineering,81.9,97.93,98.79,70.36,90.19,6.96,50.04,78.25,D,29.4,No,Yes,Unknown,High,4,5.6,13.92,Bajo,0.86,70.05,2.66
S3908,Maria,Jones,student2908@university.com,Male,18,Engineering,75.725,45.77,97.27,54.85,73.99,2.82,63.79,64.29,F,12.2,No,Yes,Unknown,Low,2,4.1,35.89,Medio,51.5,55.21,5.27
S3909,John,Davis,student2909@university.com,Female,22,Engineering,81.32,83.95,91.12,97.37,80.52,2.55,80.92,84.46,A,15.3,Yes,Yes,Bachelor'S,High,6,6.0,29.81,Bajo,7.17,71.08,5.52
S3910,Liam,Smith,student2910@university.com,Female,24,Business,65.25,46.86,90.81,70.8,54.61,3.97,80.08,53.7,B,12.0,No,Yes,Bachelor'S,Low,6,4.5,48.22,Medio,43.95,61.3,4.48
S3911,Ali,Jones,student2911@university.com,Male,21,Cs,80.9,56.41,79.67,67.13,60.25,6.41,98.48,89.54,B,16.7,No,No,Master'S,Medium,7,7.3,39.75,Medio,23.26,72.49,5.36
S3912,Emma,Johnson,student2912@university.com,Female,20,Cs,63.79,74.25,89.57,72.34,88.67,2.93,55.98,85.9,A,9.0,Yes,Yes,Bachelor'S,Medium,6,8.6,42.01,Medio,15.32,61.57,9.54
S3913,Maria,Williams,student2913@university.com,Male,24,Cs,52.55,75.57,52.5,60.83,61.2,5.56,93.28,60.7,C,17.7,No,Yes,High School,High,8,7.7,45.64,Medio,-23.07,67.73,3.43
S3914,Ali,Johnson,student2914@university.com,Female,23,Engineering,95.61,86.51,63.27,55.01,54.63,8.99,69.56,64.92,B,12.5,Yes,Yes,High School,Medium,4,5.0,21.0,Bajo,-23.24,67.28,5.19
S3915,Ali,Williams,student2915@university.com,Female,18,Engineering,94.16,76.92,78.45,57.43,79.86,2.95,69.35,90.35,A,25.4,No,Yes,Phd,Low,2,6.5,13.49,Bajo,1.53,59.04,3.56
S3916,John,Davis,student2916@university.com,Female,22,Cs,98.54,75.62,92.49,58.33,77.4,9.66,67.44,88.67,A,14.7,No,Yes,Unknown,Medium,10,7.6,35.47,Medio,16.87,74.94,6.03
S3917,Omar,Jones,student2917@university.com,Male,18,Business,85.83,94.74,79.63,59.88,80.39,4.73,56.24,90.69,A,24.8,No,Yes,Unknown,Low,7,8.0,22.47,Bajo,-15.11,60.95,3.66
S3918,Liam,Davis,student2918@university.com,Male,20,Engineering,84.14,67.13,90.34,71.0,80.92,1.01,73.93,66.11,F,21.0,Yes,Yes,Phd,Medium,1,5.4,19.91,Bajo,23.21,58.99,3.15
S3919,Emma,Brown,student2919@university.com,Male,19,Engineering,77.95,53.52,68.44,81.19,75.01,0.55,89.37,98.48,F,27.9,No,Yes,Phd,Medium,1,6.4,22.71,Bajo,14.92,62.77,3.53
S3920,Ahmed,Davis,student2920@university.com,Female,22,Engineering,56.3,49.71,83.04,81.44,74.69,3.39,93.77,85.77,C,25.3,No,Yes,Unknown,Low,5,4.5,41.62,Medio,33.33,70.95,3.39
S3921,Liam,Davis,student2921@university.com,Female,18,Engineering,59.46,64.0,98.8,50.0,96.21,2.59,98.14,53.26,D,27.5,Yes,No,Master'S,Medium,5,7.6,35.13,Medio,34.8,67.56,1.94
S3922,Ahmed,Brown,student2922@university.com,Female,19,Engineering,64.47,82.77,49.21,96.05,76.69,8.44,89.26,73.89,F,18.1,Yes,Yes,Unknown,Low,5,6.2,32.44,Medio,-33.56,86.6,4.08
S3923,Ali,Williams,student2923@university.com,Female,21,Cs,94.51,42.55,95.62,91.14,80.87,7.38,81.15,83.23,B,27.8,No,Yes,Unknown,High,3,4.2,24.7,Bajo,53.07,81.74,2.99
S3924,Sara,Brown,student2924@university.com,Male,20,Cs,58.65,47.74,71.34,98.2,63.35,8.85,74.88,58.43,D,8.9,No,Yes,Phd,Low,6,6.6,51.81,Medio,23.6,81.23,6.57
S3925,Emma,Jones,student2925@university.com,Male,20,Cs,96.14,46.37,78.59,68.0,93.55,5.89,93.74,95.09,A,7.1,No,Yes,Phd,Medium,2,8.0,31.11,Medio,32.22,78.55,13.39
S3926,Maria,Davis,student2926@university.com,Male,22,Engineering,76.14,75.12,92.67,83.24,51.22,4.35,86.98,87.71,B,18.2,No,Yes,Unknown,High,10,4.2,41.72,Medio,17.55,66.24,4.82
S3927,Sara,Brown,student2927@university.com,Female,18,Business,85.78,54.57,64.58,58.4,77.86,2.71,58.06,54.07,B,25.7,No,Yes,Unknown,High,8,6.0,36.31,Medio,10.01,55.36,2.1
S3928,Sara,Davis,student2928@university.com,Female,21,Engineering,55.51,49.98,65.12,90.85,69.19,5.83,84.13,95.66,C,10.3,Yes,Yes,Bachelor'S,Medium,8,6.4,55.98,Alto,15.14,75.62,9.29
S3929,Liam,Jones,student2929@university.com,Male,23,Cs,63.45,75.57,71.63,58.07,80.2,6.18,71.55,70.22,B,29.2,Yes,Yes,Unknown,Low,5,9.0,29.41,Bajo,-3.94,67.9,2.4
S3930,Emma,Johnson,student2930@university.com,Female,22,Business,97.93,85.68,41.15,66.3,68.01,3.93,79.79,72.62,A,9.6,No,Yes,Phd,Medium,6,5.1,26.33,Bajo,-44.53,63.35,7.56
S3931,Omar,Jones,student2931@university.com,Male,23,Business,63.31,59.93,69.8,74.54,85.88,9.37,94.92,89.16,F,22.7,No,Yes,High School,High,2,8.1,30.73,Medio,9.87,87.26,3.93
S3932,Ali,Smith,student2932@university.com,Female,22,Business,64.83,74.69,57.47,79.73,51.02,6.4,82.63,82.2,A,27.9,Yes,Yes,Unknown,Low,5,4.7,29.84,Bajo,-17.22,69.34,2.95
S3933,Ali,Smith,student2933@university.com,Female,18,Engineering,59.88,45.89,95.68,77.98,70.29,8.37,96.94,71.88,F,29.1,No,Yes,High School,Low,8,8.8,46.28,Medio,49.79,82.23,2.47
S3934,Ali,Smith,student2934@university.com,Male,21,Business,56.45,96.11,45.26,55.1,91.56,6.2,93.32,62.98,C,21.5,No,Yes,Bachelor'S,Medium,10,5.5,40.66,Medio,-50.85,75.5,2.93
S3935,Ali,Davis,student2935@university.com,Male,18,Cs,61.66,60.21,67.56,71.08,62.51,3.17,56.45,75.84,F,19.4,No,Yes,High School,Medium,7,4.7,43.99,Medio,7.35,55.44,3.91
S3936,Liam,Williams,student2936@university.com,Female,20,Cs,82.12,99.85,96.85,96.15,52.64,7.37,50.58,78.96,D,7.3,No,Yes,Master'S,Low,9,5.9,35.43,Medio,-3.0,68.27,10.82
S3937,Ahmed,Williams,student2937@university.com,Male,23,Cs,72.77,98.72,94.06,74.81,74.83,2.3,69.22,81.55,F,5.5,No,Yes,Unknown,Medium,9,4.1,39.94,Medio,-4.66,60.46,14.83
S3938,Ali,Williams,student2938@university.com,Male,19,Business,77.69,86.73,82.08,79.54,98.83,5.97,93.27,80.25,F,29.6,No,Yes,Bachelor'S,Low,8,4.5,27.55,Bajo,-4.65,82.84,2.71
S3939,Ahmed,Davis,student2939@university.com,Female,24,Cs,56.12,41.2,75.36,78.62,53.21,4.02,61.51,80.87,F,11.9,No,Yes,High School,Low,2,6.5,44.27,Medio,34.16,58.38,6.8
S3940,Ahmed,Jones,student2940@university.com,Female,20,Engineering,90.11,72.61,56.84,55.58,53.5,1.5,84.57,73.79,A,6.8,No,Yes,Phd,High,4,8.7,29.95,Bajo,-15.77,52.16,10.85
S3941,Omar,Williams,student2941@university.com,Female,20,Engineering,89.2,45.21,62.02,60.01,79.76,4.13,73.8,78.09,A,18.5,No,Yes,Unknown,Medium,4,6.2,32.63,Medio,16.81,63.72,4.22
S3942,Ali,Johnson,student2942@university.com,Male,23,Cs,51.08,93.71,45.41,62.63,62.5,3.1,87.3,64.43,D,12.8,No,No,Unknown,Low,8,7.3,43.16,Medio,-48.3,60.86,5.03
S3943,John,Smith,student2943@university.com,Female,22,Business,69.18,87.38,87.17,74.41,70.51,1.12,58.25,57.92,C,13.9,Yes,Yes,Bachelor'S,High,2,7.5,24.85,Bajo,-0.21,53.59,4.17
S3944,Maria,Jones,student2944@university.com,Female,20,Cs,75.725,98.34,59.43,86.57,91.53,8.24,61.95,80.35,D,13.8,No,Yes,Master'S,Low,10,4.2,37.09,Medio,-38.91,80.61,5.82
S3945,Sara,Smith,student2945@university.com,Female,24,Cs,89.61,76.5,80.07,73.04,59.94,4.99,62.13,52.35,A,11.2,No,Yes,Phd,Low,9,5.6,37.86,Medio,3.57,61.25,4.67
S3946,Ahmed,Williams,student2946@university.com,Female,21,Business,86.86,71.33,61.46,56.3,85.96,3.46,77.42,53.26,A,29.2,No,Yes,High School,High,2,9.0,15.82,Bajo,-9.87,63.57,1.82
S3947,Emma,Jones,student2947@university.com,Female,20,Cs,75.725,71.14,67.86,71.97,75.22,5.05,64.48,62.37,C,11.6,No,No,Master'S,Low,4,4.0,33.02,Medio,-3.28,65.54,5.38
S3948,Emma,Brown,student2948@university.com,Male,21,Engineering,61.82,63.19,73.3,58.13,95.25,7.55,90.59,59.72,F,18.9,Yes,Yes,Unknown,High,3,6.4,34.4,Medio,10.11,79.87,3.16
S3949,Maria,Johnson,student2949@university.com,Female,18,Business,72.81,68.12,88.11,87.56,98.65,0.18,67.34,68.71,F,11.0,No,Yes,High School,Medium,10,8.2,48.58,Medio,19.99,63.84,6.25
S3950,Emma,Williams,student2950@university.com,Female,22,Mathematics,59.22,78.12,52.67,58.33,74.25,5.47,83.04,68.56,F,24.0,No,Yes,Bachelor'S,Medium,8,5.4,39.39,Medio,-25.45,67.58,2.86
S3951,John,Williams,student2951@university.com,Male,21,Business,68.56,95.98,63.93,74.13,79.23,4.79,97.43,55.84,C,10.7,Yes,Yes,Unknown,Medium,1,9.0,21.86,Bajo,-32.05,74.67,5.22
S3952,Emma,Johnson,student2952@university.com,Female,20,Cs,75.725,75.75,47.8,84.67,87.29,8.93,80.35,62.33,B,20.4,No,Yes,Master'S,Medium,7,6.4,33.9,Medio,-27.95,85.4,3.06
S3953,Sara,Johnson,student2953@university.com,Female,22,Engineering,52.67,91.43,44.55,61.41,65.93,5.56,62.11,50.23,C,25.8,No,Yes,High School,High,7,8.6,34.57,Medio,-46.88,61.26,1.95
S3954,Sara,Brown,student2954@university.com,Male,24,Cs,85.74,91.77,76.28,53.8,61.34,1.37,91.52,67.55,A,11.8,No,Yes,Bachelor'S,Low,9,6.6,34.34,Medio,-15.49,55.09,5.72
S3955,Ahmed,Williams,student2955@university.com,Female,22,Cs,77.16,71.13,51.35,74.81,98.23,3.89,50.63,89.82,B,25.1,No,Yes,Master'S,High,10,6.0,39.11,Medio,-19.78,65.64,3.58
S3956,Ali,Davis,student2956@university.com,Male,21,Cs,75.725,60.85,43.59,52.71,71.63,6.21,62.83,63.31,C,7.3,No,Yes,Unknown,High,8,7.6,47.15,Medio,-17.26,62.32,8.67
S3957,Omar,Williams,student2957@university.com,Female,21,Cs,63.59,78.37,93.83,79.39,50.08,0.46,69.37,82.17,B,7.9,No,Yes,Unknown,Medium,6,8.8,41.39,Medio,15.46,50.86,10.4
S3958,John,Smith,student2958@university.com,Male,19,Business,75.725,66.75,72.06,87.67,91.89,8.85,59.8,54.91,A,15.0,No,Yes,Unknown,Low,6,5.9,37.08,Medio,5.31,81.96,3.66
S3959,Ahmed,Jones,student2959@university.com,Male,19,Cs,99.93,44.89,48.08,66.47,79.98,0.68,80.2,50.61,A,15.2,No,Yes,Master'S,Low,6,8.3,35.07,Medio,3.19,58.36,3.33
S3960,John,Jones,student2960@university.com,Female,22,Engineering,95.96,62.67,43.21,74.42,58.43,0.31,77.9,74.92,A,17.9,Yes,Yes,Unknown,Low,5,7.3,27.55,Bajo,-19.46,53.46,4.19
S3961,Ali,Smith,student2961@university.com,Male,23,Engineering,88.89,99.64,47.19,96.44,51.51,0.02,70.32,73.07,A,5.6,No,Yes,Phd,Low,1,5.9,16.2,Bajo,-52.45,54.62,13.05
S3962,Liam,Jones,student2962@university.com,Male,23,Engineering,90.62,42.91,68.28,73.56,64.57,6.84,64.72,59.58,B,7.9,No,No,Master'S,Low,2,4.3,33.68,Medio,25.37,67.81,7.54
S3963,Emma,Johnson,student2963@university.com,Female,19,Mathematics,78.69,81.8,80.11,99.83,96.39,4.56,71.7,64.33,D,5.3,No,Yes,Master'S,Medium,6,5.6,36.38,Medio,-1.69,78.38,12.14
S3964,Emma,Jones,student2964@university.com,Female,20,Cs,59.51,90.47,78.48,57.85,96.67,1.03,64.56,51.53,F,28.9,No,Yes,High School,Medium,2,8.2,19.8,Bajo,-11.99,57.35,1.78
S3965,Omar,Jones,student2965@university.com,Male,18,Engineering,83.85,78.92,48.67,85.45,65.55,8.56,61.06,89.89,D,12.8,No,Yes,Phd,High,5,4.5,29.47,Bajo,-30.25,74.42,7.02
S3966,Ali,Smith,student2966@university.com,Female,22,Engineering,85.64,74.18,78.01,82.63,91.8,2.03,67.56,65.06,B,22.2,No,Yes,Master'S,Medium,10,6.9,36.67,Medio,3.83,65.57,2.93
S3967,Ahmed,Brown,student2967@university.com,Male,18,Cs,99.27,82.45,64.29,93.62,72.09,3.26,80.12,60.97,A,20.2,Yes,Yes,Bachelor'S,Low,1,6.6,10.42,Bajo,-18.16,69.61,3.02
S3968,Omar,Jones,student2968@university.com,Male,19,Engineering,77.07,65.76,67.88,74.81,82.72,1.78,82.42,90.23,F,23.1,No,Yes,Master'S,Low,1,7.3,21.75,Bajo,2.12,64.44,3.91
S3969,Ali,Davis,student2969@university.com,Female,21,Business,63.57,45.48,88.09,64.01,66.72,9.27,64.87,51.96,A,27.1,Yes,Yes,Phd,Medium,6,8.7,41.67,Medio,42.61,72.08,1.92
S3970,Maria,Jones,student2970@university.com,Female,24,Cs,84.18,97.74,59.95,56.61,75.8,7.58,97.37,64.23,A,10.8,No,Yes,Master'S,Medium,1,7.8,15.81,Bajo,-37.79,76.4,5.95
S3971,Sara,Brown,student2971@university.com,Male,22,Cs,98.97,65.94,48.82,96.65,64.69,7.24,63.1,63.14,A,15.6,Yes,Yes,Unknown,Medium,4,6.6,24.45,Bajo,-17.12,74.21,4.05
S3972,Omar,Smith,student2972@university.com,Female,19,Cs,58.86,79.92,92.41,71.33,53.06,0.44,85.61,63.15,D,13.2,No,No,Phd,Low,2,8.2,31.05,Medio,12.49,53.6,4.78
S3973,Omar,Brown,student2973@university.com,Female,20,Business,66.3,71.88,52.73,95.5,56.97,5.23,54.07,50.57,B,7.1,Yes,Yes,Bachelor'S,High,9,7.5,49.46,Medio,-19.15,64.71,7.12
S3974,Ahmed,Smith,student2974@university.com,Male,24,Business,77.09,43.28,57.64,64.72,64.53,5.75,83.24,96.73,F,5.8,No,Yes,Phd,Low,1,8.5,37.13,Medio,14.36,67.5,16.68
S3975,John,Johnson,student2975@university.com,Male,22,Engineering,75.725,97.16,82.4,56.32,98.81,3.83,73.0,93.21,C,24.1,No,Yes,Master'S,Low,3,7.6,16.74,Bajo,-14.76,66.61,3.87
S3976,Maria,Smith,student2976@university.com,Male,22,Engineering,51.11,87.55,81.01,64.83,98.28,3.22,78.46,70.72,F,8.2,No,Yes,Bachelor'S,Medium,7,7.8,45.08,Medio,-6.54,68.44,8.62
S3977,Ahmed,Johnson,student2977@university.com,Male,23,Business,66.85,48.95,88.02,79.86,91.38,8.52,59.2,72.27,D,5.4,No,No,Bachelor'S,Medium,1,4.4,39.22,Medio,39.07,78.91,13.38
S3978,Ali,Johnson,student2978@university.com,Male,21,Business,75.725,98.9,51.03,92.26,61.63,0.23,71.68,76.21,C,16.0,No,Yes,Bachelor'S,Medium,1,4.0,15.83,Bajo,-47.87,56.97,4.76
S3979,Ali,Smith,student2979@university.com,Male,22,Business,52.17,84.21,61.14,69.27,72.08,6.25,88.31,73.92,C,13.1,No,Yes,Unknown,Low,6,8.8,41.04,Medio,-23.07,73.04,5.64
S3980,Ali,Davis,student2980@university.com,Female,21,Business,71.45,68.34,47.55,95.74,71.99,3.94,88.35,88.96,D,6.7,Yes,Yes,Phd,Low,6,5.3,42.25,Medio,-20.79,73.87,13.28
S3981,Liam,Williams,student2981@university.com,Male,19,Engineering,88.11,76.68,72.46,62.21,69.35,6.66,61.88,74.42,A,6.3,Yes,Yes,Master'S,Low,4,4.8,29.67,Bajo,-4.22,65.01,11.81
S3982,Ali,Smith,student2982@university.com,Female,20,Engineering,97.66,46.4,57.55,74.81,52.24,1.98,67.63,59.44,A,27.8,Yes,Yes,Unknown,Medium,10,4.8,38.0,Medio,11.15,53.62,2.14
S3983,John,Jones,student2983@university.com,Female,24,Business,99.27,73.62,81.34,86.79,76.73,2.39,50.19,55.85,A,28.5,No,Yes,Bachelor'S,Medium,3,7.7,13.36,Bajo,7.72,59.4,1.96
S3984,Maria,Davis,student2984@university.com,Male,24,Mathematics,71.1,44.42,40.02,63.7,53.64,5.87,54.5,95.91,F,17.1,No,No,Master'S,Medium,10,4.2,53.24,Medio,-4.4,57.64,5.61
S3985,Emma,Davis,student2985@university.com,Female,20,Cs,97.52,72.69,43.58,51.35,90.1,9.8,56.34,52.42,A,26.2,Yes,Yes,High School,High,1,7.3,10.96,Bajo,-29.11,73.95,2.0
S3986,Sara,Jones,student2986@university.com,Male,22,Cs,51.77,73.16,65.95,68.26,84.57,9.75,64.68,94.88,D,25.0,No,Yes,Master'S,Low,8,6.9,42.99,Medio,-7.21,78.75,3.8
S3987,John,Williams,student2987@university.com,Female,22,Mathematics,87.3,92.47,97.49,52.26,67.64,2.49,87.95,84.52,A,19.5,Yes,Yes,Unknown,Medium,8,4.7,27.51,Bajo,5.02,58.19,4.33
S3988,John,Davis,student2988@university.com,Male,19,Cs,82.14,83.5,93.45,95.04,82.36,1.02,75.51,70.24,A,23.8,Yes,Yes,Unknown,Low,7,4.7,27.63,Bajo,9.95,65.78,2.95
S3989,Liam,Johnson,student2989@university.com,Male,23,Business,62.48,54.97,99.64,97.68,61.65,5.9,89.63,59.36,F,28.3,Yes,Yes,Bachelor'S,Medium,4,4.7,34.16,Medio,44.67,76.99,2.1
S3990,Emma,Williams,student2990@university.com,Male,23,Cs,75.37,93.31,65.01,86.77,63.26,4.2,87.75,65.52,A,19.2,No,Yes,High School,Medium,2,5.3,18.25,Bajo,-28.3,69.94,3.41
S3991,Emma,Jones,student2991@university.com,Male,23,Cs,56.48,74.39,42.79,86.33,65.71,7.62,79.36,76.49,D,17.8,No,Yes,Unknown,Medium,7,7.2,42.35,Medio,-31.6,76.9,4.3
S3992,Sara,Williams,student2992@university.com,Female,21,Cs,93.58,76.38,58.36,62.04,89.85,5.28,74.99,82.84,B,5.1,No,Yes,Bachelor'S,Low,8,5.0,37.34,Medio,-18.02,69.92,16.24
S3993,Sara,Smith,student2993@university.com,Female,23,Cs,67.89,50.14,80.55,53.7,60.53,5.11,96.57,84.57,D,18.6,No,No,High School,Low,5,7.3,40.79,Medio,30.41,65.47,4.55
S3994,Emma,Williams,student2994@university.com,Female,20,Cs,81.3,91.47,48.11,90.11,78.14,6.46,78.46,72.36,A,25.4,Yes,Yes,Phd,High,9,8.9,29.18,Bajo,-43.36,77.83,2.85
S3995,Ali,Johnson,student2995@university.com,Female,24,Engineering,57.94,95.86,58.0,74.81,60.02,1.26,74.14,68.7,C,24.1,No,Yes,Unknown,High,10,8.3,38.91,Medio,-37.86,55.39,2.85
S3996,John,Smith,student2996@university.com,Female,24,Business,60.31,86.5,43.37,84.08,64.25,6.77,93.46,88.42,C,21.1,Yes,Yes,Phd,Low,8,8.0,37.95,Medio,-43.13,77.37,4.19
S3997,Ahmed,Brown,student2997@university.com,Male,21,Mathematics,99.6,96.45,68.5,88.98,61.77,4.89,53.57,96.27,A,5.6,No,Yes,Master'S,Medium,4,8.7,20.07,Bajo,-27.95,63.3,17.19
S3998,Sara,Jones,student2998@university.com,Male,19,Engineering,87.65,58.14,52.54,70.47,82.25,8.2,82.8,95.72,B,28.1,No,Yes,Unknown,Low,10,7.1,37.83,Medio,-5.6,79.38,3.41
S3999,Liam,Jones,student2999@university.com,Male,20,Engineering,98.1,91.67,45.47,57.23,76.34,1.39,55.65,77.58,A,15.7,No,Yes,Phd,Medium,9,7.8,28.09,Bajo,-46.2,50.78,4.94
S4000,Liam,Williams,student3000@university.com,Male,24,Engineering,64.79,69.33,64.67,89.75,86.06,3.01,90.99,53.95,A,19.3,Yes,Yes,Phd,Medium,1,7.9,26.87,Bajo,-4.66,74.22,2.8
S4001,Sara,Davis,student3001@university.com,Male,20,Engineering,58.23,49.84,61.07,72.69,61.0,9.5,89.63,53.66,C,14.9,No,Yes,Bachelor'S,Low,9,8.9,55.0,Alto,11.23,79.58,3.6
S4002,Emma,Smith,student3002@university.com,Female,24,Engineering,75.15,80.13,72.25,91.35,50.46,5.53,75.18,70.14,B,13.7,No,No,Master'S,Medium,1,7.2,22.81,Bajo,-7.88,68.07,5.12
S4003,Maria,Brown,student3003@university.com,Male,18,Cs,74.73,81.05,84.94,71.88,84.03,9.29,83.05,86.64,C,17.8,No,Yes,Unknown,Medium,5,5.4,29.52,Bajo,3.89,82.96,4.87
S4004,Ahmed,Smith,student3004@university.com,Male,19,Cs,58.75,57.22,46.75,60.85,55.74,6.89,88.63,74.87,D,17.4,No,Yes,Unknown,Low,5,5.0,42.46,Medio,-10.47,68.53,4.3
S4005,Ahmed,Jones,student3005@university.com,Female,19,Cs,86.66,41.65,87.47,58.55,62.32,9.26,74.17,81.37,B,13.9,No,Yes,Unknown,Medium,8,5.5,45.78,Medio,45.82,71.91,5.85
S4006,Sara,Smith,student3006@university.com,Female,18,Cs,75.725,51.99,41.58,87.2,65.28,3.18,95.3,92.17,A,25.1,No,Yes,High School,Low,5,7.8,34.24,Medio,-10.41,69.9,3.67
S4007,Ali,Brown,student3007@university.com,Male,21,Business,59.32,63.99,66.59,78.74,87.34,0.91,71.85,52.02,D,6.3,No,Yes,Unknown,High,8,7.3,52.45,Medio,2.6,61.76,8.26
S4008,Maria,Davis,student3008@university.com,Male,24,Cs,66.6,50.05,75.25,70.23,81.29,8.02,94.6,96.19,B,7.9,Yes,Yes,High School,Low,1,5.1,37.72,Medio,25.2,81.58,12.18
S4009,Ahmed,Williams,student3009@university.com,Female,24,Business,78.18,51.64,97.42,74.61,59.21,8.04,79.14,66.54,C,7.1,No,Yes,Unknown,Low,10,8.3,53.6,Medio,45.78,73.34,9.37
S4010,Sara,Johnson,student3010@university.com,Male,24,Mathematics,86.32,63.48,74.44,77.48,79.89,6.19,71.31,52.34,A,19.1,Yes,Yes,High School,Low,3,8.9,25.64,Bajo,10.96,72.65,2.74
S4011,Liam,Smith,student3011@university.com,Male,23,Mathematics,74.09,97.71,49.52,74.81,85.41,5.8,50.2,91.77,C,15.3,Yes,Yes,Master'S,High,7,7.8,30.44,Medio,-48.19,67.1,6.0
S4012,Ahmed,Johnson,student3012@university.com,Male,23,Mathematics,76.28,85.85,71.05,68.91,69.44,9.15,64.78,96.71,A,16.3,No,Yes,High School,Medium,6,4.3,30.51,Medio,-14.8,73.66,5.93
S4013,Omar,Jones,student3013@university.com,Female,23,Cs,75.725,59.18,63.75,64.62,62.3,1.76,93.4,88.43,F,19.4,No,Yes,Master'S,Medium,5,7.1,34.93,Medio,4.57,59.48,4.56
S4014,Maria,Williams,student3014@university.com,Male,23,Engineering,95.73,97.1,68.76,69.42,83.95,6.17,71.44,90.23,B,13.1,No,Yes,Master'S,Low,7,8.7,24.15,Bajo,-28.34,71.63,6.89
S4015,Maria,Williams,student3015@university.com,Male,23,Cs,96.44,78.74,51.83,75.03,80.54,0.5,71.07,93.57,A,9.6,No,Yes,Unknown,Low,5,5.6,26.71,Bajo,-26.91,57.91,9.75
S4016,Omar,Smith,student3016@university.com,Female,18,Business,84.17,67.33,70.05,58.67,53.9,1.41,74.47,76.12,A,12.7,No,Yes,Master'S,Medium,7,6.9,37.32,Medio,2.72,50.28,5.99
S4017,John,Davis,student3017@university.com,Female,19,Business,50.88,68.1,49.0,69.68,83.33,4.37,64.32,84.02,C,29.8,Yes,Yes,Unknown,Low,10,5.1,46.86,Medio,-19.1,65.26,2.82
S4018,Liam,Williams,student3018@university.com,Female,21,Business,76.85,64.64,84.64,69.27,74.43,8.21,74.58,64.32,C,28.8,No,Yes,Master'S,High,3,8.4,23.75,Bajo,20.0,75.1,2.23
S4019,Omar,Smith,student3019@university.com,Male,20,Engineering,81.46,53.98,75.63,64.3,87.67,7.33,68.79,62.49,B,28.9,No,Yes,Phd,Medium,6,8.3,31.96,Medio,21.65,73.52,2.16
S4020,Emma,Smith,student3020@university.com,Female,23,Business,99.73,63.2,44.71,99.92,59.54,9.74,95.47,80.45,B,5.7,No,Yes,Bachelor'S,Low,2,5.8,25.51,Bajo,-18.49,88.08,14.11
S4021,Emma,Johnson,student3021@university.com,Male,18,Cs,99.8,71.67,93.38,53.68,62.91,0.45,78.2,86.73,A,7.2,Yes,Yes,Unknown,Low,1,5.7,19.97,Bajo,21.71,49.82,12.05
S4022,Sara,Williams,student3022@university.com,Female,24,Cs,92.88,71.68,76.98,82.15,77.17,3.81,91.71,69.86,A,6.1,Yes,Yes,Unknown,Low,2,4.0,25.16,Bajo,5.3,72.28,11.45
S4023,Maria,Smith,student3023@university.com,Male,21,Business,53.19,85.7,58.97,58.72,74.09,1.59,84.34,70.01,D,25.4,No,Yes,Master'S,Low,4,5.6,29.64,Bajo,-26.73,58.26,2.76
S4024,John,Johnson,student3024@university.com,Female,21,Engineering,75.725,61.53,42.74,91.98,69.32,0.37,60.63,97.71,A,29.8,No,Yes,High School,Low,10,7.9,40.14,Medio,-18.79,56.41,3.28
S4025,John,Brown,student3025@university.com,Male,21,Mathematics,80.63,83.01,77.93,95.71,87.3,2.64,93.38,75.92,F,18.6,No,Yes,Unknown,Low,6,4.1,28.69,Bajo,-5.08,75.7,4.08
S4026,Ahmed,Johnson,student3026@university.com,Male,18,Cs,90.04,74.69,62.41,70.07,78.24,2.44,54.36,99.31,A,22.5,Yes,Yes,Bachelor'S,High,5,5.0,23.72,Bajo,-12.28,56.77,4.41
S4027,Ahmed,Johnson,student3027@university.com,Female,20,Business,70.36,97.71,94.46,91.17,85.51,4.2,72.43,93.14,D,13.8,Yes,No,High School,Low,8,7.7,34.72,Medio,-3.25,72.78,6.75
S4028,Omar,Smith,student3028@university.com,Female,23,Engineering,65.98,63.12,42.09,62.5,57.66,1.4,61.96,81.98,D,24.1,No,No,High School,High,2,7.2,28.14,Bajo,-21.03,49.03,3.4
S4029,John,Jones,student3029@university.com,Male,21,Business,75.725,94.07,42.35,57.0,86.45,4.89,76.88,50.46,F,21.4,Yes,Yes,Master'S,Medium,3,8.9,19.02,Bajo,-51.72,67.31,2.36
S4030,Omar,Jones,student3030@university.com,Female,18,Business,57.34,89.24,96.96,65.79,73.08,9.2,65.0,64.8,C,25.0,No,No,Bachelor'S,High,2,6.0,22.88,Bajo,7.72,73.97,2.59
S4031,Liam,Davis,student3031@university.com,Male,24,Mathematics,67.85,78.26,97.89,67.08,51.69,7.48,86.14,70.88,A,17.5,No,Yes,Bachelor'S,Medium,10,4.7,44.02,Medio,19.63,69.93,4.05
S4032,Omar,Jones,student3032@university.com,Female,19,Cs,92.88,79.27,41.66,69.87,61.72,8.42,96.85,82.64,B,9.9,Yes,Yes,High School,Low,2,7.3,20.98,Bajo,-37.61,78.16,8.35
S4033,Ahmed,Johnson,student3033@university.com,Female,24,Mathematics,51.9,45.08,82.96,74.81,51.29,8.05,85.45,69.78,C,16.9,No,Yes,Bachelor'S,High,4,4.4,46.53,Medio,37.88,73.01,4.13
S4034,Maria,Davis,student3034@university.com,Male,18,Cs,57.54,97.01,53.29,70.56,72.84,3.9,67.77,91.39,F,12.8,Yes,Yes,Unknown,Low,2,4.6,26.58,Bajo,-43.72,62.54,7.14
S4035,Omar,Smith,student3035@university.com,Female,18,Cs,56.26,46.42,82.08,85.5,66.29,7.09,80.0,83.15,D,22.4,No,Yes,Master'S,Low,2,6.8,37.41,Medio,35.66,75.67,3.71
S4036,Ali,Williams,student3036@university.com,Female,18,Engineering,70.15,73.79,92.12,62.28,99.37,7.54,94.43,67.36,D,8.4,Yes,Yes,Master'S,High,3,6.4,33.55,Medio,18.33,82.87,8.02
S4037,Maria,Johnson,student3037@university.com,Male,21,Business,99.85,59.8,46.05,50.93,93.43,2.06,63.5,89.22,B,13.3,No,Yes,Phd,Low,1,5.3,20.46,Bajo,-13.75,57.12,6.71
S4038,John,Johnson,student3038@university.com,Male,18,Engineering,58.67,65.79,54.33,74.48,91.28,8.6,55.91,65.15,F,5.2,No,Yes,Phd,Medium,5,6.4,46.02,Medio,-11.46,76.92,12.53
S4039,John,Davis,student3039@university.com,Female,19,Business,57.27,76.61,41.44,72.41,75.06,4.58,56.54,53.14,F,25.4,No,Yes,Bachelor'S,High,4,8.3,30.94,Medio,-35.17,62.45,2.09
S4040,Omar,Smith,student3040@university.com,Male,21,Business,95.75,94.53,42.63,74.81,90.35,0.16,74.74,58.63,A,15.2,No,Yes,Unknown,Medium,1,7.6,10.53,Bajo,-51.9,60.38,3.86
S4041,Maria,Brown,student3041@university.com,Female,24,Cs,94.1,67.45,41.78,74.81,63.34,6.43,86.61,50.14,A,24.4,Yes,No,Bachelor'S,Medium,6,6.3,25.74,Bajo,-25.67,72.26,2.05
S4042,Ahmed,Johnson,student3042@university.com,Female,19,Mathematics,51.61,99.26,88.04,75.5,78.03,6.77,82.86,91.62,C,7.4,Yes,Yes,Phd,Medium,7,5.6,41.79,Medio,-11.22,76.02,12.38
S4043,Ahmed,Brown,student3043@university.com,Male,22,Cs,87.59,75.57,57.9,61.74,69.65,5.52,72.69,81.36,A,9.8,No,Yes,Unknown,Medium,4,6.9,28.44,Bajo,-17.67,64.82,8.3
S4044,Emma,Brown,student3044@university.com,Male,24,Business,82.77,49.63,69.59,93.88,58.57,2.12,86.46,78.53,B,26.3,No,No,Master'S,High,3,4.0,27.44,Bajo,19.96,65.03,2.99
S4045,John,Jones,student3045@university.com,Male,18,Cs,88.39,51.4,87.27,58.66,53.63,4.82,81.7,83.1,A,19.9,No,Yes,Master'S,Medium,9,7.7,41.47,Medio,35.87,60.55,4.18
S4046,Sara,Smith,student3046@university.com,Male,23,Engineering,74.73,82.97,69.7,51.01,77.91,4.0,81.41,82.68,B,5.1,No,Yes,Unknown,Medium,3,8.0,30.85,Medio,-13.27,62.58,16.21
S4047,Emma,Brown,student3047@university.com,Male,23,Engineering,99.57,43.02,65.75,72.38,54.88,9.75,60.12,78.27,A,27.6,No,Yes,Phd,Medium,5,4.6,27.33,Bajo,22.73,71.22,2.84
S4048,Ahmed,Smith,student3048@university.com,Male,21,Cs,52.19,68.82,40.69,99.31,85.9,8.25,65.63,92.12,F,29.6,No,Yes,High School,Medium,5,6.0,35.18,Medio,-28.13,83.34,3.11
S4049,Maria,Jones,student3049@university.com,Female,23,Cs,61.72,48.89,74.08,74.81,96.07,7.62,67.22,72.05,B,21.5,No,Yes,Bachelor'S,High,7,4.7,46.31,Medio,25.19,78.57,3.35
S4050,Liam,Smith,student3050@university.com,Female,24,Cs,69.83,65.99,47.48,67.7,58.11,1.81,90.41,90.24,C,23.2,No,Yes,Master'S,Low,1,8.7,24.16,Bajo,-18.51,58.58,3.89
S4051,Ahmed,Johnson,student3051@university.com,Male,21,Cs,72.49,85.0,85.88,50.84,73.55,3.31,88.76,89.33,F,8.3,Yes,Yes,Phd,Low,3,8.1,29.42,Bajo,0.88,61.56,10.76
S4052,Maria,Brown,student3052@university.com,Female,24,Cs,96.07,67.53,55.46,74.25,86.94,3.8,62.63,59.98,A,24.2,Yes,No,High School,Medium,3,4.1,18.46,Bajo,-12.07,65.46,2.48
S4053,Emma,Smith,student3053@university.com,Female,18,Engineering,75.725,49.81,80.45,60.32,64.34,4.93,52.76,72.69,B,7.5,Yes,Yes,Unknown,Low,10,8.9,54.8,Medio,30.64,56.68,9.69
S4054,John,Williams,student3054@university.com,Female,20,Business,52.26,55.12,78.77,74.81,96.04,0.3,88.39,91.75,F,27.2,No,Yes,Unknown,High,10,4.7,51.57,Medio,23.65,65.56,3.37
S4055,Ahmed,Smith,student3055@university.com,Female,20,Engineering,70.39,62.05,77.0,79.15,94.42,5.93,70.49,91.54,B,17.6,Yes,Yes,Unknown,High,8,4.4,43.5,Medio,14.95,75.84,5.2
S4056,Omar,Brown,student3056@university.com,Male,19,Business,70.82,44.17,56.02,63.26,55.19,3.58,60.99,51.2,C,8.5,Yes,Yes,Phd,Low,3,4.2,42.16,Medio,11.85,53.81,6.02
S4057,Maria,Jones,student3057@university.com,Female,18,Engineering,98.27,75.06,56.03,53.44,51.37,5.62,55.85,61.15,A,7.2,Yes,Yes,Unknown,Low,7,8.0,32.82,Medio,-19.03,54.22,8.49
S4058,John,Jones,student3058@university.com,Female,23,Engineering,79.96,76.45,91.78,87.75,98.82,0.09,50.64,71.19,D,16.0,Yes,Yes,Master'S,Medium,9,8.6,38.86,Medio,15.33,59.53,4.45
S4059,Liam,Brown,student3059@university.com,Male,18,Engineering,81.78,43.73,40.77,79.27,97.82,3.21,71.39,52.36,D,5.1,No,Yes,Unknown,Low,8,4.5,51.26,Medio,-2.96,70.14,10.27
S4060,Liam,Johnson,student3060@university.com,Male,22,Engineering,75.725,64.14,50.89,92.11,71.11,7.69,66.99,63.03,B,29.0,No,Yes,High School,High,6,8.9,30.87,Medio,-13.25,76.78,2.17
S4061,Sara,Johnson,student3061@university.com,Male,20,Engineering,88.5,64.84,76.61,62.99,52.53,5.01,84.82,62.91,A,9.3,No,Yes,Master'S,Low,5,5.6,33.81,Medio,11.77,62.61,6.76
S4062,Maria,Jones,student3062@university.com,Male,23,Cs,81.75,60.03,89.02,82.64,80.94,7.89,98.83,60.73,A,15.5,Yes,Yes,Phd,High,7,7.4,38.96,Medio,28.99,85.33,3.92
S4063,Emma,Jones,student3063@university.com,Female,24,Business,61.86,73.46,61.5,74.81,64.67,6.99,60.34,69.83,A,20.2,No,Yes,Bachelor'S,Medium,9,8.9,43.99,Medio,-11.96,67.43,3.46
S4064,Sara,Brown,student3064@university.com,Male,24,Business,93.7,60.76,79.21,64.59,96.84,8.55,62.15,90.65,A,21.9,Yes,Yes,Phd,Medium,6,4.0,29.14,Bajo,18.45,77.27,4.14
S4065,Sara,Johnson,student3065@university.com,Female,20,Cs,86.61,64.98,73.43,82.83,89.73,0.07,66.87,62.21,A,19.1,No,No,Phd,Low,2,6.7,22.86,Bajo,8.45,60.03,3.26
S4066,Ali,Jones,student3066@university.com,Female,18,Business,87.09,87.85,43.87,91.28,82.48,2.61,73.3,79.1,A,9.5,No,Yes,Phd,High,8,7.3,33.97,Medio,-43.98,68.29,8.33
S4067,Ahmed,Johnson,student3067@university.com,Male,23,Cs,99.83,49.73,77.31,66.05,64.23,5.49,84.88,77.88,A,16.8,No,Yes,Bachelor'S,Low,4,5.9,28.41,Bajo,27.58,67.52,4.64
S4068,Maria,Jones,student3068@university.com,Male,19,Cs,90.13,77.15,88.83,74.81,85.06,9.41,67.6,90.9,A,13.1,Yes,Yes,Master'S,Low,6,4.5,29.87,Bajo,11.68,80.39,6.94
S4069,Sara,Smith,student3069@university.com,Male,24,Cs,91.46,70.34,99.55,83.89,64.46,6.8,55.21,69.7,B,7.2,Yes,Yes,Phd,Low,2,7.1,25.51,Bajo,29.21,67.89,9.68
S4070,Ali,Williams,student3070@university.com,Male,18,Business,97.57,58.3,41.78,67.43,51.88,4.57,86.52,61.18,B,14.7,No,Yes,High School,Medium,6,4.2,32.12,Medio,-16.52,62.88,4.16
S4071,Emma,Davis,student3071@university.com,Male,19,Business,57.56,83.65,79.6,93.82,75.42,1.3,89.73,94.58,C,20.2,Yes,Yes,Master'S,Low,2,8.6,26.88,Bajo,-4.05,67.99,4.68
S4072,John,Smith,student3072@university.com,Male,23,Business,75.725,73.07,64.87,75.46,74.43,4.93,62.38,91.65,C,7.6,No,Yes,Phd,Medium,1,6.3,27.78,Bajo,-8.2,65.39,12.06
S4073,Omar,Davis,student3073@university.com,Female,20,Cs,79.03,68.64,40.59,82.41,88.15,4.41,56.84,81.08,A,9.1,No,Yes,Bachelor'S,High,5,8.6,36.09,Medio,-28.05,67.88,8.91
S4074,Omar,Jones,student3074@university.com,Female,22,Engineering,66.46,80.06,76.86,74.78,93.28,7.78,76.39,54.66,D,7.2,Yes,Yes,Phd,Medium,4,8.2,35.79,Medio,-3.2,80.56,7.59
S4075,Maria,Williams,student3075@university.com,Female,21,Business,91.97,88.14,47.35,72.64,67.72,4.13,60.42,50.81,A,5.0,No,Yes,Phd,Low,4,4.0,25.54,Bajo,-40.79,60.52,10.16
S4076,Sara,Williams,student3076@university.com,Female,20,Cs,88.12,98.36,62.71,92.4,72.47,3.19,68.71,59.13,A,28.4,No,Yes,Unknown,Low,1,6.3,5.45,Bajo,-35.65,66.37,2.08
S4077,Omar,Jones,student3077@university.com,Male,19,Engineering,86.04,77.76,55.68,64.74,73.52,0.9,88.87,59.83,A,26.0,No,Yes,Unknown,Low,9,8.4,31.34,Medio,-22.08,59.03,2.3
S4078,Ahmed,Jones,student3078@university.com,Male,18,Cs,99.86,92.47,61.67,74.81,66.21,0.47,60.98,56.81,B,10.8,Yes,Yes,Master'S,High,8,5.9,27.46,Bajo,-30.8,51.67,5.26
S4079,Omar,Johnson,student3079@university.com,Female,24,Cs,62.97,40.07,69.56,74.81,87.17,4.39,90.31,63.11,D,19.4,No,Yes,Unknown,Low,1,5.6,36.24,Medio,29.49,74.05,3.25
S4080,Omar,Jones,student3080@university.com,Female,23,Engineering,86.77,71.81,61.55,91.25,76.11,3.47,83.7,66.89,A,25.0,No,Yes,Bachelor'S,Low,5,7.4,24.48,Bajo,-10.26,71.44,2.68
S4081,Omar,Brown,student3081@university.com,Female,20,Engineering,77.57,52.88,73.16,74.81,95.7,5.55,60.99,87.72,C,14.2,No,Yes,Unknown,High,9,7.5,47.66,Medio,20.28,71.75,6.18
S4082,Liam,Jones,student3082@university.com,Male,24,Cs,75.725,45.65,54.32,59.27,82.52,7.12,76.32,85.48,C,23.5,Yes,Yes,Bachelor'S,Medium,1,7.2,28.05,Bajo,8.67,72.33,3.64
S4083,Ali,Brown,student3083@university.com,Male,24,Cs,58.03,71.92,78.12,83.78,60.59,0.4,80.7,55.22,D,26.7,No,No,Phd,Medium,10,5.8,44.76,Medio,6.2,57.27,2.07
S4084,Sara,Jones,student3084@university.com,Male,22,Cs,94.79,84.81,91.23,53.94,58.24,4.96,60.01,98.86,B,17.5,No,Yes,Master'S,High,10,4.3,32.63,Medio,6.42,55.45,5.65
S4085,Ahmed,Johnson,student3085@university.com,Female,23,Cs,79.77,64.74,53.44,71.19,68.62,8.62,57.25,87.61,F,27.2,Yes,Yes,Unknown,Medium,3,8.6,23.5,Bajo,-11.3,70.82,3.22
S4086,Sara,Brown,student3086@university.com,Female,19,Cs,91.25,80.21,70.47,54.29,67.35,4.55,76.56,58.17,A,10.2,Yes,Yes,Unknown,Low,4,5.6,25.57,Bajo,-9.74,60.92,5.7
S4087,Liam,Smith,student3087@university.com,Male,23,Cs,77.27,69.38,78.92,79.9,70.36,5.21,84.69,56.22,D,27.5,Yes,Yes,Master'S,Medium,2,8.0,20.61,Bajo,9.54,71.76,2.04
S4088,Maria,Brown,student3088@university.com,Male,23,Engineering,61.0,66.23,73.88,74.81,59.18,4.87,73.25,54.38,A,25.1,Yes,Yes,Bachelor'S,Low,9,5.8,44.01,Medio,7.65,63.98,2.17
S4089,Maria,Johnson,student3089@university.com,Female,18,Engineering,75.725,57.42,61.94,81.46,98.91,3.9,53.5,86.59,B,26.0,Yes,Yes,Bachelor'S,Medium,1,6.5,23.27,Bajo,4.52,68.22,3.33
S4090,Maria,Davis,student3090@university.com,Female,21,Business,69.08,62.96,78.53,83.66,57.29,1.1,96.26,61.81,B,5.1,No,Yes,Unknown,High,4,5.9,41.05,Medio,15.57,62.05,12.12
S4091,Emma,Brown,student3091@university.com,Male,24,Business,98.65,60.99,41.69,74.36,82.63,1.26,84.75,53.65,B,21.6,Yes,Yes,Bachelor'S,High,10,4.4,36.38,Medio,-19.3,63.58,2.48
S4092,Omar,Jones,student3092@university.com,Female,19,Cs,50.28,78.77,62.19,58.75,50.65,1.79,81.06,71.09,F,15.0,No,Yes,Bachelor'S,Medium,3,5.6,35.72,Medio,-16.58,52.09,4.74
S4093,Emma,Jones,student3093@university.com,Male,18,Cs,99.28,46.96,71.96,55.07,70.35,7.93,82.18,85.43,A,20.1,No,Yes,Unknown,Medium,10,8.8,41.11,Medio,25.0,71.72,4.25
S4094,Ali,Davis,student3094@university.com,Male,24,Business,99.02,45.56,41.24,65.66,65.46,2.75,69.93,65.23,A,7.1,No,Yes,Unknown,Low,9,4.6,45.9,Medio,-4.32,57.14,9.19
S4095,Maria,Johnson,student3095@university.com,Female,21,Cs,99.81,79.6,70.46,73.26,69.1,9.48,99.22,74.13,A,10.9,No,Yes,Unknown,Medium,3,6.8,20.18,Bajo,-9.14,84.1,6.8
S4096,Liam,Williams,student3096@university.com,Female,18,Cs,73.83,72.78,79.26,82.11,74.9,8.1,56.63,59.63,D,13.8,No,Yes,High School,Low,7,8.8,38.76,Medio,6.48,73.66,4.32
S4097,Ahmed,Jones,student3097@university.com,Female,21,Cs,98.19,65.81,85.55,50.06,80.02,6.85,86.96,71.46,A,23.0,No,Yes,Unknown,Medium,2,4.1,16.61,Bajo,19.74,71.38,3.11
S4098,Sara,Smith,student3098@university.com,Male,21,Engineering,69.78,49.15,46.8,85.55,79.18,7.2,71.04,67.95,D,18.8,Yes,Yes,High School,Medium,8,4.3,46.99,Medio,-2.35,76.94,3.61
S4099,Omar,Johnson,student3099@university.com,Female,21,Engineering,51.31,64.66,99.43,85.64,81.54,0.48,94.05,71.7,D,5.4,No,Yes,Unknown,Medium,2,8.5,42.17,Medio,34.77,66.51,13.28
S4100,John,Brown,student3100@university.com,Female,18,Mathematics,61.22,87.38,76.37,72.23,92.23,5.68,85.86,73.29,C,13.4,No,Yes,Bachelor'S,Low,10,7.7,45.66,Medio,-11.01,76.78,5.47
S4101,Ahmed,Brown,student3101@university.com,Male,23,Business,97.26,93.38,61.79,67.17,94.34,9.41,78.11,54.61,A,28.5,No,Yes,High School,Low,9,6.7,21.47,Bajo,-31.59,83.43,1.92
S4102,Omar,Smith,student3102@university.com,Male,21,Engineering,50.69,82.15,54.95,92.12,86.86,0.39,96.88,54.67,F,9.5,Yes,Yes,Phd,Low,9,6.7,50.64,Medio,-27.2,69.94,5.75
S4103,Emma,Jones,student3103@university.com,Female,23,Cs,77.3,43.59,74.37,89.23,53.95,2.91,95.62,63.03,F,10.9,No,Yes,Bachelor'S,Low,9,8.9,52.2,Medio,30.78,66.97,5.78
S4104,Emma,Johnson,student3104@university.com,Male,24,Cs,53.78,80.22,92.9,99.16,98.06,0.52,52.62,55.79,D,12.7,Yes,Yes,Unknown,Low,6,4.1,41.87,Medio,12.68,63.76,4.39
S4105,Ahmed,Smith,student3105@university.com,Male,24,Cs,64.32,54.46,71.23,68.6,97.37,5.7,59.63,62.64,D,11.7,Yes,Yes,Unknown,High,7,5.4,48.63,Medio,16.77,70.65,5.35
S4106,Emma,Jones,student3106@university.com,Male,19,Cs,54.4,58.92,79.69,95.34,85.59,1.16,83.8,51.23,D,8.0,No,Yes,Master'S,Medium,4,5.6,45.95,Medio,20.77,69.08,6.4
S4107,Maria,Johnson,student3107@university.com,Female,22,Cs,92.98,51.75,61.46,54.37,75.87,4.79,96.09,67.54,A,12.8,Yes,No,Master'S,High,2,4.6,27.75,Bajo,9.71,68.56,5.28
S4108,Ali,Brown,student3108@university.com,Female,23,Cs,79.55,86.55,63.29,70.57,62.53,7.2,71.52,60.67,B,18.5,Yes,Yes,High School,Medium,3,5.8,21.39,Bajo,-23.26,69.16,3.28
S4109,Sara,Johnson,student3109@university.com,Male,24,Cs,95.11,78.92,57.17,73.27,87.82,1.64,51.92,94.61,A,21.9,No,Yes,High School,Low,3,5.9,16.53,Bajo,-21.75,57.35,4.32
S4110,Ali,Davis,student3110@university.com,Male,22,Cs,84.42,76.71,82.34,72.04,93.89,7.55,82.16,92.91,C,21.1,No,Yes,Bachelor'S,Low,1,8.8,16.89,Bajo,5.63,80.9,4.4
S4111,Omar,Williams,student3111@university.com,Male,21,Mathematics,98.55,80.08,61.55,81.25,83.26,0.6,59.73,65.02,A,9.1,Yes,Yes,Unknown,Low,3,6.2,21.38,Bajo,-18.53,57.56,7.15
S4112,Sara,Johnson,student3112@university.com,Female,22,Engineering,75.49,54.21,51.44,58.51,81.45,1.5,77.62,73.77,F,20.4,No,Yes,High School,Medium,4,8.7,33.78,Medio,-2.77,58.14,3.62
S4113,Liam,Williams,student3113@university.com,Male,22,Mathematics,81.94,66.68,62.16,93.32,59.65,2.8,69.23,97.79,B,14.0,Yes,Yes,Unknown,Low,4,8.1,30.98,Medio,-4.52,62.55,6.98
S4114,Sara,Johnson,student3114@university.com,Male,21,Cs,78.82,78.0,91.23,77.59,67.89,7.96,77.9,76.2,F,25.5,No,No,Unknown,Low,3,7.7,20.71,Bajo,13.23,75.74,2.99
S4115,Ali,Williams,student3115@university.com,Female,23,Engineering,74.21,78.2,84.3,95.21,86.16,8.5,96.62,92.42,C,14.1,No,Yes,High School,High,10,5.7,43.52,Medio,6.1,90.75,6.55
S4116,Ahmed,Davis,student3116@university.com,Male,21,Cs,92.3,87.51,60.08,50.13,50.84,2.2,74.29,91.32,B,29.4,No,Yes,Unknown,Low,4,6.1,13.41,Bajo,-27.43,49.32,3.11
S4117,Sara,Brown,student3117@university.com,Female,19,Cs,82.23,57.23,94.41,74.81,82.06,0.96,51.73,97.06,B,20.4,No,Yes,Unknown,Medium,4,4.2,30.52,Medio,37.18,54.55,4.76
S4118,Liam,Jones,student3118@university.com,Female,20,Cs,90.07,86.22,44.49,70.62,88.33,8.48,79.05,65.29,A,15.7,No,Yes,Unknown,Low,3,5.9,19.2,Bajo,-41.73,80.7,4.16
S4119,Liam,Williams,student3119@university.com,Female,18,Mathematics,89.32,66.41,42.99,75.25,66.74,6.49,66.29,52.17,A,17.6,No,Yes,Unknown,High,5,8.4,28.9,Bajo,-23.42,68.3,2.96
S4120,Liam,Davis,student3120@university.com,Male,21,Mathematics,59.55,80.21,47.65,87.19,53.81,1.58,88.91,55.2,F,9.4,Yes,Yes,Unknown,Medium,3,7.9,34.84,Medio,-32.56,61.43,5.87
S4121,Ali,Williams,student3121@university.com,Male,21,Cs,82.51,67.34,46.99,61.36,90.96,5.58,73.5,78.56,A,22.0,Yes,Yes,Unknown,Medium,8,8.0,35.48,Medio,-20.35,70.4,3.57
S4122,Sara,Brown,student3122@university.com,Female,22,Cs,59.98,96.92,45.27,60.24,57.09,8.72,87.07,76.51,F,29.1,No,Yes,Master'S,High,3,5.1,19.83,Bajo,-51.65,72.9,2.63
S4123,John,Williams,student3123@university.com,Male,19,Engineering,79.17,50.76,79.68,85.15,68.54,0.7,95.44,64.92,A,17.9,No,Yes,Unknown,Medium,10,5.1,48.11,Medio,28.92,64.03,3.63
S4124,Ahmed,Davis,student3124@university.com,Female,24,Cs,75.725,80.5,76.05,76.07,85.36,0.84,68.11,62.44,B,29.8,No,Yes,Unknown,High,3,7.3,18.89,Bajo,-4.45,59.48,2.1
S4125,Maria,Davis,student3125@university.com,Male,24,Cs,99.86,74.59,78.86,61.68,90.85,2.74,99.47,85.47,B,8.8,No,No,Phd,High,8,7.3,33.83,Medio,4.27,69.85,9.71
S4126,Sara,Smith,student3126@university.com,Female,22,Cs,51.53,50.36,81.3,74.81,93.12,6.52,57.49,67.03,D,20.9,No,Yes,Unknown,Low,1,5.0,36.41,Medio,30.94,72.66,3.21
S4127,Liam,Brown,student3127@university.com,Female,23,Engineering,75.725,43.96,85.41,72.98,76.52,1.78,82.2,80.2,F,21.9,No,No,Unknown,Low,4,7.6,36.02,Medio,41.45,62.38,3.66
S4128,John,Smith,student3128@university.com,Male,21,Cs,53.85,87.95,52.43,84.57,73.79,8.16,51.74,85.61,F,12.8,No,Yes,Master'S,Medium,3,5.9,32.81,Medio,-35.52,72.92,6.69
S4129,Maria,Brown,student3129@university.com,Male,21,Cs,69.92,49.45,77.34,50.13,92.42,7.5,60.65,71.52,D,13.8,No,Yes,Master'S,Medium,1,8.4,33.79,Medio,27.89,69.55,5.18
S4130,Maria,Williams,student3130@university.com,Male,22,Cs,91.08,51.19,74.8,79.34,78.15,5.61,81.69,59.67,A,28.6,No,Yes,Unknown,High,1,5.8,18.46,Bajo,23.61,73.82,2.09
S4131,Omar,Davis,student3131@university.com,Male,21,Engineering,92.2,98.71,96.62,80.28,78.93,1.16,52.31,93.04,B,20.3,Yes,Yes,Bachelor'S,Low,7,5.1,21.3,Bajo,-2.09,55.78,4.58
S4132,Sara,Smith,student3132@university.com,Female,23,Mathematics,86.85,83.04,53.94,87.28,71.7,9.88,55.09,54.68,A,24.5,No,Yes,Phd,Medium,4,5.0,19.11,Bajo,-29.1,78.22,2.23
S4133,Ali,Williams,student3133@university.com,Female,20,Cs,94.84,55.03,43.52,94.46,68.64,4.9,64.55,91.47,B,23.1,Yes,Yes,Unknown,Medium,5,8.5,27.64,Bajo,-11.51,69.16,3.96
S4134,Sara,Davis,student3134@university.com,Male,18,Business,66.14,75.46,79.21,74.81,74.03,4.52,78.78,91.83,B,20.3,No,Yes,Unknown,Medium,2,8.3,26.29,Bajo,3.75,68.2,4.52
S4135,John,Brown,student3135@university.com,Male,18,Business,54.41,72.05,84.41,74.81,68.24,9.96,50.8,78.55,C,6.2,No,Yes,Unknown,Low,3,6.1,40.69,Medio,12.36,73.36,12.67
S4136,Maria,Davis,student3136@university.com,Female,18,Mathematics,52.91,90.67,56.99,55.12,67.18,8.64,74.12,81.47,C,21.6,No,Yes,Phd,Low,1,5.2,23.48,Bajo,-33.68,70.71,3.77
S4137,Sara,Williams,student3137@university.com,Male,20,Business,92.61,83.76,74.25,66.84,99.68,4.56,81.29,67.9,B,13.6,Yes,Yes,Master'S,Low,4,5.4,22.33,Bajo,-9.51,73.35,4.99
S4138,Ali,Smith,student3138@university.com,Male,21,Engineering,86.52,89.9,43.57,53.42,66.81,4.19,70.13,92.08,B,16.7,No,Yes,Master'S,Medium,8,5.9,29.95,Bajo,-46.33,58.06,5.51
S4139,Omar,Smith,student3139@university.com,Male,22,Business,84.93,52.69,97.6,90.14,62.82,0.96,53.38,63.19,F,26.3,No,Yes,Phd,Medium,3,4.2,25.76,Bajo,44.91,53.98,2.4
S4140,Sara,Davis,student3140@university.com,Male,24,Cs,66.98,78.41,46.6,90.35,67.7,9.27,80.54,77.99,C,29.2,Yes,Yes,Bachelor'S,Low,1,4.3,18.43,Bajo,-31.81,82.82,2.67
S4141,Ahmed,Williams,student3141@university.com,Female,19,Engineering,75.725,42.41,44.05,70.86,79.54,8.44,80.29,50.09,C,22.4,No,Yes,Phd,Medium,4,8.6,36.24,Medio,1.64,78.77,2.24
S4142,Omar,Johnson,student3142@university.com,Female,21,Mathematics,97.91,44.14,42.65,62.98,95.55,3.1,75.3,96.99,A,10.8,No,Yes,Unknown,High,9,7.8,44.87,Medio,-1.49,66.21,8.98
S4143,Ali,Brown,student3143@university.com,Male,20,Business,53.19,82.81,65.64,74.81,89.39,7.53,84.66,97.41,C,12.9,No,Yes,Unknown,Low,10,8.1,50.09,Medio,-17.17,81.04,7.55
S4144,John,Brown,student3144@university.com,Female,23,Mathematics,88.69,41.47,45.83,74.81,92.11,7.63,60.39,85.52,A,8.5,Yes,Yes,Phd,Medium,8,6.4,47.82,Medio,4.36,75.9,10.06
S4145,Maria,Williams,student3145@university.com,Male,20,Business,65.48,74.79,84.68,74.81,92.95,2.28,83.93,71.16,B,19.5,Yes,Yes,Unknown,Low,10,5.8,44.9,Medio,9.89,68.62,3.65
S4146,Sara,Johnson,student3146@university.com,Male,24,Business,51.95,90.42,93.93,63.31,96.03,6.14,58.07,58.93,F,28.2,No,Yes,Unknown,High,3,4.5,25.04,Bajo,3.51,69.7,2.09
S4147,Ali,Smith,student3147@university.com,Male,18,Business,87.13,62.8,55.61,81.09,61.75,2.55,69.63,74.62,A,25.3,No,Yes,Unknown,High,4,6.8,24.68,Bajo,-7.19,59.49,2.95
S4148,Omar,Jones,student3148@university.com,Female,21,Business,66.55,42.69,77.73,62.93,72.92,7.9,53.38,89.57,A,18.6,No,Yes,Bachelor'S,Low,5,7.7,43.49,Medio,35.04,67.06,4.82
S4149,Ahmed,Jones,student3149@university.com,Female,24,Engineering,86.11,82.83,42.54,61.26,69.26,1.54,90.96,80.26,B,28.5,No,Yes,Master'S,Medium,7,5.0,24.1,Bajo,-40.29,59.22,2.82
S4150,Ali,Williams,student3150@university.com,Female,18,Mathematics,75.725,95.78,63.19,51.06,69.09,6.69,76.91,76.37,F,27.4,No,Yes,Bachelor'S,Low,1,5.9,11.06,Bajo,-32.59,65.99,2.79
S4151,Emma,Johnson,student3151@university.com,Female,19,Business,76.74,83.03,57.58,78.86,82.61,3.26,98.55,92.47,C,14.0,No,Yes,Unknown,High,3,8.6,25.68,Bajo,-25.45,73.16,6.6
S4152,Liam,Johnson,student3152@university.com,Female,23,Business,75.725,74.71,53.72,57.5,70.09,0.36,97.12,65.66,F,18.7,No,Yes,Master'S,Medium,1,8.2,21.73,Bajo,-20.99,57.08,3.51
S4153,Ahmed,Brown,student3153@university.com,Male,18,Engineering,79.05,53.8,78.68,50.62,80.82,1.24,99.93,93.0,A,12.4,No,Yes,Unknown,Medium,3,8.0,34.44,Medio,24.88,60.94,7.5
S4154,Omar,Smith,student3154@university.com,Male,19,Cs,64.33,40.92,47.81,74.81,69.11,6.55,55.06,71.97,C,5.2,No,No,Unknown,Medium,6,4.2,53.72,Medio,6.89,66.12,13.84
S4155,John,Davis,student3155@university.com,Female,20,Cs,86.71,81.68,91.64,65.69,65.56,2.4,80.33,50.12,B,16.3,No,Yes,High School,Low,9,4.8,34.78,Medio,9.96,58.9,3.07
S4156,Maria,Johnson,student3156@university.com,Female,18,Mathematics,79.46,53.86,79.89,83.46,67.65,6.31,70.38,86.6,B,23.8,No,No,Bachelor'S,Low,6,5.5,35.24,Medio,26.03,71.15,3.64
S4157,Omar,Davis,student3157@university.com,Female,18,Engineering,50.64,91.49,82.64,60.13,90.19,4.15,76.63,93.89,D,20.9,Yes,Yes,Unknown,Low,8,5.5,39.93,Medio,-8.85,67.11,4.49
S4158,Liam,Jones,student3158@university.com,Male,22,Cs,95.08,67.98,96.12,94.38,80.05,6.93,65.44,74.22,A,28.2,No,Yes,Bachelor'S,Medium,4,4.6,18.89,Bajo,28.14,77.29,2.63
S4159,John,Davis,student3159@university.com,Female,23,Cs,77.28,71.84,96.54,64.42,98.7,4.93,52.4,72.74,B,22.1,No,Yes,Bachelor'S,Medium,5,5.4,29.24,Bajo,24.7,66.2,3.29
S4160,Sara,Smith,student3160@university.com,Male,23,Business,93.43,85.24,73.1,74.81,91.63,3.09,85.39,90.27,B,8.5,No,Yes,High School,High,8,6.1,33.03,Medio,-12.14,70.68,10.62
S4161,Ali,Smith,student3161@university.com,Male,24,Business,94.14,86.77,69.72,60.9,74.29,1.46,98.29,94.24,A,11.7,Yes,Yes,Bachelor'S,Medium,1,4.2,15.17,Bajo,-17.05,62.02,8.05
S4162,Emma,Davis,student3162@university.com,Female,20,Business,72.25,78.56,60.12,62.69,62.12,3.41,76.62,98.72,D,8.1,Yes,No,Unknown,Medium,8,6.0,42.65,Medio,-18.44,58.88,12.19
S4163,Ahmed,Williams,student3163@university.com,Male,22,Engineering,75.725,96.31,82.93,53.71,83.7,6.35,66.48,67.28,B,24.9,Yes,Yes,Bachelor'S,Low,2,6.5,14.38,Bajo,-13.38,66.85,2.7
S4164,Ahmed,Johnson,student3164@university.com,Male,24,Cs,70.79,98.94,72.29,74.81,86.33,7.4,96.91,79.73,F,28.8,Yes,Yes,Bachelor'S,Medium,6,4.2,22.25,Bajo,-26.65,83.01,2.77
S4165,Ali,Williams,student3165@university.com,Female,19,Cs,72.47,96.81,95.97,92.98,73.21,1.6,68.23,91.15,B,10.7,No,Yes,High School,Low,4,7.4,26.91,Bajo,-0.84,62.6,8.52
S4166,Emma,Davis,student3166@university.com,Male,24,Cs,94.76,89.45,54.32,84.42,61.5,6.64,95.73,76.59,B,24.1,Yes,Yes,Bachelor'S,Low,10,4.4,27.95,Bajo,-35.13,77.01,3.18
S4167,Ali,Johnson,student3167@university.com,Female,19,Business,89.41,82.34,58.62,93.76,77.86,1.79,92.78,73.09,A,15.9,No,Yes,Master'S,Medium,10,7.2,36.05,Medio,-23.72,70.58,4.6
S4168,Sara,Brown,student3168@university.com,Male,20,Cs,56.33,79.8,58.97,55.24,62.69,2.22,76.44,78.6,F,13.9,No,Yes,Phd,Low,4,9.0,36.06,Medio,-20.83,54.14,5.65
S4169,Liam,Williams,student3169@university.com,Female,23,Engineering,80.52,46.23,88.36,72.78,97.0,5.31,83.84,67.84,B,29.7,No,Yes,Master'S,Medium,5,4.3,31.99,Medio,42.13,76.68,2.28
S4170,John,Williams,student3170@university.com,Female,19,Engineering,99.8,56.29,45.94,61.46,81.44,2.89,85.02,59.6,A,13.6,No,Yes,High School,High,1,5.4,21.38,Bajo,-10.35,64.2,4.38
S4171,Omar,Davis,student3171@university.com,Male,20,Engineering,79.78,40.34,67.34,86.06,64.6,6.62,82.05,53.33,C,21.5,No,Yes,Bachelor'S,Medium,4,4.6,35.89,Medio,27.0,74.73,2.48
S4172,Ahmed,Jones,student3172@university.com,Female,24,Mathematics,89.29,48.24,65.65,98.51,60.79,9.56,58.04,80.5,B,22.8,No,No,Unknown,Low,8,5.8,38.43,Medio,17.41,78.24,3.53
S4173,Sara,Davis,student3173@university.com,Male,19,Cs,88.45,66.35,44.39,90.77,85.84,1.49,84.64,68.96,B,24.3,No,Yes,Bachelor'S,Medium,9,8.2,34.77,Medio,-21.96,69.04,2.84
S4174,John,Williams,student3174@university.com,Male,21,Business,67.52,48.79,64.65,51.76,85.39,5.71,50.16,94.15,D,26.6,No,Yes,Bachelor'S,High,2,8.6,30.65,Medio,15.86,61.1,3.54
S4175,Sara,Johnson,student3175@university.com,Female,18,Cs,68.59,94.1,70.8,65.83,79.86,9.23,85.5,61.15,F,19.2,No,Yes,Unknown,Medium,6,8.2,29.27,Bajo,-23.3,80.87,3.18
S4176,Emma,Jones,student3176@university.com,Male,24,Cs,86.2,88.34,43.91,51.43,80.72,1.77,77.74,65.54,A,20.1,No,Yes,Bachelor'S,High,5,7.5,22.17,Bajo,-44.43,56.9,3.26
S4177,Ahmed,Davis,student3177@university.com,Female,23,Engineering,75.0,44.3,70.59,52.01,80.19,3.67,62.99,98.53,C,22.8,No,Yes,Unknown,Low,8,7.6,44.62,Medio,26.29,57.97,4.32
S4178,Omar,Davis,student3178@university.com,Male,24,Cs,78.53,54.93,97.55,53.98,68.01,1.24,90.19,77.81,C,8.7,No,Yes,Unknown,Medium,8,4.6,47.24,Medio,42.62,56.14,8.94
S4179,Ali,Williams,student3179@university.com,Male,21,Business,85.65,89.14,98.73,63.82,96.87,6.42,70.26,67.34,A,10.0,No,Yes,Unknown,Low,8,5.2,33.84,Medio,9.59,73.79,6.73
S4180,Ali,Williams,student3180@university.com,Female,20,Engineering,88.88,88.18,71.9,65.21,73.96,6.69,74.29,93.04,A,24.1,Yes,Yes,Phd,Medium,10,5.8,30.39,Medio,-16.28,70.09,3.86
S4181,John,Brown,student3181@university.com,Male,20,Cs,63.58,96.73,70.91,70.02,51.02,6.64,51.38,87.17,A,8.4,No,Yes,Bachelor'S,Medium,1,4.3,24.53,Bajo,-25.82,59.7,10.38
S4182,Omar,Davis,student3182@university.com,Male,24,Cs,57.34,99.85,57.13,74.81,67.42,5.42,70.07,78.66,C,22.2,No,Yes,Unknown,Medium,10,8.1,38.88,Medio,-42.72,66.62,3.54
S4183,Liam,Williams,student3183@university.com,Male,21,Engineering,64.59,98.58,99.83,88.57,56.51,7.46,58.37,94.45,D,5.8,No,Yes,Bachelor'S,Medium,4,5.3,31.59,Medio,1.25,69.51,16.28
S4184,Maria,Smith,student3184@university.com,Male,24,Business,75.38,64.61,56.45,57.07,68.17,0.36,63.81,54.7,F,13.4,No,Yes,Unknown,Medium,2,4.3,29.76,Bajo,-8.16,48.16,4.08
S4185,Emma,Jones,student3185@university.com,Male,18,Engineering,67.11,55.02,67.17,57.89,80.41,9.58,62.61,69.72,F,21.6,No,Yes,High School,High,4,4.4,35.87,Medio,12.15,74.18,3.23
S4186,John,Smith,student3186@university.com,Male,18,Engineering,78.42,85.5,40.18,81.33,51.13,2.22,52.3,90.53,B,22.7,Yes,Yes,High School,Low,6,8.8,26.66,Bajo,-45.32,51.74,3.99
S4187,Maria,Jones,student3187@university.com,Male,22,Business,52.67,57.96,60.95,78.59,93.51,1.22,73.02,69.3,D,20.8,No,Yes,Unknown,Medium,4,8.6,40.44,Medio,2.99,64.33,3.33
S4188,Sara,Davis,student3188@university.com,Male,19,Engineering,75.49,88.38,44.29,57.7,80.52,9.41,76.13,96.34,C,16.0,No,Yes,Unknown,Low,5,8.8,27.95,Bajo,-44.09,77.11,6.02
S4189,Emma,Brown,student3189@university.com,Female,22,Cs,68.4,72.04,84.63,74.81,64.77,8.3,78.55,57.63,A,11.4,Yes,Yes,Unknown,Low,3,8.8,33.19,Medio,12.59,75.28,5.06
S4190,Sara,Williams,student3190@university.com,Male,18,Engineering,76.73,87.64,73.66,74.81,65.56,7.65,73.11,66.83,A,20.3,No,Yes,Unknown,Low,2,8.0,18.92,Bajo,-13.98,72.5,3.29
S4191,Liam,Williams,student3191@university.com,Male,21,Engineering,71.13,56.55,74.33,68.35,73.28,1.05,93.48,71.29,A,9.6,Yes,Yes,Unknown,Medium,7,5.4,46.67,Medio,17.78,61.4,7.43
S4192,Omar,Williams,student3192@university.com,Female,19,Business,64.21,70.48,57.19,71.02,62.4,8.08,51.88,84.35,B,6.5,No,No,Phd,Medium,6,5.6,44.24,Medio,-13.29,66.52,12.98
S4193,Ahmed,Davis,student3193@university.com,Female,21,Engineering,95.21,73.84,88.89,66.14,50.22,6.09,80.69,59.77,A,5.5,No,Yes,Bachelor'S,Low,3,6.0,26.22,Bajo,15.05,64.49,10.87
S4194,Emma,Jones,student3194@university.com,Female,22,Mathematics,59.24,96.59,40.2,77.87,51.33,7.32,93.31,50.49,C,11.7,Yes,Yes,Unknown,High,10,7.9,44.44,Medio,-56.39,73.93,4.32
S4195,Maria,Williams,student3195@university.com,Male,20,Cs,84.07,56.0,60.02,69.43,67.89,9.78,52.05,98.83,C,5.7,No,Yes,High School,Low,9,8.6,48.7,Medio,4.02,71.79,17.34
S4196,Liam,Smith,student3196@university.com,Female,21,Mathematics,96.23,96.2,79.57,62.97,56.21,1.94,74.82,94.94,A,11.2,No,Yes,Master'S,High,6,6.2,22.97,Bajo,-16.63,53.35,8.48
S4197,Ahmed,Williams,student3197@university.com,Female,22,Engineering,76.93,88.29,94.48,95.22,51.12,5.04,79.45,65.01,C,12.2,No,Yes,Phd,Low,5,5.5,29.38,Bajo,6.19,69.05,5.33
S4198,Ali,Davis,student3198@university.com,Male,22,Engineering,93.82,83.85,54.08,65.42,92.96,7.53,59.55,74.17,A,13.6,No,Yes,Master'S,Medium,8,5.2,30.76,Medio,-29.77,73.31,5.45
S4199,Maria,Brown,student3199@university.com,Male,22,Cs,56.24,87.21,72.47,84.92,63.71,4.34,62.63,74.45,F,22.8,No,No,Phd,Medium,2,5.3,24.98,Bajo,-14.74,63.66,3.27
S4200,John,Smith,student3200@university.com,Female,20,Cs,75.725,76.33,72.28,67.36,75.16,0.55,89.28,93.46,C,16.0,Yes,Yes,Unknown,Medium,6,4.0,33.71,Medio,-4.05,59.32,5.84
S4201,Ali,Williams,student3201@university.com,Female,20,Business,72.85,54.64,92.45,71.76,58.97,1.11,78.37,79.85,F,29.6,Yes,Yes,Unknown,Medium,6,5.2,34.42,Medio,37.81,55.05,2.7
S4202,Liam,Williams,student3202@university.com,Male,24,Business,50.41,51.37,43.03,61.8,52.34,6.02,65.79,91.32,F,28.7,No,Yes,Unknown,Medium,7,5.5,45.93,Medio,-8.34,60.03,3.18
S4203,Ali,Johnson,student3203@university.com,Male,20,Cs,72.16,91.98,65.47,87.62,87.24,2.85,88.24,95.6,C,29.5,No,Yes,High School,Medium,3,7.9,16.84,Bajo,-26.51,72.9,3.24
S4204,John,Jones,student3204@university.com,Male,19,Engineering,68.45,83.51,50.95,86.86,56.25,1.38,87.34,78.3,A,15.3,No,Yes,Master'S,High,6,6.7,34.45,Medio,-32.56,61.06,5.12
S4205,Emma,Smith,student3205@university.com,Male,20,Cs,83.49,52.79,41.29,51.11,51.29,3.4,67.27,64.27,A,6.1,Yes,Yes,Master'S,Low,3,5.7,36.34,Medio,-11.5,50.92,10.54
S4206,Ali,Johnson,student3206@university.com,Male,20,Mathematics,96.92,76.91,48.82,53.01,79.36,2.01,74.43,74.94,B,26.5,No,Yes,Unknown,Low,8,7.0,25.31,Bajo,-28.09,56.72,2.83
S4207,Omar,Brown,student3207@university.com,Female,20,Business,54.29,66.85,98.59,96.12,50.67,0.24,83.23,92.54,C,15.9,No,Yes,Master'S,High,5,7.9,41.88,Medio,31.74,58.1,5.82
S4208,Maria,Jones,student3208@university.com,Male,21,Cs,66.37,49.52,52.89,94.44,71.81,1.52,67.16,79.18,A,21.0,No,Yes,Unknown,Low,6,7.1,42.53,Medio,3.37,62.15,3.77
S4209,Ahmed,Smith,student3209@university.com,Male,20,Business,72.2,71.91,96.1,75.3,64.44,8.83,81.45,94.79,B,26.1,Yes,Yes,High School,Low,9,4.4,37.88,Medio,24.19,77.37,3.63
S4210,Ali,Williams,student3210@university.com,Male,19,Mathematics,72.76,56.89,52.32,74.67,65.97,0.12,62.55,94.77,A,20.2,No,Yes,Master'S,Low,9,5.2,45.14,Medio,-4.57,51.1,4.69
S4211,Maria,Smith,student3211@university.com,Male,22,Cs,88.74,45.77,95.88,90.62,50.19,7.74,64.6,68.67,A,23.4,Yes,Yes,High School,Medium,5,5.4,32.4,Medio,50.11,70.7,2.93
S4212,Sara,Williams,student3212@university.com,Male,21,Business,72.17,68.02,79.28,56.92,98.22,7.53,65.53,72.41,B,11.2,No,Yes,High School,Medium,10,5.8,48.73,Medio,11.26,73.99,6.47
S4213,Maria,Jones,student3213@university.com,Female,18,Engineering,51.36,75.41,46.79,82.68,75.85,5.64,96.8,83.9,D,9.9,Yes,Yes,Unknown,Low,7,4.1,47.78,Medio,-28.62,77.93,8.47
S4214,Ahmed,Williams,student3214@university.com,Male,20,Engineering,85.51,42.81,74.91,73.8,78.63,2.08,91.68,55.55,B,18.9,Yes,No,Master'S,Low,6,7.7,38.89,Medio,32.1,66.23,2.94
S4215,Maria,Brown,student3215@university.com,Female,24,Cs,94.24,64.13,59.11,87.17,83.31,8.78,78.26,73.28,B,20.9,No,Yes,Unknown,Medium,10,6.4,37.33,Medio,-5.02,84.14,3.51
S4216,John,Davis,student3216@university.com,Male,24,Cs,75.7,55.46,62.99,51.51,89.88,4.75,78.19,57.47,F,26.8,No,Yes,Unknown,Low,4,8.5,30.13,Medio,7.53,66.77,2.14
S4217,Liam,Williams,student3217@university.com,Female,22,Engineering,79.06,41.84,66.41,79.64,80.4,1.73,52.81,92.4,D,25.5,No,Yes,Phd,Low,1,6.6,27.03,Bajo,24.57,57.54,3.62
S4218,Ahmed,Brown,student3218@university.com,Female,22,Cs,58.15,47.54,65.36,77.84,88.11,4.29,82.48,97.14,C,29.7,No,Yes,Unknown,Medium,4,8.9,37.2,Medio,17.82,72.83,3.27
S4219,Liam,Davis,student3219@university.com,Male,21,Business,61.03,48.34,79.85,92.04,72.44,1.95,66.41,57.08,D,29.2,Yes,Yes,Phd,Low,2,7.5,31.76,Medio,31.51,62.6,1.95
S4220,Emma,Jones,student3220@university.com,Male,24,Cs,61.76,50.97,86.1,83.84,68.56,3.76,80.61,83.37,C,20.6,No,Yes,Unknown,Low,8,8.4,48.35,Medio,35.13,67.65,4.05
S4221,Liam,Jones,student3221@university.com,Male,18,Engineering,71.54,88.2,59.75,94.01,91.16,4.97,92.01,81.83,F,17.6,No,Yes,Phd,Medium,2,8.9,21.92,Bajo,-28.45,81.72,4.65
S4222,Sara,Smith,student3222@university.com,Male,23,Business,96.41,66.37,95.46,94.36,93.27,3.6,52.27,88.0,A,24.0,No,Yes,Bachelor'S,High,9,6.4,32.12,Medio,29.09,68.97,3.67
S4223,John,Brown,student3223@university.com,Male,24,Engineering,76.09,48.83,96.31,70.41,56.89,6.57,80.35,84.79,A,11.5,No,Yes,Unknown,Low,10,7.2,52.97,Medio,47.48,68.34,7.37
S4224,Emma,Brown,student3224@university.com,Female,24,Engineering,59.6,46.02,42.44,56.87,77.13,9.36,78.21,60.86,D,13.8,Yes,Yes,Unknown,Low,6,8.6,49.55,Medio,-3.58,76.45,4.41
S4225,Maria,Johnson,student3225@university.com,Male,19,Mathematics,63.3,57.88,40.89,81.51,84.18,3.48,60.34,64.56,C,24.2,No,Yes,Phd,Medium,5,6.9,37.27,Medio,-16.99,65.21,2.67
S4226,Ahmed,Johnson,student3226@university.com,Male,23,Business,69.2,87.88,65.5,93.69,54.18,3.56,82.32,58.26,F,28.7,No,Yes,Bachelor'S,Low,9,4.3,32.84,Medio,-22.38,66.45,2.03
S4227,Sara,Davis,student3227@university.com,Female,22,Cs,81.16,61.87,75.44,53.75,96.48,7.38,77.74,96.06,B,27.4,No,Yes,Bachelor'S,Medium,2,7.5,21.56,Bajo,13.57,75.44,3.51
S4228,John,Davis,student3228@university.com,Male,23,Engineering,72.0,49.59,56.67,77.9,76.01,5.31,88.37,76.09,F,6.8,No,Yes,Unknown,High,1,8.7,36.52,Medio,7.08,73.84,11.19
S4229,Emma,Johnson,student3229@university.com,Female,24,Mathematics,69.62,64.25,55.56,55.75,82.27,4.29,55.53,98.81,D,10.8,No,Yes,Bachelor'S,Low,9,7.9,48.74,Medio,-8.69,59.11,9.15
S4230,Emma,Davis,student3230@university.com,Male,22,Cs,78.24,73.32,80.7,51.35,58.91,8.14,72.18,72.47,F,11.8,No,No,Unknown,Medium,10,8.0,44.72,Medio,7.38,65.96,6.14
S4231,Sara,Williams,student3231@university.com,Female,23,Cs,62.09,41.78,76.1,83.98,63.22,8.91,99.9,77.64,B,14.6,No,Yes,Bachelor'S,High,4,4.4,45.1,Medio,34.32,84.05,5.32
S4232,Omar,Johnson,student3232@university.com,Male,22,Cs,53.95,77.66,50.03,84.09,56.05,5.91,84.46,89.46,C,6.8,No,Yes,Unknown,High,2,7.7,36.64,Medio,-27.63,70.92,13.16
S4233,Maria,Brown,student3233@university.com,Female,22,Cs,51.22,63.71,93.07,80.03,63.2,1.85,84.21,89.86,D,10.8,Yes,Yes,Unknown,Medium,6,4.2,48.67,Medio,29.36,61.48,8.32
S4234,Sara,Williams,student3234@university.com,Female,21,Business,62.56,40.58,80.8,92.96,74.62,4.66,65.89,61.56,D,22.9,No,Yes,Unknown,Low,1,8.7,34.48,Medio,40.22,70.02,2.69
S4235,Emma,Davis,student3235@university.com,Male,18,Business,54.58,80.43,61.75,54.04,91.68,5.04,54.69,64.41,F,11.1,No,Yes,Master'S,Medium,4,8.6,37.88,Medio,-18.68,62.7,5.8
S4236,Ali,Jones,student3236@university.com,Male,22,Mathematics,66.82,82.74,81.02,55.26,76.69,4.32,97.47,54.89,B,28.6,Yes,No,High School,Medium,4,8.9,24.16,Bajo,-1.72,68.16,1.92
S4237,John,Smith,student3237@university.com,Male,19,Business,88.65,77.73,46.76,93.23,62.22,2.62,55.27,90.27,A,15.6,Yes,No,Bachelor'S,Medium,10,5.5,37.85,Medio,-30.97,59.23,5.79
S4238,Sara,Johnson,student3238@university.com,Female,24,Cs,85.81,60.52,68.1,75.16,52.23,4.72,99.64,89.69,A,7.5,No,Yes,High School,High,7,6.7,41.39,Medio,7.58,68.56,11.96
S4239,Omar,Jones,student3239@university.com,Female,24,Cs,80.55,71.78,50.14,63.65,81.1,4.47,56.29,54.06,F,26.1,No,Yes,Bachelor'S,Medium,3,6.9,21.67,Bajo,-21.64,61.43,2.07
S4240,Emma,Davis,student3240@university.com,Female,19,Mathematics,92.63,63.23,42.49,86.91,71.01,2.09,58.55,62.87,A,27.9,No,Yes,Unknown,Medium,8,6.8,30.22,Medio,-20.74,59.34,2.25
S4241,Maria,Brown,student3241@university.com,Male,20,Cs,64.1,82.04,60.3,94.72,99.22,9.03,65.42,72.49,D,28.2,No,Yes,Phd,Medium,2,6.1,21.08,Bajo,-21.74,87.42,2.57
S4242,Liam,Smith,student3242@university.com,Male,22,Cs,94.25,75.01,49.04,84.48,88.99,8.85,75.62,77.09,A,17.3,No,Yes,Master'S,Low,4,8.9,22.53,Bajo,-25.97,84.4,4.46
S4243,Emma,Jones,student3243@university.com,Female,22,Mathematics,69.96,44.91,78.01,89.6,90.42,7.6,89.52,76.13,B,28.0,Yes,Yes,Bachelor'S,Low,8,8.4,43.6,Medio,33.1,86.38,2.72
S4244,Maria,Smith,student3244@university.com,Male,22,Engineering,70.04,78.59,80.44,64.12,50.61,4.01,98.55,99.15,D,22.7,No,Yes,Phd,Medium,4,7.1,27.23,Bajo,1.85,63.34,4.37
S4245,Sara,Johnson,student3245@university.com,Female,23,Cs,70.27,81.23,48.92,64.44,88.89,3.7,67.94,88.21,D,9.9,Yes,Yes,Unknown,Low,5,7.2,34.98,Medio,-32.31,64.57,8.91
S4246,Maria,Davis,student3246@university.com,Male,22,Business,75.725,62.24,41.48,74.81,59.73,7.16,51.02,55.66,B,18.3,No,Yes,Unknown,Low,10,7.6,45.67,Medio,-20.76,64.29,3.04
S4247,Ahmed,Brown,student3247@university.com,Male,22,Mathematics,98.77,92.55,87.57,80.74,79.29,6.08,80.83,64.68,A,15.8,No,Yes,High School,Low,8,7.0,25.32,Bajo,-4.98,75.41,4.09
S4248,Ahmed,Davis,student3248@university.com,Female,19,Cs,56.93,90.58,40.12,61.71,72.37,6.01,85.54,67.27,F,16.3,No,Yes,Unknown,High,8,7.5,40.31,Medio,-50.46,69.93,4.13
S4249,Ahmed,Smith,student3249@university.com,Male,18,Business,67.04,50.51,60.63,76.21,78.58,1.24,69.87,65.76,B,15.3,Yes,Yes,High School,Medium,5,8.1,42.62,Medio,10.12,59.26,4.3
S4250,Omar,Jones,student3250@university.com,Male,18,Cs,65.97,94.26,69.67,84.29,56.67,6.18,59.17,89.3,A,9.4,No,Yes,Bachelor'S,Low,6,8.9,35.04,Medio,-24.59,65.48,9.5
S4251,Omar,Johnson,student3251@university.com,Male,20,Engineering,53.73,66.45,89.12,60.93,72.84,9.02,65.3,68.03,F,14.8,No,Yes,High School,High,9,8.2,51.64,Medio,22.67,72.32,4.6
S4252,Ali,Johnson,student3252@university.com,Male,19,Mathematics,57.61,83.42,90.31,82.75,51.85,0.86,82.79,74.62,D,17.8,No,Yes,High School,Medium,2,4.6,28.13,Bajo,6.89,56.5,4.19
S4253,Omar,Davis,student3253@university.com,Male,22,Mathematics,52.24,88.85,83.5,52.11,52.05,3.39,74.71,76.67,D,12.1,No,Yes,Master'S,Low,3,6.7,33.46,Medio,-5.35,53.19,6.34
S4254,Liam,Jones,student3254@university.com,Female,18,Cs,64.62,70.31,54.83,65.18,82.89,5.09,87.17,63.52,A,9.4,No,Yes,Bachelor'S,Medium,9,7.2,49.37,Medio,-15.48,71.54,6.76
S4255,Sara,Jones,student3255@university.com,Male,21,Cs,75.725,63.95,83.21,83.7,97.58,6.86,60.91,66.13,D,10.0,No,Yes,Unknown,Medium,3,5.3,33.76,Medio,19.26,77.7,6.61
S4256,Emma,Smith,student3256@university.com,Female,21,Cs,66.97,94.93,54.79,57.47,88.87,0.9,92.1,89.0,D,9.8,No,Yes,Master'S,Medium,5,6.4,32.07,Medio,-40.14,61.86,9.08
S4257,Emma,Davis,student3257@university.com,Male,21,Engineering,56.18,53.85,52.88,61.11,73.46,8.73,57.79,93.33,D,16.2,No,Yes,Bachelor'S,Low,3,8.7,40.53,Medio,-0.97,69.92,5.76
S4258,Ali,Davis,student3258@university.com,Male,22,Cs,82.28,55.42,72.83,93.95,52.79,0.41,66.5,51.85,F,10.2,No,Yes,Phd,Low,10,5.3,49.48,Medio,17.41,54.34,5.08
S4259,Omar,Williams,student3259@university.com,Female,22,Engineering,99.83,61.7,80.73,83.72,52.25,8.58,79.56,80.26,A,22.9,No,No,Unknown,Medium,4,5.6,21.77,Bajo,19.03,75.33,3.5
S4260,Liam,Davis,student3260@university.com,Female,20,Cs,61.62,91.57,43.18,74.95,57.89,0.28,86.84,81.67,A,13.4,No,Yes,High School,Low,3,8.5,28.71,Bajo,-48.39,55.62,6.09
S4261,Maria,Johnson,student3261@university.com,Male,24,Engineering,63.98,96.33,43.6,60.54,98.79,1.54,63.31,86.87,C,28.5,No,Yes,Phd,Medium,10,4.5,34.46,Medio,-52.73,59.51,3.05
S4262,Ali,Smith,student3262@university.com,Male,20,Cs,75.725,53.2,87.05,74.81,69.93,8.0,97.41,84.69,F,6.6,No,Yes,High School,Medium,4,8.4,40.9,Medio,33.85,80.54,12.83
S4263,Liam,Jones,student3263@university.com,Female,20,Business,58.94,91.83,91.57,78.72,92.17,8.6,85.31,93.87,D,12.7,Yes,Yes,Bachelor'S,High,1,5.5,25.47,Bajo,-0.26,85.55,7.39
S4264,Maria,Davis,student3264@university.com,Female,23,Cs,75.56,55.49,76.27,57.77,85.26,9.82,60.88,53.92,B,23.5,No,Yes,Unknown,Medium,8,6.5,40.71,Medio,20.78,75.53,2.29
S4265,Liam,Smith,student3265@university.com,Female,21,Cs,75.725,98.24,65.73,74.09,80.27,1.16,86.29,69.42,C,22.1,No,Yes,Unknown,Low,10,7.2,32.97,Medio,-32.51,63.06,3.14
S4266,Maria,Davis,student3266@university.com,Female,22,Business,96.62,75.84,90.72,70.45,97.39,5.26,84.82,89.1,A,15.5,Yes,Yes,Master'S,Medium,7,7.2,29.01,Bajo,14.88,76.32,5.75
S4267,John,Jones,student3267@university.com,Male,21,Business,99.08,40.43,83.73,73.83,61.52,0.77,87.63,92.33,A,26.8,Yes,Yes,Bachelor'S,Medium,6,8.9,30.9,Medio,43.3,57.67,3.45
S4268,Liam,Brown,student3268@university.com,Male,20,Cs,90.73,42.05,74.78,55.28,72.74,1.56,95.79,63.24,A,6.8,No,Yes,High School,High,7,4.2,45.56,Medio,32.73,59.85,9.3
S4269,Emma,Jones,student3269@university.com,Male,22,Cs,65.74,48.85,59.19,55.32,93.24,1.74,85.59,79.26,B,17.7,No,Yes,High School,Medium,8,7.5,49.04,Medio,10.34,62.89,4.48
S4270,Ahmed,Jones,student3270@university.com,Male,19,Business,70.17,51.25,51.88,98.21,77.59,0.63,67.6,59.04,B,10.0,No,No,High School,Low,1,8.2,35.07,Medio,0.63,62.42,5.9
S4271,Omar,Jones,student3271@university.com,Male,18,Cs,62.12,86.06,65.12,98.97,62.32,8.93,89.53,92.54,A,14.3,No,Yes,High School,Low,7,6.9,38.62,Medio,-20.94,85.03,6.47
S4272,Maria,Davis,student3272@university.com,Female,18,Business,94.54,53.37,57.21,71.31,60.45,1.26,84.79,86.52,B,22.5,No,Yes,Unknown,Medium,9,8.9,37.43,Medio,3.84,57.29,3.85
S4273,John,Williams,student3273@university.com,Female,20,Engineering,95.73,98.15,60.36,89.45,87.64,6.29,78.71,61.1,A,7.5,No,Yes,Unknown,Low,4,6.1,19.97,Bajo,-37.79,79.68,8.15
S4274,Liam,Jones,student3274@university.com,Female,24,Cs,70.94,78.17,70.94,82.79,50.64,6.26,67.69,81.19,D,6.1,No,Yes,High School,Low,2,7.7,30.89,Medio,-7.23,65.93,13.31
S4275,Emma,Johnson,student3275@university.com,Male,21,Engineering,82.83,81.55,50.15,55.85,95.71,1.99,96.05,75.47,A,15.5,No,Yes,Unknown,Medium,1,7.4,18.79,Bajo,-31.4,66.88,4.87
S4276,Ahmed,Johnson,student3276@university.com,Female,19,Business,58.28,53.07,88.37,74.81,50.92,9.98,75.64,62.94,F,11.8,No,Yes,Phd,Low,8,4.2,53.34,Medio,35.3,75.29,5.33
S4277,Maria,Smith,student3277@university.com,Male,22,Mathematics,71.75,93.56,48.73,65.68,81.55,3.47,81.41,94.66,A,23.0,No,Yes,Bachelor'S,Low,9,6.8,33.1,Medio,-44.83,65.84,4.12
S4278,Liam,Williams,student3278@university.com,Male,24,Cs,81.57,80.07,68.86,79.79,80.24,9.05,70.77,57.39,D,6.6,No,Yes,Unknown,Low,3,5.3,28.57,Bajo,-11.21,80.32,8.7
S4279,Liam,Smith,student3279@university.com,Male,21,Engineering,69.27,91.86,84.76,79.0,78.92,9.48,89.04,73.37,D,29.2,Yes,Yes,Bachelor'S,Medium,8,6.6,29.15,Bajo,-7.1,85.44,2.51
S4280,Maria,Johnson,student3280@university.com,Female,20,Cs,67.88,97.39,69.1,96.18,73.72,9.49,67.05,79.14,A,20.5,Yes,Yes,High School,Medium,8,8.4,32.33,Medio,-28.29,82.96,3.86
S4281,Ali,Johnson,student3281@university.com,Male,21,Engineering,50.05,47.54,61.66,89.5,92.62,7.53,90.53,91.18,F,17.5,No,Yes,Master'S,Low,1,7.2,39.47,Medio,14.12,86.99,5.21
S4282,Ali,Brown,student3282@university.com,Male,20,Business,90.21,45.8,68.49,92.84,82.97,2.54,55.4,57.51,A,15.3,No,Yes,Phd,Low,8,7.0,42.59,Medio,22.69,64.15,3.76
S4283,Emma,Jones,student3283@university.com,Female,23,Cs,94.47,88.2,90.92,94.56,89.09,1.21,85.45,80.46,A,23.7,Yes,Yes,High School,Low,2,7.4,10.85,Bajo,2.72,70.3,3.39
S4284,Ahmed,Johnson,student3284@university.com,Male,18,Mathematics,98.47,91.97,99.43,90.06,55.78,5.7,73.84,50.33,A,13.9,No,Yes,High School,High,2,6.6,13.22,Bajo,7.46,69.17,3.62
S4285,Maria,Davis,student3285@university.com,Female,24,Engineering,85.96,75.03,77.87,66.64,52.49,3.6,84.94,91.13,A,24.4,Yes,Yes,Phd,Low,4,6.2,21.87,Bajo,2.84,60.02,3.73
S4286,Emma,Davis,student3286@university.com,Male,18,Mathematics,77.44,61.96,87.61,60.75,51.43,8.31,76.57,61.74,C,22.8,No,Yes,High School,High,10,5.9,42.91,Medio,25.65,67.96,2.71
S4287,Emma,Smith,student3287@university.com,Female,21,Business,75.725,79.16,40.87,74.81,57.36,7.45,56.72,86.05,C,18.8,Yes,Yes,Unknown,High,7,7.5,33.68,Medio,-38.29,65.85,4.58
S4288,Sara,Smith,student3288@university.com,Male,19,Cs,99.96,58.34,92.82,74.81,83.35,2.76,73.85,80.09,B,27.2,No,Yes,Master'S,Low,2,7.9,16.13,Bajo,34.48,64.9,2.94
S4289,Liam,Jones,student3289@university.com,Male,22,Cs,79.49,54.3,97.24,69.33,74.7,0.17,98.23,52.51,D,13.6,Yes,Yes,Unknown,Medium,5,6.1,37.98,Medio,42.94,60.99,3.86
S4290,Omar,Jones,student3290@university.com,Female,20,Cs,84.06,69.29,74.51,92.42,87.61,2.37,87.74,59.16,A,6.4,Yes,No,Unknown,Medium,4,4.2,33.26,Medio,5.22,72.87,9.24
S4291,Liam,Brown,student3291@university.com,Male,22,Cs,84.12,52.97,85.23,98.03,59.59,5.67,65.01,63.39,C,14.4,No,Yes,Unknown,High,6,6.7,38.58,Medio,32.26,69.83,4.4
S4292,Ali,Williams,student3292@university.com,Female,18,Engineering,92.26,69.02,70.76,78.47,68.35,0.79,97.21,94.34,A,26.9,No,Yes,Unknown,Medium,3,6.9,18.0,Bajo,1.74,62.98,3.51
S4293,Ahmed,Smith,student3293@university.com,Male,19,Engineering,50.48,97.4,57.17,72.83,94.42,6.58,88.95,74.04,C,6.9,No,Yes,High School,Medium,9,6.4,47.44,Medio,-40.23,80.5,10.73
S4294,Liam,Jones,student3294@university.com,Female,19,Mathematics,61.01,90.39,91.13,92.14,96.79,6.72,68.22,95.68,A,24.1,No,Yes,Master'S,Medium,1,5.8,19.48,Bajo,0.74,81.09,3.97
S4295,Maria,Smith,student3295@university.com,Male,22,Engineering,83.28,96.5,75.81,51.21,96.09,1.69,80.18,52.37,F,25.6,No,Yes,Master'S,Low,8,8.5,24.66,Bajo,-20.69,61.1,2.05
S4296,Emma,Jones,student3296@university.com,Male,18,Business,94.76,88.38,74.76,74.81,90.92,5.96,71.33,50.33,B,15.7,Yes,Yes,High School,Low,6,6.4,23.58,Bajo,-13.62,74.17,3.21
S4297,Maria,Johnson,student3297@university.com,Male,22,Mathematics,84.27,61.29,79.55,74.81,84.41,6.07,54.83,97.41,D,9.9,No,Yes,Master'S,Medium,4,8.0,33.84,Medio,18.26,68.69,9.84
S4298,Sara,Smith,student3298@university.com,Female,21,Business,70.67,88.72,91.36,86.6,95.68,4.78,90.3,86.2,C,13.9,No,Yes,Master'S,Low,9,7.2,39.48,Medio,2.64,80.1,6.2
S4299,Ahmed,Johnson,student3299@university.com,Female,19,Cs,68.08,95.37,83.91,70.81,85.71,9.53,59.55,89.17,F,15.0,No,Yes,High School,Low,1,7.9,20.06,Bajo,-11.46,77.84,5.94
S4300,Emma,Smith,student3300@university.com,Female,19,Engineering,86.9,96.82,52.67,94.44,97.7,1.08,72.9,95.79,A,28.3,No,Yes,Bachelor'S,Medium,9,8.4,24.17,Bajo,-44.15,68.96,3.38
S4301,Maria,Williams,student3301@university.com,Female,21,Cs,87.06,80.99,68.01,67.57,51.24,4.07,85.13,99.23,B,12.1,No,Yes,Phd,High,2,5.2,21.4,Bajo,-12.98,61.16,8.2
S4302,Ali,Brown,student3302@university.com,Female,18,Cs,80.35,52.68,98.82,81.69,96.08,8.83,96.61,54.89,A,29.3,Yes,Yes,Unknown,High,6,8.1,32.53,Medio,46.14,90.67,1.87
S4303,Omar,Davis,student3303@university.com,Male,19,Cs,64.57,42.38,73.27,81.72,77.79,3.86,53.14,57.91,B,7.7,No,Yes,Master'S,High,8,7.6,56.39,Alto,30.89,62.81,7.52
S4304,Sara,Davis,student3304@university.com,Male,24,Business,96.26,48.83,96.29,59.22,55.59,4.25,69.66,59.43,A,29.4,No,Yes,Phd,Medium,2,6.8,19.18,Bajo,47.46,56.74,2.02
S4305,Ahmed,Davis,student3305@university.com,Male,23,Engineering,77.59,97.93,88.8,64.24,60.75,6.68,80.73,90.92,F,10.6,No,No,High School,High,5,6.7,27.05,Bajo,-9.13,68.13,8.58
S4306,Sara,Johnson,student3306@university.com,Male,23,Engineering,75.725,67.73,79.96,95.8,92.61,6.66,88.97,67.78,A,9.2,Yes,Yes,Master'S,Medium,10,5.6,48.58,Medio,12.23,86.0,7.37
S4307,Ali,Jones,student3307@university.com,Male,23,Mathematics,60.72,91.3,60.96,59.17,75.31,0.23,96.05,79.66,C,8.0,No,Yes,Phd,Medium,10,6.7,47.36,Medio,-30.34,58.21,9.96
S4308,Ahmed,Davis,student3308@university.com,Female,20,Cs,67.2,67.9,58.26,58.68,99.14,4.56,50.02,92.76,F,12.9,Yes,Yes,Unknown,Low,4,5.9,36.33,Medio,-9.64,63.36,7.19
S4309,Sara,Williams,student3309@university.com,Male,24,Engineering,93.73,79.65,78.61,74.81,55.88,3.34,81.39,84.16,B,20.4,No,Yes,Phd,High,5,8.4,21.99,Bajo,-1.04,61.37,4.13
S4310,John,Davis,student3310@university.com,Female,20,Business,52.51,41.45,65.95,54.61,70.63,6.28,50.35,53.27,C,21.7,No,Yes,Bachelor'S,Medium,10,6.9,58.34,Alto,24.5,59.6,2.45
S4311,Ali,Smith,student3311@university.com,Male,18,Cs,75.62,54.99,87.93,94.73,66.59,5.56,89.36,72.28,C,14.2,Yes,Yes,Master'S,Medium,4,5.5,36.6,Medio,32.94,76.57,5.09
S4312,Ali,Johnson,student3312@university.com,Female,21,Engineering,74.09,66.18,85.63,55.01,75.81,6.51,57.48,53.38,F,10.8,Yes,Yes,Unknown,Low,3,4.7,33.26,Medio,19.45,63.35,4.94
S4313,Ali,Smith,student3313@university.com,Female,22,Cs,87.56,77.84,58.73,80.83,81.67,6.54,94.73,73.94,A,29.9,No,Yes,Unknown,Medium,4,7.5,17.72,Bajo,-19.11,80.66,2.47
S4314,John,Smith,student3314@university.com,Female,24,Business,64.09,50.29,82.16,66.99,83.08,2.55,57.76,60.97,A,11.8,No,Yes,Unknown,High,5,7.3,45.47,Medio,31.87,58.33,5.17
S4315,John,Smith,student3315@university.com,Male,18,Cs,60.95,85.87,69.67,90.21,50.06,2.46,88.22,50.07,B,14.5,No,Yes,Bachelor'S,Medium,1,5.8,25.66,Bajo,-16.2,63.27,3.45
S4316,Maria,Brown,student3316@university.com,Male,22,Cs,96.31,61.86,59.4,79.49,54.45,3.7,64.47,90.66,A,17.0,No,Yes,Phd,High,4,4.8,25.9,Bajo,-2.46,58.85,5.33
S4317,Emma,Brown,student3317@university.com,Male,18,Engineering,78.59,89.05,64.78,69.42,51.75,2.42,77.86,98.47,B,23.5,No,Yes,Unknown,Low,9,7.6,31.81,Medio,-24.27,55.81,4.19
S4318,Omar,Jones,student3318@university.com,Male,20,Cs,55.23,45.88,93.72,99.19,93.23,6.83,80.42,98.21,C,8.8,Yes,No,Unknown,Low,8,5.4,58.06,Alto,47.84,85.29,11.16
S4319,Sara,Johnson,student3319@university.com,Female,23,Cs,59.65,80.79,61.57,53.31,65.66,6.03,60.34,64.96,C,11.7,No,Yes,Master'S,Low,5,8.3,37.92,Medio,-19.22,59.9,5.55
S4320,Maria,Williams,student3320@university.com,Female,21,Engineering,99.94,57.6,57.24,74.81,68.35,2.16,64.93,91.44,A,29.9,No,Yes,Master'S,Low,3,7.6,17.24,Bajo,-0.36,57.42,3.06
S4321,Sara,Williams,student3321@university.com,Female,20,Cs,59.78,87.72,61.11,99.48,72.52,8.84,55.38,83.94,D,25.6,No,Yes,High School,Low,2,8.5,22.18,Bajo,-26.61,78.94,3.28
S4322,Omar,Williams,student3322@university.com,Female,21,Engineering,80.52,64.13,52.88,84.55,92.47,4.61,50.26,90.0,D,16.1,No,Yes,Bachelor'S,Medium,8,8.9,40.08,Medio,-11.25,68.34,5.59
S4323,Emma,Smith,student3323@university.com,Male,24,Engineering,71.01,79.92,72.68,86.99,50.71,1.27,61.97,92.31,D,7.7,Yes,Yes,Unknown,Low,8,5.7,42.88,Medio,-7.24,53.09,11.99
S4324,John,Brown,student3324@university.com,Female,22,Engineering,94.28,96.06,48.85,74.81,55.93,2.13,75.8,99.01,A,26.7,No,Yes,Bachelor'S,High,5,6.5,13.72,Bajo,-47.21,56.96,3.71
S4325,Emma,Johnson,student3325@university.com,Male,18,Engineering,87.76,41.24,89.05,51.07,84.26,5.4,85.68,57.59,A,24.6,No,No,Bachelor'S,High,7,6.0,37.95,Medio,47.81,68.75,2.34
S4326,John,Smith,student3326@university.com,Female,19,Cs,75.725,40.67,53.53,74.81,98.19,3.38,89.68,88.49,B,19.5,Yes,Yes,Unknown,Low,1,4.4,31.55,Medio,12.86,74.12,4.54
S4327,Omar,Brown,student3327@university.com,Female,19,Cs,50.54,86.22,75.88,99.59,82.14,8.51,53.49,86.71,C,15.1,Yes,Yes,High School,Medium,6,6.0,40.01,Medio,-10.34,80.08,5.74
S4328,Emma,Brown,student3328@university.com,Female,21,Business,93.99,78.78,47.5,98.98,63.06,4.95,63.62,64.39,A,28.4,Yes,Yes,Bachelor'S,Medium,10,6.2,29.27,Bajo,-31.28,68.79,2.27
S4329,Maria,Davis,student3329@university.com,Male,23,Business,72.23,57.58,98.71,66.73,75.99,9.15,88.51,69.63,D,12.4,No,Yes,Unknown,Low,9,4.9,49.02,Medio,41.13,80.68,5.62
S4330,Ahmed,Davis,student3330@university.com,Male,23,Cs,96.58,69.66,67.27,74.81,98.75,1.02,74.04,58.84,A,13.0,Yes,Yes,Unknown,High,7,8.4,32.13,Medio,-2.39,64.45,4.53
S4331,Maria,Johnson,student3331@university.com,Female,21,Engineering,74.78,42.52,89.33,74.81,76.4,6.69,59.11,95.66,A,26.9,No,Yes,Master'S,Low,5,5.5,36.51,Medio,46.81,69.31,3.56
S4332,Sara,Johnson,student3332@university.com,Female,20,Engineering,84.71,51.55,86.12,66.46,68.68,8.86,69.61,93.97,F,20.7,No,Yes,Unknown,Medium,6,7.8,35.65,Medio,34.57,73.34,4.54
S4333,Maria,Johnson,student3333@university.com,Female,19,Engineering,75.725,65.47,82.82,68.51,69.17,2.93,63.5,80.7,A,28.8,No,Yes,Phd,Low,7,4.4,32.79,Medio,17.35,57.62,2.8
S4334,Omar,Smith,student3334@university.com,Male,20,Engineering,87.26,90.04,89.64,87.41,98.35,1.36,52.53,75.58,A,21.1,Yes,Yes,Unknown,High,6,4.2,23.01,Bajo,-0.4,62.97,3.58
S4335,Ali,Jones,student3335@university.com,Male,22,Cs,75.725,68.78,46.03,93.31,85.95,4.57,88.18,61.64,D,5.8,No,Yes,Unknown,Medium,5,9.0,38.85,Medio,-22.75,78.28,10.63
S4336,Sara,Johnson,student3336@university.com,Male,19,Business,67.57,75.18,80.71,87.34,84.36,9.61,64.58,89.48,A,9.4,No,Yes,Phd,High,2,4.6,31.32,Medio,5.53,83.09,9.52
S4337,Emma,Davis,student3337@university.com,Female,22,Cs,55.93,92.43,55.95,82.32,61.6,6.33,97.26,50.41,F,12.0,No,Yes,Master'S,Low,3,7.8,31.14,Medio,-36.48,76.12,4.2
S4338,Sara,Jones,student3338@university.com,Male,18,Engineering,57.34,58.53,87.15,88.3,77.97,6.44,94.41,73.14,D,26.7,No,Yes,Unknown,Low,4,7.0,35.69,Medio,28.62,81.27,2.74
S4339,Ahmed,Smith,student3339@university.com,Female,20,Business,59.29,82.04,97.41,86.92,67.84,6.72,85.81,93.03,D,25.8,No,Yes,Unknown,Low,5,6.3,30.63,Medio,15.37,76.94,3.61
S4340,John,Jones,student3340@university.com,Male,21,Engineering,66.41,91.7,94.09,74.81,62.01,0.4,66.33,80.92,D,24.8,Yes,Yes,Unknown,High,1,4.2,16.85,Bajo,2.39,51.79,3.26
S4341,Emma,Williams,student3341@university.com,Female,19,Cs,94.6,52.16,46.9,74.81,94.78,4.46,64.0,81.76,A,18.8,No,Yes,Unknown,Low,10,5.6,41.84,Medio,-5.26,69.55,4.35
S4342,Liam,Jones,student3342@university.com,Female,20,Mathematics,68.41,61.39,62.17,64.14,69.16,0.78,73.76,53.54,B,8.5,No,No,Master'S,Low,7,8.5,46.72,Medio,0.78,53.72,6.3
S4343,Sara,Johnson,student3343@university.com,Male,21,Business,86.22,98.79,61.86,83.97,64.14,3.16,67.73,64.34,B,8.3,No,Yes,High School,Medium,8,8.5,31.59,Medio,-36.93,61.86,7.75
S4344,Emma,Smith,student3344@university.com,Female,18,Business,54.14,98.99,47.34,97.97,96.59,8.22,95.06,83.69,C,8.2,No,Yes,Unknown,Low,7,7.0,40.59,Medio,-51.65,92.96,10.21
S4345,Emma,Johnson,student3345@university.com,Female,19,Engineering,79.55,53.39,45.89,79.05,59.87,6.56,56.17,52.48,F,26.4,No,No,Phd,High,5,6.9,31.83,Medio,-7.5,65.17,1.99
S4346,Emma,Davis,student3346@university.com,Female,22,Cs,74.09,43.99,63.09,95.63,87.28,9.96,86.22,66.55,C,8.5,No,Yes,Master'S,Low,1,6.1,36.62,Medio,19.1,92.18,7.83
S4347,John,Williams,student3347@university.com,Male,18,Mathematics,98.9,56.26,99.52,74.81,82.64,1.72,80.54,67.7,A,25.2,Yes,Yes,Master'S,Medium,9,7.9,33.68,Medio,43.26,63.8,2.69
S4348,Liam,Davis,student3348@university.com,Female,23,Engineering,92.31,63.86,74.14,89.72,96.02,3.97,90.32,74.94,B,26.1,Yes,Yes,Phd,Medium,2,8.4,17.71,Bajo,10.28,78.94,2.87
S4349,Omar,Johnson,student3349@university.com,Male,21,Business,72.74,66.46,77.31,92.68,91.6,8.1,77.12,68.12,B,7.6,No,Yes,High School,Low,10,7.6,50.8,Medio,10.85,85.6,8.96
S4350,Maria,Johnson,student3350@university.com,Male,19,Cs,88.76,77.13,68.26,81.55,85.26,2.16,81.48,72.71,A,27.6,No,Yes,Unknown,Low,1,6.6,12.0,Bajo,-8.87,67.47,2.63
S4351,Emma,Johnson,student3351@university.com,Female,19,Cs,59.65,93.97,79.74,96.7,65.73,1.54,98.14,77.35,D,27.4,No,No,Unknown,Medium,2,7.2,19.45,Bajo,-14.23,68.99,2.82
S4352,Ali,Brown,student3352@university.com,Male,24,Mathematics,78.12,59.82,97.4,79.5,74.78,4.28,54.6,56.42,F,21.0,Yes,Yes,Unknown,Low,4,5.1,30.88,Medio,37.58,62.92,2.69
S4353,Omar,Williams,student3353@university.com,Female,24,Engineering,53.73,91.0,75.32,62.03,97.22,3.84,55.24,59.02,C,17.8,No,Yes,Master'S,Low,2,9.0,27.22,Bajo,-15.68,63.22,3.32
S4354,Ahmed,Johnson,student3354@university.com,Male,18,Cs,67.4,45.61,43.9,60.79,51.16,9.8,69.68,91.63,C,21.2,No,Yes,Master'S,Low,6,8.7,43.24,Medio,-1.71,69.91,4.32
S4355,John,Johnson,student3355@university.com,Female,19,Cs,61.29,42.51,69.57,77.79,89.72,4.56,73.64,72.99,A,15.1,No,Yes,Master'S,Medium,8,8.8,53.8,Medio,27.06,71.69,4.83
S4356,Sara,Davis,student3356@university.com,Male,21,Engineering,75.725,70.24,99.57,95.32,62.59,8.61,59.99,67.76,C,19.7,Yes,Yes,Unknown,Low,9,4.8,40.35,Medio,29.33,76.0,3.44
S4357,John,Davis,student3357@university.com,Female,18,Cs,74.5,43.58,63.24,53.62,59.25,8.88,54.13,71.69,B,29.2,No,Yes,Bachelor'S,High,8,7.3,41.81,Medio,19.66,63.95,2.46
S4358,Sara,Johnson,student3358@university.com,Female,22,Engineering,87.55,63.55,75.63,80.22,61.61,1.58,51.11,58.74,B,7.8,No,Yes,Bachelor'S,Low,8,7.3,41.95,Medio,12.08,52.18,7.53
S4359,John,Smith,student3359@university.com,Female,18,Engineering,75.76,93.81,46.4,88.49,52.99,7.15,88.23,61.99,D,10.8,No,Yes,Unknown,High,9,5.8,37.72,Medio,-47.41,75.3,5.74
S4360,Sara,Brown,student3360@university.com,Female,18,Business,54.32,54.49,48.47,55.77,99.6,2.78,74.25,75.78,F,18.1,Yes,Yes,Bachelor'S,Medium,8,8.3,51.15,Medio,-6.02,64.36,4.19
S4361,Emma,Davis,student3361@university.com,Male,22,Cs,86.77,82.36,92.48,55.84,93.49,0.95,92.17,67.95,A,11.5,No,Yes,Bachelor'S,Medium,2,7.9,21.39,Bajo,10.12,62.75,5.91
S4362,Maria,Smith,student3362@university.com,Male,23,Mathematics,91.66,58.14,58.02,68.31,76.05,8.75,68.04,73.77,B,29.8,No,Yes,High School,Low,7,7.6,28.91,Bajo,-0.12,74.98,2.48
S4363,Sara,Brown,student3363@university.com,Female,24,Cs,95.18,42.7,58.33,63.69,85.76,2.92,85.17,57.49,A,23.0,No,Yes,Master'S,Low,3,4.1,26.82,Bajo,15.63,65.96,2.5
S4364,Liam,Johnson,student3364@university.com,Male,21,Engineering,78.6,73.4,63.23,59.92,77.83,3.45,74.43,57.82,D,15.8,No,Yes,Phd,Medium,1,9.0,22.57,Bajo,-10.17,61.67,3.66
S4365,Sara,Williams,student3365@university.com,Female,23,Cs,87.68,90.09,97.99,59.93,90.58,3.24,80.6,69.2,A,27.6,Yes,No,High School,Medium,10,7.6,28.48,Bajo,7.9,65.88,2.51
S4366,Ali,Jones,student3366@university.com,Female,23,Business,87.6,64.57,45.06,74.81,92.24,2.0,68.51,68.94,A,8.6,No,Yes,Unknown,Medium,9,8.8,43.45,Medio,-19.51,63.89,8.02
S4367,Sara,Jones,student3367@university.com,Male,23,Mathematics,57.79,77.04,89.13,80.54,61.64,4.35,54.06,94.17,C,12.2,No,No,High School,Low,8,4.4,46.12,Medio,12.09,59.94,7.72
S4368,Ali,Johnson,student3368@university.com,Male,24,Business,58.21,94.0,60.49,84.41,72.99,4.28,97.37,51.67,F,28.9,No,No,Unknown,Medium,6,7.5,28.09,Bajo,-33.51,74.39,1.79
S4369,Ahmed,Davis,student3369@university.com,Female,20,Engineering,53.54,87.38,90.97,85.15,81.74,4.09,91.8,99.64,F,18.9,No,Yes,Unknown,Medium,2,7.7,27.82,Bajo,3.59,74.9,5.27
S4370,Emma,Smith,student3370@university.com,Male,24,Engineering,66.0,51.63,99.51,74.81,98.92,9.16,65.59,97.83,B,28.0,Yes,Yes,Unknown,Low,1,4.3,27.41,Bajo,47.88,82.73,3.49
S4371,Ali,Williams,student3371@university.com,Female,23,Business,73.68,84.0,60.92,97.65,84.13,3.4,97.94,77.11,F,29.6,No,Yes,Bachelor'S,High,10,4.3,34.21,Medio,-23.08,78.43,2.61
S4372,Maria,Brown,student3372@university.com,Male,20,Mathematics,99.89,70.11,47.76,94.03,94.88,0.3,65.02,85.94,B,14.0,No,Yes,Unknown,High,6,7.8,28.12,Bajo,-22.35,64.23,6.14
S4373,Omar,Johnson,student3373@university.com,Male,22,Mathematics,71.55,84.76,48.66,97.88,92.31,1.78,72.15,96.76,B,19.4,No,Yes,Bachelor'S,Low,5,8.0,28.72,Bajo,-36.1,70.04,4.99
S4374,Emma,Williams,student3374@university.com,Male,24,Cs,86.31,69.67,85.52,69.44,79.1,7.21,87.76,62.56,A,26.2,No,Yes,Unknown,Medium,2,8.6,18.01,Bajo,15.85,77.1,2.39
S4375,Ali,Williams,student3375@university.com,Male,21,Mathematics,84.67,47.68,48.7,93.89,94.68,5.91,65.45,65.78,B,11.8,Yes,Yes,Unknown,Medium,1,7.9,30.16,Medio,1.02,78.28,5.57
S4376,Emma,Davis,student3376@university.com,Male,23,Cs,60.22,74.19,55.63,88.14,68.87,9.52,66.23,55.55,B,16.2,No,Yes,Phd,Low,3,5.2,33.01,Medio,-18.56,79.61,3.43
S4377,Liam,Brown,student3377@university.com,Female,19,Cs,52.93,69.53,52.26,67.0,68.96,6.94,70.5,78.19,D,8.8,No,Yes,Phd,Medium,5,8.8,45.1,Medio,-17.27,68.96,8.89
S4378,Emma,Williams,student3378@university.com,Male,22,Cs,77.3,71.08,61.34,55.33,89.05,1.94,73.42,57.97,C,21.3,Yes,Yes,High School,Low,9,5.3,38.75,Medio,-9.74,59.3,2.72
S4379,Emma,Davis,student3379@university.com,Male,20,Cs,75.725,92.73,44.46,84.13,56.73,1.21,56.18,96.54,C,5.1,Yes,Yes,High School,Low,8,7.6,38.68,Medio,-48.27,52.28,18.93
S4380,Ahmed,Smith,student3380@university.com,Female,24,Business,99.91,93.69,91.4,56.82,65.29,5.21,50.87,71.58,B,16.2,Yes,Yes,High School,High,9,6.6,26.6,Bajo,-2.29,56.27,4.42
S4381,Maria,Davis,student3381@university.com,Female,21,Business,75.725,67.21,91.61,64.69,80.43,6.65,95.96,95.98,B,28.2,No,Yes,High School,Medium,5,4.6,28.12,Bajo,24.4,76.9,3.4
S4382,John,Smith,student3382@university.com,Female,18,Business,94.82,67.34,64.78,75.02,71.0,1.66,67.66,60.25,A,27.4,No,Yes,Unknown,Low,4,8.6,19.58,Bajo,-2.56,57.57,2.2
S4383,John,Smith,student3383@university.com,Male,21,Engineering,69.1,70.91,76.73,83.99,97.04,6.02,55.08,84.7,D,25.1,No,Yes,Bachelor'S,Medium,3,6.9,26.44,Bajo,5.82,74.08,3.37
S4384,Ali,Williams,student3384@university.com,Male,21,Engineering,84.47,71.18,78.52,96.31,97.93,8.65,87.96,82.38,F,8.5,No,Yes,Unknown,High,3,4.5,29.28,Bajo,7.34,92.18,9.69
S4385,Emma,Davis,student3385@university.com,Female,23,Business,79.91,97.02,84.96,79.66,75.13,7.28,64.75,69.98,B,18.0,Yes,Yes,High School,Low,4,5.9,20.59,Bajo,-12.06,73.08,3.89
S4386,Ali,Smith,student3386@university.com,Female,23,Cs,52.65,78.96,71.24,83.57,76.95,6.64,59.08,94.92,C,23.0,No,Yes,Master'S,Medium,5,7.8,35.27,Medio,-7.72,71.5,4.13
S4387,Ahmed,Brown,student3387@university.com,Female,24,Business,53.92,56.65,70.62,65.5,86.23,7.89,98.13,71.74,F,7.5,No,Yes,Phd,High,10,7.1,60.38,Alto,13.97,82.19,9.57
S4388,Ahmed,Williams,student3388@university.com,Female,24,Engineering,75.725,71.89,77.88,74.81,72.86,1.04,96.03,59.92,F,8.7,No,Yes,High School,High,7,5.1,40.91,Medio,5.99,63.53,6.89
S4389,Sara,Davis,student3389@university.com,Male,20,Engineering,68.54,77.63,82.18,71.89,59.5,2.04,55.29,98.85,A,6.0,No,Yes,High School,Medium,9,6.8,47.5,Medio,4.55,51.77,16.47
S4390,Liam,Davis,student3390@university.com,Male,24,Engineering,87.29,78.39,60.8,92.85,87.35,0.38,94.96,72.07,A,13.1,Yes,No,Phd,High,4,5.5,26.05,Bajo,-17.59,69.74,5.5
S4391,Ahmed,Jones,student3391@university.com,Male,20,Business,58.64,75.12,59.82,69.62,86.89,1.45,94.54,60.4,D,26.9,No,Yes,Phd,Low,5,6.6,32.38,Medio,-15.3,66.39,2.25
S4392,Sara,Davis,student3392@university.com,Male,23,Cs,80.29,50.66,56.18,73.41,62.25,9.13,81.72,68.18,B,17.7,Yes,Yes,Bachelor'S,Low,5,5.6,36.74,Medio,5.52,77.17,3.85
S4393,Maria,Williams,student3393@university.com,Male,23,Cs,64.44,42.02,72.93,71.63,91.65,2.22,76.49,80.68,B,26.3,No,Yes,Unknown,Low,4,6.5,38.36,Medio,30.91,65.49,3.07
S4394,Ali,Brown,student3394@university.com,Female,19,Business,89.85,60.27,61.61,74.81,80.68,6.62,60.87,75.6,B,7.1,No,Yes,Unknown,Low,3,8.2,31.37,Medio,1.34,70.64,10.65
S4395,Omar,Davis,student3395@university.com,Male,19,Engineering,89.92,65.65,72.42,97.68,61.82,6.92,56.07,81.76,B,6.4,No,Yes,Unknown,Low,7,5.1,38.97,Medio,6.77,71.19,12.78
S4396,Maria,Jones,student3396@university.com,Female,22,Business,88.77,43.71,64.36,66.36,82.6,6.45,80.32,83.09,A,25.1,Yes,Yes,Unknown,High,5,4.0,32.16,Medio,20.65,73.44,3.31
S4397,Ahmed,Williams,student3397@university.com,Female,23,Cs,76.24,88.9,90.2,73.75,61.68,5.54,91.1,56.17,A,17.4,Yes,Yes,Master'S,High,2,4.8,20.17,Bajo,1.3,70.48,3.23
S4398,Maria,Smith,student3398@university.com,Female,18,Cs,64.23,60.64,44.39,85.3,63.26,4.86,84.43,65.74,D,16.8,Yes,Yes,Master'S,Low,9,8.2,48.71,Medio,-16.25,70.4,3.91
S4399,Maria,Johnson,student3399@university.com,Male,19,Business,90.47,94.82,74.33,94.77,92.4,4.2,59.04,87.44,B,16.9,No,Yes,Bachelor'S,High,1,6.1,11.44,Bajo,-20.49,72.05,5.17
S4400,Liam,Johnson,student3400@university.com,Female,20,Engineering,75.725,49.26,74.54,74.69,96.47,9.17,64.5,82.52,A,14.5,No,Yes,Bachelor'S,Medium,4,7.7,38.13,Medio,25.28,81.84,5.69
S4401,Liam,Smith,student3401@university.com,Male,21,Engineering,75.725,43.42,63.02,55.44,62.84,0.1,77.32,54.42,B,27.2,No,Yes,Bachelor'S,Low,7,4.2,40.2,Medio,19.6,49.15,2.0
S4402,Liam,Davis,student3402@university.com,Female,24,Cs,75.725,68.94,65.26,68.43,96.4,0.53,81.25,65.76,B,18.0,No,Yes,Master'S,Medium,8,4.7,39.37,Medio,-3.68,62.85,3.65
S4403,Maria,Johnson,student3403@university.com,Male,24,Cs,83.71,51.35,88.01,77.52,61.94,4.93,53.61,96.57,B,29.3,Yes,Yes,Phd,Medium,10,6.8,40.65,Medio,36.66,60.59,3.3
S4404,Ahmed,Johnson,student3404@university.com,Female,22,Engineering,84.31,96.24,56.84,70.88,55.86,3.31,80.7,93.1,A,26.2,No,No,Unknown,Low,6,7.6,19.63,Bajo,-39.4,60.14,3.55
S4405,Omar,Smith,student3405@university.com,Male,19,Cs,82.63,40.62,92.28,59.33,52.91,4.08,86.82,83.53,C,23.4,No,Yes,Phd,High,7,7.9,40.53,Medio,51.66,59.96,3.57
S4406,Emma,Davis,student3406@university.com,Female,21,Business,70.78,64.76,93.78,51.85,62.11,9.98,59.07,53.64,A,20.9,No,Yes,High School,Medium,9,7.2,43.13,Medio,29.02,68.21,2.57
S4407,Maria,Davis,student3407@university.com,Female,21,Business,55.01,95.6,79.04,84.37,69.26,7.75,62.31,80.35,C,25.9,No,No,Unknown,Medium,6,7.8,30.23,Medio,-16.56,73.36,3.1
S4408,Sara,Smith,student3408@university.com,Female,19,Cs,95.56,63.07,86.37,99.64,96.38,8.77,62.94,50.61,A,27.0,No,Yes,Unknown,High,7,4.8,27.47,Bajo,23.3,86.66,1.87
S4409,Ahmed,Davis,student3409@university.com,Female,18,Engineering,75.39,45.59,76.78,95.96,62.11,3.69,96.99,83.06,C,8.3,No,Yes,Unknown,High,2,7.3,38.01,Medio,31.19,72.99,10.01
S4410,Maria,Davis,student3410@university.com,Male,18,Engineering,70.35,58.17,71.52,84.16,68.27,2.4,70.35,86.56,B,14.0,No,Yes,Bachelor'S,Low,7,6.1,44.26,Medio,13.35,61.7,6.18
S4411,Omar,Williams,student3411@university.com,Male,22,Cs,79.44,69.88,98.0,92.08,86.71,7.68,76.53,74.86,B,25.1,No,Yes,Phd,Low,7,8.6,32.02,Medio,28.12,83.03,2.98
S4412,Emma,Williams,student3412@university.com,Male,18,Cs,59.64,51.11,56.96,74.81,65.1,8.08,86.22,50.19,D,10.5,Yes,Yes,Unknown,Low,2,7.1,40.77,Medio,5.85,76.73,4.78
S4413,Liam,Smith,student3413@university.com,Female,22,Engineering,56.63,67.99,49.25,81.12,84.22,5.5,68.57,83.33,F,19.7,Yes,Yes,High School,Low,5,6.7,38.82,Medio,-18.74,72.23,4.23
S4414,Ahmed,Brown,student3414@university.com,Female,20,Engineering,70.28,90.18,57.25,53.03,71.6,8.96,55.28,90.99,F,24.5,Yes,No,Phd,High,4,6.9,22.76,Bajo,-32.93,67.38,3.71
S4415,John,Johnson,student3415@university.com,Female,19,Engineering,61.36,92.36,76.88,85.36,59.82,9.67,82.72,79.29,D,10.6,No,Yes,Unknown,High,7,8.2,38.85,Medio,-15.48,81.15,7.48
S4416,Emma,Williams,student3416@university.com,Female,21,Engineering,62.21,42.96,51.11,98.49,86.7,4.71,83.36,85.46,F,15.1,No,Yes,Unknown,Low,4,4.1,44.46,Medio,8.15,78.91,5.66
S4417,Sara,Johnson,student3417@university.com,Female,22,Business,94.63,49.65,94.53,93.04,51.35,2.23,63.03,54.52,A,27.9,No,No,High School,High,9,8.3,35.81,Medio,44.88,57.43,1.95
S4418,Maria,Jones,student3418@university.com,Female,24,Business,76.54,56.52,64.66,76.72,64.62,5.17,51.76,85.77,A,13.9,Yes,No,High School,Low,9,4.1,47.08,Medio,8.14,61.2,6.17
S4419,Omar,Smith,student3419@university.com,Male,18,Engineering,74.17,75.69,91.0,74.81,67.81,9.9,83.27,80.71,A,20.1,Yes,Yes,Unknown,Medium,5,6.9,30.17,Medio,15.31,81.22,4.02
S4420,John,Brown,student3420@university.com,Male,24,Business,84.47,61.66,54.95,97.19,72.91,2.93,85.17,66.55,D,15.8,No,Yes,Master'S,Low,8,6.5,39.59,Medio,-6.71,71.14,4.21
S4421,Omar,Jones,student3421@university.com,Male,22,Cs,97.58,90.64,58.79,60.8,83.99,6.18,51.3,84.27,A,26.9,No,No,Unknown,Low,3,5.9,9.65,Bajo,-31.85,64.47,3.13
S4422,John,Jones,student3422@university.com,Male,23,Business,55.61,83.0,43.55,89.66,72.97,6.94,84.66,82.28,D,15.6,No,Yes,Bachelor'S,Medium,4,4.6,34.5,Medio,-39.45,79.17,5.27
S4423,Ahmed,Davis,student3423@university.com,Male,22,Engineering,91.68,46.03,55.47,63.49,79.72,2.14,96.95,79.97,A,14.0,No,No,Unknown,Medium,2,4.6,29.33,Bajo,9.44,65.39,5.71
S4424,John,Jones,student3424@university.com,Male,18,Business,79.2,77.47,69.42,93.85,79.79,5.88,58.94,59.15,A,9.3,No,Yes,Unknown,Low,3,7.7,28.83,Bajo,-8.05,72.84,6.36
S4425,Sara,Smith,student3425@university.com,Male,23,Engineering,57.31,46.78,96.77,54.92,68.66,3.15,76.07,64.81,D,13.7,Yes,Yes,Phd,High,4,4.6,45.72,Medio,49.99,57.79,4.73
S4426,Sara,Williams,student3426@university.com,Male,23,Cs,64.86,55.3,63.33,58.91,96.7,8.54,84.84,99.57,B,21.7,No,Yes,Unknown,High,9,7.4,47.64,Medio,8.03,81.46,4.59
S4427,Ali,Smith,student3427@university.com,Female,18,Engineering,74.12,50.67,78.38,86.03,97.79,7.15,61.5,71.66,F,9.4,No,Yes,Unknown,Low,4,9.0,40.82,Medio,27.71,79.2,7.62
S4428,Sara,Williams,student3428@university.com,Female,23,Cs,84.56,50.38,65.66,58.74,79.09,8.26,87.58,52.97,C,22.6,No,Yes,Unknown,Medium,1,7.4,23.99,Bajo,15.28,77.0,2.34
S4429,Emma,Jones,student3429@university.com,Female,19,Engineering,62.13,76.98,42.81,57.9,53.58,2.0,93.4,94.95,B,5.3,Yes,Yes,Master'S,Low,2,4.4,34.73,Medio,-34.17,56.22,17.92
S4430,John,Jones,student3430@university.com,Female,21,Engineering,76.74,73.82,70.21,77.77,74.56,0.35,90.73,58.65,F,14.2,Yes,Yes,Master'S,Low,7,6.7,37.23,Medio,-3.61,61.64,4.13
S4431,Sara,Brown,student3431@university.com,Female,24,Business,84.23,50.56,43.95,74.81,59.22,8.51,62.94,70.18,B,16.6,Yes,Yes,High School,High,2,8.2,29.27,Bajo,-6.61,70.52,4.23
S4432,Ahmed,Williams,student3432@university.com,Female,19,Engineering,72.44,99.41,93.02,63.42,74.16,3.87,90.21,63.9,D,7.4,No,Yes,Unknown,Low,3,8.8,25.57,Bajo,-6.39,66.62,8.64
S4433,Omar,Jones,student3433@university.com,Female,19,Engineering,75.725,65.31,85.18,92.06,59.42,1.8,70.67,98.19,C,22.1,No,Yes,Unknown,High,10,7.6,42.85,Medio,19.87,60.04,4.44
S4434,Liam,Davis,student3434@university.com,Male,18,Cs,93.47,45.82,62.72,90.4,85.19,0.92,63.32,68.9,A,7.6,Yes,No,Bachelor'S,Medium,3,5.5,34.18,Medio,16.9,62.03,9.07
S4435,Omar,Johnson,student3435@university.com,Male,18,Mathematics,73.53,47.23,78.41,78.96,54.02,5.17,58.4,85.44,D,7.2,Yes,Yes,Unknown,Low,8,5.3,52.05,Medio,31.18,60.77,11.87
S4436,Ali,Brown,student3436@university.com,Female,24,Business,98.65,75.03,46.72,74.81,97.67,1.5,95.45,79.92,B,14.2,No,Yes,Bachelor'S,High,7,7.9,29.2,Bajo,-28.31,70.73,5.63
S4437,Omar,Smith,student3437@university.com,Male,21,Business,53.78,98.74,82.15,52.02,59.77,5.67,71.34,52.15,D,23.5,No,Yes,Master'S,Medium,1,7.8,19.8,Bajo,-16.59,59.96,2.22
S4438,John,Brown,student3438@university.com,Male,22,Cs,50.17,74.32,89.36,68.36,83.03,7.27,93.29,69.22,D,29.1,No,No,Master'S,Medium,8,6.4,41.15,Medio,15.04,79.34,2.38
S4439,Ali,Johnson,student3439@university.com,Male,19,Engineering,69.03,96.94,89.3,63.17,95.85,5.35,57.98,69.5,D,24.4,No,Yes,Unknown,Medium,3,4.4,19.0,Bajo,-7.64,67.62,2.85
S4440,John,Williams,student3440@university.com,Male,23,Cs,80.05,66.65,57.06,57.5,62.39,9.04,88.35,99.49,C,16.7,No,Yes,Unknown,Low,5,7.4,32.53,Medio,-9.59,74.66,5.96
S4441,Ahmed,Smith,student3441@university.com,Male,21,Engineering,81.46,66.15,55.82,69.48,96.71,1.56,55.5,90.6,A,11.8,No,Yes,Master'S,Medium,7,7.0,39.08,Medio,-10.33,59.32,7.68
S4442,Ali,Smith,student3442@university.com,Female,19,Cs,73.82,70.0,71.28,67.75,69.43,4.94,50.88,92.83,C,12.5,No,Yes,Bachelor'S,Low,3,4.1,31.36,Medio,1.28,59.36,7.43
S4443,Maria,Williams,student3443@university.com,Male,22,Engineering,56.24,81.85,98.07,86.44,98.03,1.63,99.75,65.68,D,12.1,No,Yes,Bachelor'S,Medium,8,7.2,45.27,Medio,16.22,75.13,5.43
S4444,Emma,Brown,student3444@university.com,Female,23,Engineering,58.52,62.06,95.23,79.9,98.57,8.76,53.68,66.45,D,12.0,No,No,Master'S,Medium,8,4.7,50.46,Medio,33.17,79.94,5.54
S4445,Emma,Jones,student3445@university.com,Female,19,Cs,92.61,91.83,61.58,95.66,59.4,9.32,73.08,75.78,A,6.7,No,Yes,Phd,Low,9,8.1,34.47,Medio,-30.25,80.33,11.31
S4446,John,Brown,student3446@university.com,Female,20,Engineering,93.4,41.76,86.79,57.27,91.55,4.0,93.92,81.55,A,10.5,No,Yes,Phd,Medium,6,7.4,40.64,Medio,45.03,70.68,7.77
S4447,Omar,Johnson,student3447@university.com,Male,24,Business,83.69,66.39,95.28,52.99,59.67,3.06,90.97,86.41,D,7.7,Yes,Yes,Unknown,High,2,4.3,29.16,Bajo,28.89,58.56,11.22
S4448,Liam,Davis,student3448@university.com,Female,21,Cs,83.21,70.66,55.66,76.73,61.32,2.79,73.56,91.04,C,5.2,No,Yes,Phd,Medium,8,6.7,42.63,Medio,-15.0,59.88,17.51
S4449,Liam,Jones,student3449@university.com,Female,24,Business,79.88,76.42,89.82,74.81,54.21,8.6,80.54,93.66,A,12.1,Yes,Yes,High School,Low,10,8.0,43.07,Medio,13.4,73.89,7.74
S4450,Maria,Brown,student3450@university.com,Female,18,Cs,60.15,56.56,56.07,89.39,57.83,6.82,81.49,51.23,D,13.8,Yes,Yes,Unknown,Medium,2,8.1,37.3,Medio,-0.49,74.23,3.71
S4451,Ali,Davis,student3451@university.com,Female,19,Cs,71.41,65.65,60.6,75.3,81.61,8.81,55.49,89.8,F,28.2,No,Yes,Unknown,Medium,9,4.4,38.99,Medio,-5.05,75.12,3.18
S4452,Maria,Davis,student3452@university.com,Male,23,Cs,75.725,69.07,51.93,74.4,72.46,1.18,64.25,80.54,B,29.9,No,Yes,Phd,Medium,2,4.4,20.05,Bajo,-17.14,55.73,2.69
S4453,Maria,Williams,student3453@university.com,Female,23,Business,76.86,81.21,70.42,74.81,89.55,4.76,65.05,76.6,B,19.5,No,Yes,Master'S,Medium,7,7.9,32.32,Medio,-10.79,69.25,3.93
S4454,Omar,Johnson,student3454@university.com,Female,21,Engineering,50.93,86.41,90.6,68.75,66.6,6.76,68.91,81.42,D,27.5,Yes,Yes,High School,Medium,3,5.2,26.95,Bajo,4.19,67.96,2.96
S4455,Liam,Johnson,student3455@university.com,Female,21,Business,97.68,84.27,71.68,71.56,98.43,8.97,63.7,94.1,A,20.5,No,Yes,Phd,Medium,1,7.0,10.28,Bajo,-12.59,80.85,4.59
S4456,Ali,Johnson,student3456@university.com,Female,24,Engineering,92.24,60.49,47.41,50.8,52.49,3.82,62.57,77.26,B,17.4,No,Yes,Unknown,High,8,7.0,36.42,Medio,-13.08,51.01,4.44
S4457,Ahmed,Jones,student3457@university.com,Male,23,Cs,63.03,99.97,55.11,54.18,53.15,3.13,67.74,58.11,A,6.1,No,Yes,Master'S,Medium,7,7.1,38.23,Medio,-44.86,51.59,9.53
S4458,Omar,Smith,student3458@university.com,Female,23,Business,80.82,90.92,73.77,75.25,85.07,9.13,68.96,71.84,D,6.1,Yes,Yes,Bachelor'S,Medium,3,5.7,25.83,Bajo,-17.15,80.14,11.78
S4459,Maria,Jones,student3459@university.com,Female,23,Cs,96.16,55.6,74.99,57.51,94.38,0.48,74.36,96.22,A,5.8,No,Yes,Unknown,Medium,1,4.2,26.76,Bajo,19.39,57.76,16.59
S4460,Maria,Brown,student3460@university.com,Female,19,Business,54.8,51.71,74.61,88.94,89.78,4.8,58.68,90.72,C,8.8,No,Yes,High School,Low,10,6.7,60.91,Alto,22.9,71.35,10.31
S4461,Ahmed,Davis,student3461@university.com,Female,23,Cs,75.15,58.84,44.62,63.72,74.49,4.59,89.42,60.15,D,6.9,No,Yes,Bachelor'S,Low,4,6.6,39.26,Medio,-14.22,68.38,8.72
S4462,Maria,Davis,student3462@university.com,Female,18,Cs,72.81,67.14,85.22,54.89,63.48,1.46,93.03,85.71,C,9.9,No,Yes,Master'S,Low,5,6.2,38.31,Medio,18.08,56.5,8.66
S4463,Maria,Smith,student3463@university.com,Female,23,Business,70.51,91.05,94.57,61.76,50.67,3.95,62.41,62.81,D,18.0,No,Yes,Master'S,High,3,5.4,23.45,Bajo,3.52,53.58,3.49
S4464,Maria,Brown,student3464@university.com,Male,18,Mathematics,91.78,86.7,70.63,67.85,75.47,7.23,56.17,67.43,A,17.6,No,No,Unknown,Medium,5,8.2,21.96,Bajo,-16.07,67.95,3.83
S4465,Emma,Smith,student3465@university.com,Female,19,Cs,69.03,91.07,83.13,51.77,73.78,3.67,86.12,73.45,F,13.6,No,Yes,Unknown,Low,1,5.9,21.72,Bajo,-7.94,62.09,5.4
S4466,Omar,Davis,student3466@university.com,Male,21,Business,53.18,56.32,94.84,74.81,67.21,3.1,96.21,72.04,D,21.6,No,Yes,Bachelor'S,Medium,7,4.6,47.02,Medio,38.52,67.31,3.34
S4467,Sara,Jones,student3467@university.com,Male,18,Cs,53.29,75.61,78.56,66.19,78.9,7.82,51.76,51.46,D,14.8,No,Yes,Unknown,Low,2,7.8,33.49,Medio,2.95,68.76,3.48
S4468,Omar,Johnson,student3468@university.com,Female,19,Business,52.14,56.99,80.46,65.52,86.44,9.89,50.72,88.7,C,10.5,No,Yes,High School,Low,5,7.2,48.29,Medio,23.47,75.4,8.45
S4469,Ahmed,Davis,student3469@university.com,Male,23,Engineering,70.46,46.54,83.28,90.02,85.04,7.79,59.17,92.32,B,22.3,No,Yes,High School,Medium,10,5.5,50.23,Medio,36.74,78.03,4.14
S4470,Maria,Williams,student3470@university.com,Female,19,Cs,85.92,81.05,55.63,92.16,63.16,8.46,84.24,76.55,A,29.5,Yes,Yes,High School,Medium,2,4.8,13.09,Bajo,-25.42,81.04,2.59
S4471,Omar,Johnson,student3471@university.com,Male,23,Cs,75.725,48.58,74.96,59.67,79.27,9.4,98.24,58.65,D,25.3,No,Yes,Unknown,High,8,6.2,41.83,Medio,26.38,82.8,2.32
S4472,Emma,Davis,student3472@university.com,Female,24,Cs,82.32,80.06,90.53,56.2,57.44,8.02,87.52,62.4,C,15.4,No,Yes,Bachelor'S,Low,3,4.3,23.91,Bajo,10.47,70.34,4.05
S4473,Liam,Jones,student3473@university.com,Male,19,Cs,84.35,78.88,57.77,81.71,56.08,9.8,78.65,56.32,D,14.4,No,Yes,Unknown,Medium,1,5.1,19.61,Bajo,-21.11,78.61,3.91
S4474,Ahmed,Smith,student3474@university.com,Male,21,Cs,62.76,88.61,93.83,90.23,89.29,7.47,85.03,58.48,D,6.0,No,Yes,Master'S,Medium,6,8.8,39.56,Medio,5.22,84.81,9.75
S4475,John,Johnson,student3475@university.com,Female,18,Engineering,80.03,48.37,77.22,98.19,84.69,6.62,61.53,93.82,A,21.4,No,Yes,Master'S,High,8,4.8,42.33,Medio,28.85,77.65,4.38
S4476,Omar,Jones,student3476@university.com,Male,24,Mathematics,84.24,87.01,65.39,50.34,88.4,6.93,84.43,74.01,C,10.6,Yes,Yes,High School,Medium,7,5.4,32.45,Medio,-21.62,73.12,6.98
S4477,John,Brown,student3477@university.com,Male,21,Cs,73.33,99.96,77.39,70.68,57.62,9.0,66.07,55.55,D,22.1,No,Yes,Bachelor'S,Low,6,4.7,24.41,Bajo,-22.57,71.09,2.51
S4478,Maria,Williams,student3478@university.com,Male,20,Engineering,66.84,91.06,64.11,86.7,95.73,6.83,61.12,62.74,B,24.0,No,Yes,Phd,Low,5,8.6,26.18,Bajo,-26.95,77.96,2.61
S4479,Emma,Johnson,student3479@university.com,Male,23,Engineering,80.96,85.11,90.28,91.43,56.66,7.61,61.83,97.48,D,27.0,Yes,Yes,Master'S,Low,8,8.6,28.19,Bajo,5.17,71.5,3.61
S4480,Emma,Smith,student3480@university.com,Male,18,Mathematics,98.89,79.73,68.94,53.11,93.5,2.16,83.39,75.46,B,18.7,No,Yes,Unknown,High,10,4.3,32.12,Medio,-10.79,62.9,4.04
S4481,Omar,Brown,student3481@university.com,Female,21,Engineering,71.34,65.31,94.07,84.03,67.62,9.13,88.36,75.78,B,25.7,No,Yes,Phd,Medium,4,8.5,29.25,Bajo,28.76,82.83,2.95
S4482,Ahmed,Jones,student3482@university.com,Male,18,Engineering,69.59,83.83,70.59,64.45,55.27,4.47,79.09,76.28,B,23.1,Yes,Yes,Master'S,Low,7,4.7,32.28,Medio,-13.24,60.88,3.3
S4483,Ahmed,Williams,student3483@university.com,Male,20,Engineering,73.21,83.45,79.62,53.73,64.34,1.61,53.19,55.58,B,13.8,No,Yes,Phd,Medium,2,6.0,24.66,Bajo,-3.83,46.84,4.03
S4484,Emma,Smith,student3484@university.com,Female,22,Cs,53.81,77.89,99.86,74.46,59.07,8.0,51.9,98.52,D,7.7,No,Yes,Phd,Low,9,6.9,51.73,Medio,21.97,66.36,12.79
S4485,Ahmed,Jones,student3485@university.com,Female,23,Cs,77.66,87.78,48.82,74.81,74.53,3.56,60.86,54.22,A,11.1,No,Yes,Unknown,Medium,8,6.3,36.49,Medio,-38.96,61.45,4.88
S4486,Emma,Jones,student3486@university.com,Female,23,Engineering,66.43,66.93,84.2,86.85,97.49,1.84,64.32,85.0,B,26.1,No,Yes,Unknown,Low,4,4.7,30.29,Medio,17.27,66.76,3.26
S4487,Omar,Johnson,student3487@university.com,Male,19,Cs,56.07,47.28,48.33,87.06,66.39,2.56,70.24,52.89,F,18.4,No,Yes,Bachelor'S,High,7,8.0,50.32,Medio,1.05,62.32,2.87
S4488,Sara,Johnson,student3488@university.com,Male,23,Engineering,73.31,73.54,90.33,92.1,80.6,0.35,53.8,72.18,B,21.6,No,Yes,Unknown,High,1,7.4,21.48,Bajo,16.79,57.5,3.34
S4489,Emma,Smith,student3489@university.com,Male,23,Cs,50.17,55.9,75.79,68.88,94.59,0.91,86.26,94.98,C,25.2,No,Yes,Unknown,High,5,8.7,41.96,Medio,19.89,64.71,3.77
S4490,John,Davis,student3490@university.com,Male,21,Engineering,70.09,63.07,96.29,50.67,81.5,5.93,85.57,88.42,F,21.7,No,Yes,Phd,Low,2,5.8,27.92,Bajo,33.22,69.26,4.07
S4491,Ahmed,Davis,student3491@university.com,Female,24,Cs,55.29,41.04,91.96,62.99,68.11,8.66,67.33,66.73,D,26.4,No,Yes,Unknown,High,2,6.2,37.36,Medio,50.92,71.26,2.53
S4492,Emma,Jones,student3492@university.com,Female,23,Mathematics,51.21,62.97,44.49,73.39,99.54,4.49,78.15,77.57,F,7.2,No,Yes,Unknown,Low,2,5.7,41.81,Medio,-18.48,74.0,10.77
S4493,Emma,Johnson,student3493@university.com,Male,23,Business,91.22,88.53,48.24,74.81,59.37,6.26,55.05,58.26,A,27.6,Yes,Yes,Bachelor'S,High,2,4.3,9.94,Bajo,-40.29,62.96,2.11
S4494,Omar,Williams,student3494@university.com,Male,20,Cs,95.81,72.56,76.07,74.81,76.16,8.1,70.76,97.81,A,25.3,Yes,Yes,Bachelor'S,Low,5,4.3,20.94,Bajo,3.51,75.68,3.87
S4495,Ahmed,Williams,student3495@university.com,Male,24,Cs,60.38,40.59,71.1,74.81,89.84,3.57,92.88,85.43,F,27.6,No,Yes,Unknown,Low,4,7.8,39.56,Medio,30.51,73.31,3.1
S4496,Sara,Jones,student3496@university.com,Male,20,Engineering,76.96,68.19,50.11,76.21,50.03,6.54,83.03,68.71,C,23.3,No,Yes,Unknown,High,1,5.4,20.96,Bajo,-18.08,68.67,2.95
S4497,Omar,Johnson,student3497@university.com,Female,18,Cs,63.9,57.49,47.76,58.25,85.1,3.5,55.2,65.9,B,11.9,No,Yes,Bachelor'S,Low,6,6.4,45.55,Medio,-9.73,58.39,5.54
S4498,Sara,Smith,student3498@university.com,Female,18,Cs,74.68,68.65,73.84,74.81,63.32,6.43,92.38,61.93,A,7.8,Yes,Yes,Bachelor'S,Medium,3,8.9,33.81,Medio,5.19,73.7,7.94
S4499,Liam,Smith,student3499@university.com,Male,23,Cs,71.83,64.28,42.94,74.81,58.49,2.18,84.03,89.33,D,8.2,No,Yes,Unknown,Low,8,4.1,47.03,Medio,-21.34,59.78,10.89
S4500,Omar,Smith,student3500@university.com,Female,23,Mathematics,63.45,95.92,92.42,74.81,63.71,9.78,72.65,71.73,D,17.5,No,No,Bachelor'S,Medium,2,6.6,22.49,Bajo,-3.5,77.24,4.1
S4501,Ahmed,Williams,student3501@university.com,Male,19,Business,85.02,42.47,88.42,84.53,98.34,0.76,84.6,66.51,B,14.8,No,Yes,Master'S,Medium,8,6.6,45.66,Medio,45.95,68.77,4.49
S4502,Ali,Johnson,student3502@university.com,Male,18,Engineering,56.32,81.02,87.12,55.57,94.6,5.05,58.64,95.26,C,21.4,No,Yes,Bachelor'S,Medium,6,9.0,36.39,Medio,6.1,64.83,4.45
S4503,Ahmed,Johnson,student3503@university.com,Female,21,Engineering,52.65,91.06,40.96,74.44,60.69,2.86,77.52,57.51,F,17.6,No,Yes,Phd,Low,5,8.2,34.34,Medio,-50.1,60.31,3.27
S4504,Ahmed,Williams,student3504@university.com,Male,23,Mathematics,88.38,97.55,42.86,85.12,55.85,6.01,80.9,63.19,A,8.1,No,Yes,Phd,High,10,4.3,35.75,Medio,-54.69,70.49,7.8
S4505,Sara,Smith,student3505@university.com,Female,21,Mathematics,75.725,50.66,72.99,54.35,68.21,4.28,96.39,67.24,A,5.1,No,Yes,High School,Medium,6,4.8,46.86,Medio,22.33,65.44,13.18
S4506,Sara,Smith,student3506@university.com,Male,23,Mathematics,74.93,71.88,99.67,89.62,79.62,3.07,53.34,62.99,D,8.2,Yes,Yes,High School,Low,6,4.2,39.22,Medio,27.79,63.32,7.68
S4507,Ahmed,Jones,student3507@university.com,Female,21,Cs,73.39,42.62,60.54,61.1,93.36,2.5,68.74,79.27,D,8.7,Yes,Yes,Unknown,Low,4,5.0,43.84,Medio,17.92,62.05,9.11
S4508,Ahmed,Davis,student3508@university.com,Male,22,Cs,74.87,69.95,60.66,75.15,98.3,1.82,96.84,80.05,A,23.0,No,Yes,Phd,High,1,5.1,21.31,Bajo,-9.29,72.12,3.48
S4509,Ahmed,Brown,student3509@university.com,Female,21,Engineering,71.85,47.53,48.06,97.03,87.56,7.83,60.86,52.74,D,12.1,No,Yes,High School,Low,2,4.4,36.77,Medio,0.53,80.94,4.36
S4510,Sara,Davis,student3510@university.com,Male,24,Engineering,69.64,90.27,80.46,78.57,79.95,2.22,90.66,57.23,F,7.3,No,Yes,Unknown,High,8,6.6,40.45,Medio,-9.81,67.84,7.84
S4511,Ahmed,Johnson,student3511@university.com,Male,18,Cs,74.98,46.83,78.8,71.2,57.12,7.74,50.08,59.93,B,23.9,No,Yes,High School,High,9,8.9,45.54,Medio,31.97,63.95,2.51
S4512,Ahmed,Johnson,student3512@university.com,Female,23,Cs,75.725,70.8,46.08,50.34,53.7,4.85,51.29,53.52,B,28.5,No,Yes,Bachelor'S,Low,4,8.0,24.67,Bajo,-24.72,50.96,1.88
S4513,Liam,Johnson,student3513@university.com,Male,18,Business,84.6,71.27,68.04,56.67,79.8,0.72,66.38,56.24,C,7.5,Yes,Yes,Master'S,High,8,5.0,40.81,Medio,-3.23,52.51,7.5
S4514,Maria,Davis,student3514@university.com,Female,24,Business,85.56,98.3,80.02,78.93,76.95,1.65,88.43,61.98,A,29.1,No,Yes,High School,Low,10,7.9,26.01,Bajo,-18.28,65.2,2.13
S4515,Ali,Brown,student3515@university.com,Female,24,Cs,75.725,79.3,69.61,74.69,92.3,8.93,55.21,67.28,C,28.8,No,Yes,Unknown,Low,6,8.9,26.42,Bajo,-9.69,77.88,2.34
S4516,John,Jones,student3516@university.com,Male,21,Business,70.68,57.27,80.46,74.81,66.13,6.03,69.14,89.57,D,18.1,Yes,Yes,Master'S,Medium,1,8.2,29.03,Bajo,23.19,67.6,4.95
S4517,Ali,Davis,student3517@university.com,Male,20,Engineering,75.725,54.45,88.98,96.16,51.98,1.84,56.57,60.9,B,12.4,No,Yes,High School,Medium,6,6.3,42.07,Medio,34.53,55.78,4.91
S4518,Maria,Brown,student3518@university.com,Male,20,Business,76.83,47.69,81.15,66.62,71.19,7.04,61.18,83.5,C,8.5,No,Yes,Phd,Low,7,5.3,47.89,Medio,33.46,67.35,9.82
S4519,John,Smith,student3519@university.com,Male,24,Engineering,72.67,85.39,76.97,76.86,98.46,8.23,75.15,52.89,C,25.6,Yes,Yes,Master'S,Medium,1,7.7,16.15,Bajo,-8.42,83.19,2.07
S4520,Omar,Smith,student3520@university.com,Female,20,Cs,94.48,81.45,91.22,78.44,89.78,3.31,65.96,82.91,A,20.1,Yes,Yes,Bachelor'S,Low,9,7.9,30.22,Medio,9.77,66.82,4.12
S4521,Ahmed,Johnson,student3521@university.com,Male,23,Engineering,84.82,76.59,94.04,76.37,51.69,5.57,60.6,89.74,D,21.3,No,Yes,Phd,Low,6,5.5,27.8,Bajo,17.45,61.09,4.21
S4522,Maria,Williams,student3522@university.com,Male,19,Engineering,94.93,42.45,63.33,73.88,93.73,2.93,69.67,80.24,B,26.5,No,Yes,Unknown,Medium,8,5.1,36.35,Medio,20.88,66.65,3.03
S4523,Liam,Johnson,student3523@university.com,Male,22,Engineering,85.46,85.77,50.39,66.85,73.58,0.8,85.05,60.07,B,16.1,No,Yes,Unknown,Medium,8,7.4,31.86,Medio,-35.38,58.37,3.73
S4524,Omar,Williams,student3524@university.com,Female,21,Cs,98.55,78.51,89.07,95.44,68.24,4.0,55.97,66.52,A,14.2,Yes,Yes,Bachelor'S,Low,9,8.4,32.63,Medio,10.56,64.91,4.68
S4525,Ahmed,Brown,student3525@university.com,Male,19,Mathematics,81.79,97.83,52.83,72.54,67.34,7.51,73.98,90.26,D,24.1,Yes,Yes,Unknown,Medium,1,4.1,9.97,Bajo,-45.0,72.24,3.75
S4526,Sara,Smith,student3526@university.com,Female,20,Cs,98.18,75.23,95.74,76.42,79.76,4.59,63.74,71.6,B,12.4,No,Yes,Bachelor'S,Low,6,8.9,27.98,Bajo,20.51,66.46,5.77
S4527,Emma,Davis,student3527@university.com,Male,21,Cs,57.91,58.24,41.37,82.82,76.53,4.05,68.93,62.76,C,13.2,No,Yes,Bachelor'S,Medium,9,5.0,53.44,Medio,-16.87,67.19,4.75
S4528,Maria,Williams,student3528@university.com,Female,19,Engineering,52.62,62.89,95.28,53.38,82.83,3.66,91.08,96.63,D,14.5,No,Yes,Phd,Low,8,5.7,51.02,Medio,32.39,65.97,6.66
S4529,Sara,Brown,student3529@university.com,Male,18,Engineering,78.96,50.55,75.35,89.06,78.68,4.59,96.49,81.87,C,26.4,No,Yes,Bachelor'S,Medium,4,4.3,30.67,Medio,24.8,77.53,3.1
S4530,Maria,Smith,student3530@university.com,Male,20,Engineering,99.17,83.37,86.48,75.63,57.2,3.18,62.15,90.29,B,24.5,No,No,Unknown,High,5,4.3,16.92,Bajo,3.11,56.7,3.69
S4531,Liam,Davis,student3531@university.com,Female,19,Business,70.88,82.46,63.91,74.81,62.86,6.12,81.5,51.23,C,12.3,No,Yes,Bachelor'S,Medium,9,5.4,42.08,Medio,-18.55,70.09,4.17
S4532,Maria,Williams,student3532@university.com,Male,23,Engineering,60.6,52.04,99.5,88.6,92.05,0.64,83.83,66.97,A,8.6,No,Yes,High School,Low,5,6.8,47.77,Medio,47.46,67.72,7.79
S4533,Sara,Johnson,student3533@university.com,Male,18,Engineering,76.08,49.51,53.65,93.7,83.16,8.07,92.12,72.94,D,14.8,No,Yes,Unknown,High,9,8.5,48.9,Medio,4.14,87.42,4.93
S4534,Liam,Johnson,student3534@university.com,Male,20,Business,82.44,44.62,55.86,69.61,72.42,1.73,94.95,79.37,D,20.6,No,Yes,Unknown,Low,1,4.3,27.46,Bajo,11.24,63.57,3.85
S4535,John,Johnson,student3535@university.com,Female,22,Cs,65.76,94.72,43.09,90.57,59.13,6.33,73.4,59.5,A,21.9,No,Yes,Bachelor'S,Low,10,6.7,37.62,Medio,-51.63,71.6,2.72
S4536,Ali,Brown,student3536@university.com,Male,24,Engineering,85.74,53.98,96.43,62.94,50.38,4.5,99.13,74.9,A,10.0,No,Yes,Unknown,Medium,9,6.1,46.57,Medio,42.45,64.36,7.49
S4537,Ahmed,Johnson,student3537@university.com,Female,20,Business,98.76,60.65,67.36,83.02,65.59,7.73,98.54,84.28,A,11.2,No,Yes,Phd,Low,10,8.9,41.64,Medio,6.71,81.11,7.52
S4538,Maria,Jones,student3538@university.com,Female,23,Cs,94.85,56.83,80.49,55.14,52.74,8.26,75.32,67.29,A,28.3,Yes,No,Unknown,High,9,4.9,33.38,Medio,23.66,66.45,2.38
S4539,Ahmed,Smith,student3539@university.com,Female,22,Engineering,64.58,64.82,81.25,51.0,74.11,2.04,77.1,84.57,C,14.6,No,Yes,High School,Medium,6,5.8,41.76,Medio,16.43,55.65,5.79
S4540,Emma,Brown,student3540@university.com,Male,22,Mathematics,66.34,82.84,92.47,54.79,91.09,6.77,83.39,69.48,D,12.9,No,Yes,Bachelor'S,Low,7,4.2,38.81,Medio,9.63,74.24,5.39
S4541,Sara,Davis,student3541@university.com,Female,22,Cs,75.725,92.24,79.9,65.97,64.27,1.9,68.69,73.47,F,22.4,Yes,Yes,Unknown,Low,6,8.6,25.74,Bajo,-12.34,54.48,3.28
S4542,Ahmed,Johnson,student3542@university.com,Female,21,Engineering,69.73,50.96,73.72,51.55,92.39,1.24,83.1,56.71,A,16.7,No,No,High School,High,4,7.1,38.62,Medio,22.76,59.86,3.4
S4543,Sara,Smith,student3543@university.com,Male,21,Mathematics,55.02,81.18,82.62,74.81,85.23,9.3,75.71,82.56,C,11.2,No,Yes,Unknown,High,7,6.9,44.12,Medio,1.44,82.19,7.37
S4544,Ahmed,Williams,student3544@university.com,Female,24,Cs,88.1,61.15,85.06,65.83,56.26,1.64,51.77,61.21,A,15.2,No,Yes,High School,High,2,4.2,25.44,Bajo,23.91,47.57,4.03
S4545,Ali,Johnson,student3545@university.com,Female,22,Cs,68.27,98.83,51.16,86.82,82.23,2.28,92.64,91.44,C,8.6,Yes,Yes,Bachelor'S,Low,3,4.5,26.6,Bajo,-47.67,71.12,10.63
S4546,Ali,Smith,student3546@university.com,Male,24,Business,93.99,57.94,46.58,52.3,57.58,1.3,97.02,77.67,A,12.0,No,Yes,High School,Medium,4,8.0,30.39,Medio,-11.36,54.97,6.47
S4547,Liam,Jones,student3547@university.com,Male,18,Business,96.35,40.43,44.49,60.84,82.74,4.7,51.31,78.01,B,15.5,Yes,Yes,Unknown,Low,3,6.7,30.84,Medio,4.06,60.47,5.03
S4548,Ali,Williams,student3548@university.com,Female,22,Engineering,51.22,70.94,62.44,74.81,57.14,9.2,89.46,95.62,F,17.9,No,Yes,High School,Low,9,5.0,49.62,Medio,-8.5,78.35,5.34
S4549,Liam,Jones,student3549@university.com,Male,19,Engineering,99.43,49.04,69.88,69.13,69.63,2.64,69.29,58.37,A,23.5,No,Yes,Bachelor'S,Medium,4,6.7,25.4,Bajo,20.84,58.61,2.48
S4550,Ali,Davis,student3550@university.com,Male,22,Business,85.5,42.67,76.94,74.81,78.33,5.42,79.28,76.51,B,14.6,Yes,No,High School,Medium,10,8.8,49.97,Medio,34.27,71.66,5.24
S4551,Ali,Smith,student3551@university.com,Male,21,Business,76.02,81.9,97.48,74.81,52.52,4.11,75.0,69.11,D,18.6,Yes,Yes,Phd,Low,1,4.5,19.52,Bajo,15.58,60.86,3.72
S4552,Ali,Jones,student3552@university.com,Female,21,Cs,75.725,83.94,59.85,74.81,57.67,3.36,77.57,98.32,B,28.8,No,Yes,Unknown,Medium,8,8.9,29.47,Bajo,-24.09,60.91,3.41
S4553,Sara,Davis,student3553@university.com,Female,19,Cs,75.93,67.64,85.65,86.05,66.02,5.72,74.76,89.64,A,25.5,No,Yes,High School,High,4,7.9,27.05,Bajo,18.01,71.01,3.52
S4554,Maria,Smith,student3554@university.com,Male,19,Engineering,66.23,80.61,71.88,61.0,73.12,5.59,92.67,87.88,C,10.9,No,Yes,Phd,Low,9,4.7,44.96,Medio,-8.73,70.67,8.06
S4555,Liam,Smith,student3555@university.com,Female,20,Business,81.13,72.29,53.21,93.89,92.92,3.59,84.18,60.21,A,10.3,No,No,Phd,Medium,9,8.1,42.55,Medio,-19.08,76.72,5.85
S4556,Ahmed,Jones,student3556@university.com,Male,18,Business,54.65,77.79,76.92,69.39,59.36,8.51,70.63,61.87,F,21.6,No,No,Master'S,Medium,9,7.7,44.51,Medio,-0.87,71.12,2.86
S4557,Ali,Smith,student3557@university.com,Male,18,Mathematics,81.06,75.8,98.03,95.05,67.37,0.53,84.43,51.46,B,19.9,Yes,Yes,High School,High,9,6.9,36.72,Medio,22.23,63.04,2.59
S4558,Sara,Johnson,student3558@university.com,Male,18,Business,63.77,79.95,47.46,67.09,73.79,0.85,98.25,81.93,C,18.7,No,Yes,Unknown,Medium,7,7.9,37.68,Medio,-32.49,61.91,4.38
S4559,Sara,Smith,student3559@university.com,Male,23,Engineering,50.88,51.98,70.44,50.43,64.79,9.91,54.02,68.54,C,8.9,No,Yes,Phd,Medium,9,4.7,59.93,Alto,18.46,67.08,7.7
S4560,Sara,Brown,student3560@university.com,Male,21,Engineering,77.64,56.12,43.1,75.85,81.29,7.48,69.4,65.6,C,14.1,No,No,Unknown,Medium,7,7.6,42.27,Medio,-13.02,75.34,4.65
S4561,Liam,Davis,student3561@university.com,Female,18,Business,78.92,66.4,59.27,76.24,62.83,8.04,93.52,81.85,D,24.0,No,Yes,High School,Medium,8,7.2,36.01,Medio,-7.13,78.25,3.41
S4562,Maria,Smith,student3562@university.com,Female,20,Business,71.33,66.77,77.24,55.99,88.62,6.03,86.95,91.43,D,23.1,Yes,No,Unknown,Medium,2,5.4,25.68,Bajo,10.47,72.96,3.96
S4563,Liam,Brown,student3563@university.com,Female,20,Engineering,53.61,86.46,90.46,74.81,75.26,4.2,96.75,56.65,D,9.1,Yes,Yes,Unknown,Low,4,7.5,37.42,Medio,4.0,72.2,6.23
S4564,Ahmed,Smith,student3564@university.com,Female,18,Cs,94.67,62.04,83.82,89.17,54.32,6.29,51.99,95.93,B,15.7,Yes,Yes,Bachelor'S,Medium,4,7.4,27.07,Bajo,21.78,64.6,6.11
S4565,Maria,Smith,student3565@university.com,Male,19,Mathematics,80.57,49.75,67.77,51.84,81.35,0.93,93.14,51.71,C,16.1,No,Yes,Master'S,High,4,5.2,35.49,Medio,18.02,58.91,3.21
S4566,John,Jones,student3566@university.com,Male,20,Engineering,55.79,55.09,94.55,74.48,78.46,7.58,89.59,54.76,D,17.7,No,Yes,High School,Medium,3,4.7,39.54,Medio,39.46,79.58,3.09
S4567,Omar,Johnson,student3567@university.com,Female,24,Cs,75.55,52.88,58.16,76.52,66.93,5.41,90.75,91.91,C,16.5,Yes,Yes,Unknown,High,1,5.8,29.44,Bajo,5.28,72.07,5.57
S4568,Sara,Davis,student3568@university.com,Female,19,Engineering,74.86,83.9,85.24,84.44,50.56,9.57,79.86,74.64,C,17.5,Yes,Yes,Bachelor'S,Low,6,6.0,30.99,Medio,1.34,77.64,4.27
S4569,Liam,Johnson,student3569@university.com,Male,24,Engineering,53.02,68.22,68.44,51.87,60.04,6.37,52.6,96.96,D,25.3,Yes,Yes,Phd,Medium,5,8.1,37.22,Medio,0.22,57.05,3.83
S4570,John,Williams,student3570@university.com,Male,21,Cs,80.34,82.52,93.92,79.28,70.29,1.52,76.96,73.08,F,14.7,No,Yes,Master'S,Low,3,6.2,24.22,Bajo,11.4,60.43,4.97
S4571,Emma,Jones,student3571@university.com,Male,23,Business,75.725,64.97,87.85,50.15,60.0,4.78,70.39,96.31,F,18.8,No,Yes,Bachelor'S,Low,7,7.7,37.94,Medio,22.88,57.09,5.12
S4572,Liam,Jones,student3572@university.com,Female,20,Cs,87.45,93.38,94.09,63.26,78.87,0.58,76.35,61.98,B,20.2,No,Yes,Unknown,Medium,6,6.3,22.39,Bajo,0.71,56.07,3.07
S4573,Ali,Johnson,student3573@university.com,Male,19,Cs,60.15,99.01,52.85,74.98,85.62,7.45,87.01,80.82,B,28.6,No,Yes,Unknown,High,4,4.3,21.61,Bajo,-46.16,80.53,2.83
S4574,Omar,Jones,student3574@university.com,Male,24,Engineering,93.11,80.19,80.09,74.81,92.8,5.02,79.8,99.72,B,21.4,Yes,Yes,Unknown,Low,9,7.3,30.43,Medio,-0.1,74.4,4.66
S4575,Ali,Johnson,student3575@university.com,Female,18,Business,67.13,91.83,84.31,56.33,82.35,3.7,64.63,68.8,B,8.3,No,Yes,Phd,High,4,8.5,31.47,Medio,-7.52,60.08,8.29
S4576,Maria,Jones,student3576@university.com,Female,24,Mathematics,97.33,70.48,84.54,58.46,84.45,9.69,79.98,50.07,A,19.6,No,Yes,Bachelor'S,High,9,6.6,32.77,Medio,14.06,79.95,2.55
S4577,Omar,Smith,student3577@university.com,Female,24,Business,53.59,96.08,70.24,83.46,80.42,9.41,54.16,53.2,D,21.5,No,Yes,Master'S,High,3,7.5,26.11,Bajo,-25.84,78.04,2.47
S4578,Liam,Johnson,student3578@university.com,Male,21,Mathematics,74.31,89.9,40.68,68.74,99.27,9.53,50.27,92.95,D,5.2,No,Yes,Unknown,Low,7,7.9,37.75,Medio,-49.22,78.4,17.88
S4579,Ahmed,Johnson,student3579@university.com,Male,22,Cs,79.86,99.51,55.69,81.17,63.05,2.21,70.08,74.59,F,6.9,No,Yes,High School,Medium,7,6.3,32.08,Medio,-43.82,59.1,10.81
S4580,John,Brown,student3580@university.com,Female,22,Cs,62.38,77.39,59.4,99.87,63.31,7.29,87.86,76.84,F,5.5,No,Yes,Bachelor'S,Low,1,5.2,32.2,Medio,-17.99,80.98,13.97
S4581,Ahmed,Jones,student3581@university.com,Male,18,Engineering,88.57,86.75,91.12,99.34,56.32,9.45,91.13,89.97,A,6.2,No,Yes,High School,Low,1,8.3,19.88,Bajo,4.37,85.32,14.51
S4582,Liam,Jones,student3582@university.com,Male,21,Cs,81.34,72.57,90.45,67.69,74.28,5.71,77.49,90.58,C,7.2,No,No,Unknown,Low,2,8.1,28.38,Bajo,17.88,69.14,12.58
S4583,Maria,Johnson,student3583@university.com,Male,21,Business,50.91,55.55,46.28,75.2,54.81,2.14,93.4,73.87,F,28.9,Yes,Yes,Unknown,High,4,8.3,37.73,Medio,-9.27,61.2,2.56
S4584,Ali,Smith,student3584@university.com,Female,21,Engineering,80.42,61.29,96.99,95.23,63.51,8.18,56.3,92.9,C,10.2,No,Yes,Master'S,Medium,2,8.1,30.59,Medio,35.7,74.21,9.11
S4585,Omar,Smith,student3585@university.com,Female,21,Mathematics,74.57,93.64,50.95,54.61,74.13,8.8,98.21,73.42,A,10.1,Yes,Yes,Bachelor'S,Low,10,4.7,40.76,Medio,-42.69,78.74,7.27
S4586,Ahmed,Davis,student3586@university.com,Male,22,Cs,59.8,43.36,64.86,72.62,97.88,7.03,96.09,83.75,C,26.4,No,Yes,Unknown,High,10,6.1,52.86,Medio,21.5,84.22,3.17
S4587,Liam,Smith,student3587@university.com,Male,19,Engineering,99.79,75.49,52.91,68.88,98.19,2.94,79.96,51.67,A,23.8,No,Yes,High School,Low,5,5.0,19.42,Bajo,-22.58,69.11,2.17
S4588,Ahmed,Jones,student3588@university.com,Male,21,Engineering,94.86,62.35,91.62,64.74,87.19,1.91,52.94,56.9,A,21.9,No,Yes,High School,High,2,4.8,19.37,Bajo,29.27,55.99,2.6
S4589,Liam,Brown,student3589@university.com,Male,19,Cs,64.63,63.2,84.96,99.71,69.46,6.24,72.71,92.57,A,15.5,No,Yes,Unknown,Low,8,7.9,46.23,Medio,21.76,76.07,5.97
S4590,Ali,Johnson,student3590@university.com,Female,24,Engineering,77.05,93.07,61.21,86.68,93.26,4.83,58.96,65.66,A,5.8,Yes,Yes,High School,Medium,6,6.4,33.32,Medio,-31.86,71.8,11.32
S4591,Omar,Williams,student3591@university.com,Female,24,Engineering,65.83,91.23,80.91,69.44,93.77,6.69,81.42,66.74,B,25.7,No,No,Phd,Medium,3,4.5,21.18,Bajo,-10.32,77.88,2.6
S4592,John,Brown,student3592@university.com,Male,21,Engineering,88.77,75.93,51.06,91.45,95.51,1.12,59.5,83.15,A,26.5,No,Yes,High School,Medium,2,6.0,15.12,Bajo,-24.87,64.41,3.14
S4593,Ali,Williams,student3593@university.com,Male,20,Cs,96.52,56.38,62.94,74.48,82.0,1.36,74.09,79.63,B,17.0,No,Yes,Master'S,Medium,9,9.0,38.58,Medio,6.56,61.04,4.68
S4594,Ahmed,Brown,student3594@university.com,Female,23,Cs,67.94,68.53,62.63,93.64,60.09,3.63,60.28,54.11,F,21.1,No,Yes,Phd,Low,1,5.1,25.11,Bajo,-5.9,62.58,2.56
S4595,John,Smith,student3595@university.com,Male,20,Engineering,75.725,64.5,54.28,63.32,54.55,2.59,59.09,88.29,B,16.9,No,Yes,Bachelor'S,Low,6,6.0,36.81,Medio,-10.22,50.72,5.22
S4596,Liam,Jones,student3596@university.com,Female,24,Cs,74.92,61.22,92.58,61.18,95.74,6.19,62.4,80.86,F,12.4,No,No,Phd,High,7,7.0,42.55,Medio,31.36,70.3,6.52
S4597,John,Williams,student3597@university.com,Male,23,Cs,69.83,46.17,80.73,74.81,52.78,3.68,51.46,92.77,D,18.5,Yes,Yes,Bachelor'S,Medium,9,5.0,50.24,Medio,34.56,53.96,5.01
S4598,Liam,Brown,student3598@university.com,Female,20,Cs,96.92,72.59,56.8,76.92,64.79,6.84,85.81,76.77,B,22.2,Yes,Yes,Bachelor'S,High,7,8.8,26.53,Bajo,-15.79,73.98,3.46
S4599,Ali,Jones,student3599@university.com,Male,21,Cs,75.52,58.11,54.53,64.57,74.35,7.69,65.34,70.72,C,8.9,Yes,Yes,Phd,Medium,4,7.2,38.35,Medio,-3.58,70.29,7.95
S4600,Ahmed,Williams,student3600@university.com,Male,19,Cs,73.37,79.65,41.08,57.36,51.1,1.87,84.91,68.57,B,18.3,No,Yes,Master'S,Medium,2,5.1,23.5,Bajo,-38.57,53.02,3.75
S4601,Maria,Johnson,student3601@university.com,Female,23,Cs,83.62,59.15,60.79,99.73,95.35,9.2,82.67,50.22,D,24.4,No,Yes,High School,High,6,6.2,31.9,Medio,1.64,92.44,2.06
S4602,Ahmed,Brown,student3602@university.com,Female,22,Engineering,63.06,65.87,71.61,95.02,64.36,7.87,53.31,51.99,A,16.9,No,Yes,Phd,Medium,10,5.8,49.72,Medio,5.74,72.85,3.08
S4603,Liam,Johnson,student3603@university.com,Male,18,Engineering,66.24,43.14,56.66,81.75,51.43,6.27,65.6,56.56,F,8.9,No,Yes,Bachelor'S,Medium,7,4.6,52.76,Medio,13.52,65.37,6.36
S4604,Sara,Smith,student3604@university.com,Male,23,Engineering,75.725,99.55,82.03,74.81,99.68,9.09,78.34,96.48,A,26.7,No,Yes,Phd,High,6,5.4,21.39,Bajo,-17.52,85.93,3.61
S4605,Omar,Johnson,student3605@university.com,Female,23,Business,75.725,70.46,64.7,96.77,65.57,2.66,95.92,94.03,C,21.8,No,No,Bachelor'S,Low,4,6.8,28.12,Bajo,-5.76,71.21,4.31
S4606,Emma,Johnson,student3606@university.com,Female,22,Engineering,91.33,41.45,58.98,83.81,93.84,4.22,70.07,74.86,B,20.8,No,Yes,Unknown,High,7,4.4,38.53,Medio,17.53,72.48,3.6
S4607,Maria,Davis,student3607@university.com,Male,21,Engineering,63.56,72.47,96.34,75.93,72.67,0.86,75.24,59.01,F,21.3,No,Yes,Unknown,Low,10,4.2,45.36,Medio,23.87,58.11,2.77
S4608,John,Brown,student3608@university.com,Male,20,Business,75.725,92.22,55.77,94.1,83.16,4.56,87.51,57.31,A,11.1,No,Yes,Master'S,Medium,6,6.7,31.39,Medio,-36.45,77.59,5.16
S4609,Maria,Smith,student3609@university.com,Female,20,Engineering,75.725,86.35,63.9,78.39,62.05,5.06,90.16,62.81,B,17.3,No,Yes,Master'S,High,6,6.2,30.05,Medio,-22.45,70.3,3.63
S4610,Omar,Johnson,student3610@university.com,Female,24,Business,75.725,82.05,62.94,56.34,75.14,6.16,96.17,95.44,D,13.1,Yes,Yes,Bachelor'S,Medium,2,4.9,24.55,Bajo,-19.11,72.31,7.29
S4611,John,Jones,student3611@university.com,Female,19,Engineering,58.02,48.37,54.47,68.34,62.88,0.64,74.86,76.07,C,25.8,No,Yes,Bachelor'S,Low,2,7.6,34.5,Medio,6.1,53.12,2.95
S4612,Omar,Williams,student3612@university.com,Female,21,Engineering,75.725,79.46,53.05,72.3,97.55,0.32,59.69,90.2,D,19.7,No,Yes,Unknown,Low,6,4.4,30.92,Medio,-26.41,58.18,4.58
S4613,John,Johnson,student3613@university.com,Female,22,Business,69.39,85.98,58.14,74.81,53.05,4.2,88.22,75.34,D,22.9,No,Yes,Unknown,Medium,1,5.4,18.47,Bajo,-27.84,64.52,3.29
S4614,Maria,Smith,student3614@university.com,Male,21,Cs,57.98,74.35,91.85,82.96,63.73,1.89,56.28,80.47,F,21.5,No,Yes,Unknown,Medium,8,4.5,42.21,Medio,17.5,55.47,3.74
S4615,John,Johnson,student3615@university.com,Male,21,Cs,94.43,93.56,86.02,93.76,94.66,7.59,70.92,80.51,B,17.1,No,Yes,Master'S,Medium,9,7.6,28.11,Bajo,-7.54,83.81,4.71
S4616,John,Williams,student3616@university.com,Female,20,Cs,99.54,56.62,80.86,87.88,74.0,6.69,81.41,51.57,B,25.1,No,Yes,Bachelor'S,Medium,8,7.2,31.18,Medio,24.24,77.55,2.05
S4617,Sara,Smith,student3617@university.com,Male,22,Cs,78.43,54.53,67.43,65.49,80.0,3.26,84.59,72.26,A,20.4,No,Yes,High School,High,10,4.9,45.99,Medio,12.9,65.67,3.54
S4618,Ahmed,Brown,student3618@university.com,Male,18,Cs,88.73,92.17,70.47,85.94,82.58,0.46,86.65,93.2,A,10.7,Yes,Yes,Unknown,Low,6,6.8,27.05,Bajo,-21.7,64.94,8.71
S4619,Ahmed,Smith,student3619@university.com,Female,23,Engineering,92.95,77.52,56.03,59.76,53.55,1.82,59.68,74.45,A,12.3,Yes,No,Unknown,Low,10,7.5,38.06,Medio,-21.49,47.8,6.05
S4620,Emma,Brown,student3620@university.com,Male,20,Business,75.725,40.09,44.46,70.41,50.89,6.92,99.08,71.77,D,25.7,No,Yes,High School,Low,1,4.2,28.62,Bajo,4.37,72.4,2.79
S4621,Emma,Smith,student3621@university.com,Male,22,Business,52.21,61.19,59.86,90.3,96.89,9.9,58.92,76.33,D,28.5,No,Yes,Unknown,Low,8,7.3,44.68,Medio,-1.33,86.28,2.68
S4622,Liam,Williams,student3622@university.com,Male,19,Cs,57.88,91.47,69.74,80.6,63.58,3.26,54.8,69.04,D,18.7,No,Yes,High School,Medium,2,5.6,25.17,Bajo,-21.73,57.9,3.69
S4623,Liam,Williams,student3623@university.com,Female,23,Mathematics,53.55,41.64,43.44,91.27,69.02,8.02,83.2,75.77,D,14.6,No,Yes,Unknown,Low,4,4.7,48.13,Medio,1.8,80.92,5.19
S4624,Liam,Smith,student3624@university.com,Female,23,Engineering,50.49,40.19,45.29,62.74,84.1,8.67,95.5,56.77,C,20.6,No,Yes,Master'S,Medium,1,8.1,39.97,Medio,5.1,82.26,2.76
S4625,Sara,Johnson,student3625@university.com,Male,20,Cs,65.3,56.88,55.78,74.81,61.82,0.48,77.97,98.4,A,17.1,Yes,No,Bachelor'S,Low,1,7.0,31.53,Medio,-1.1,54.85,5.75
S4626,Emma,Williams,student3626@university.com,Male,24,Business,69.62,94.84,62.02,60.12,86.65,9.16,79.77,51.71,F,26.0,Yes,Yes,Bachelor'S,Medium,5,6.7,23.07,Bajo,-32.82,79.54,1.99
S4627,Omar,Brown,student3627@university.com,Male,19,Business,62.05,94.09,63.6,74.81,72.91,4.66,76.92,74.16,D,25.8,Yes,Yes,Phd,Medium,6,8.2,28.27,Bajo,-30.49,67.81,2.87
S4628,Liam,Brown,student3628@university.com,Male,20,Business,75.725,71.13,47.07,71.68,92.83,9.64,52.14,60.5,F,16.4,No,Yes,Unknown,High,9,5.3,41.74,Medio,-24.06,78.26,3.69
S4629,Liam,Jones,student3629@university.com,Male,21,Cs,76.49,73.19,53.55,77.82,63.93,5.39,84.07,52.92,B,25.1,No,No,Phd,Medium,3,4.1,23.17,Bajo,-19.64,69.93,2.11
S4630,Maria,Davis,student3630@university.com,Male,24,Engineering,63.67,59.92,55.7,74.81,60.19,2.35,67.91,82.59,D,9.8,Yes,Yes,Phd,Medium,2,8.7,37.06,Medio,-4.22,56.6,8.43
S4631,Ali,Davis,student3631@university.com,Female,22,Business,89.8,54.62,44.06,68.06,91.58,9.75,96.78,99.26,B,14.3,No,Yes,Unknown,Low,2,5.3,27.26,Bajo,-10.56,88.48,6.94
S4632,Omar,Davis,student3632@university.com,Male,19,Engineering,50.4,88.91,59.57,83.35,66.32,2.43,59.34,87.48,D,7.0,No,Yes,Phd,Low,8,7.2,47.74,Medio,-29.34,58.33,12.5
S4633,Liam,Brown,student3633@university.com,Male,23,Engineering,92.13,46.38,44.33,77.93,70.59,8.82,65.11,62.7,A,25.2,No,Yes,Unknown,Low,9,8.9,39.02,Medio,-2.05,75.46,2.49
S4634,Liam,Jones,student3634@university.com,Female,20,Engineering,75.725,69.24,82.21,77.45,89.69,1.73,75.24,74.67,D,29.4,No,Yes,Phd,High,8,5.2,33.58,Medio,12.97,64.92,2.54
S4635,Liam,Davis,student3635@university.com,Male,23,Business,85.81,78.06,63.16,75.54,81.78,6.75,73.87,52.49,B,19.4,No,Yes,Phd,High,3,9.0,21.29,Bajo,-14.9,74.67,2.71
S4636,Ali,Davis,student3636@university.com,Male,19,Cs,86.68,46.22,59.61,97.19,72.09,4.11,70.02,76.58,A,24.2,No,Yes,Phd,Low,10,6.7,43.7,Medio,13.39,70.1,3.16
S4637,Ali,Smith,student3637@university.com,Male,23,Engineering,96.68,71.18,47.59,96.73,62.49,9.72,65.72,54.97,A,15.0,No,Yes,High School,High,10,8.8,37.31,Medio,-23.59,80.54,3.66
S4638,Sara,Smith,student3638@university.com,Male,20,Cs,60.45,74.65,53.59,68.01,88.21,1.85,57.36,89.73,C,19.0,Yes,Yes,Phd,Medium,8,4.4,42.5,Medio,-21.06,58.02,4.72
S4639,Omar,Smith,student3639@university.com,Female,24,Engineering,99.73,84.55,53.96,67.59,59.02,4.09,91.05,52.84,A,13.7,No,Yes,Unknown,High,10,6.7,32.88,Medio,-30.59,64.64,3.86
S4640,Sara,Johnson,student3640@university.com,Male,20,Business,88.67,54.09,99.11,77.74,96.41,6.4,72.44,50.47,A,22.4,No,Yes,High School,Medium,6,8.7,32.65,Medio,45.02,77.65,2.25
S4641,John,Davis,student3641@university.com,Female,18,Cs,86.33,57.6,90.12,54.78,57.52,9.78,78.65,93.08,A,11.2,No,No,High School,Low,6,4.8,38.02,Medio,32.52,72.19,8.31
S4642,Ali,Johnson,student3642@university.com,Male,23,Engineering,68.05,74.17,40.92,65.15,90.25,3.04,77.33,97.13,F,8.8,Yes,Yes,Bachelor'S,Low,9,5.4,47.31,Medio,-33.25,65.78,11.04
S4643,Maria,Jones,student3643@university.com,Male,18,Engineering,77.29,98.99,77.01,61.54,71.21,3.97,78.77,54.33,A,27.5,No,Yes,High School,Medium,8,5.1,25.06,Bajo,-21.98,62.8,1.98
S4644,Emma,Brown,student3644@university.com,Female,24,Cs,82.7,53.05,55.35,61.17,59.3,4.62,85.24,63.95,B,26.6,Yes,Yes,Bachelor'S,Medium,1,8.8,21.84,Bajo,2.3,62.98,2.4
S4645,Maria,Davis,student3645@university.com,Male,18,Engineering,81.02,99.15,46.26,81.93,70.12,2.53,81.47,87.08,A,25.9,No,Yes,High School,High,7,5.3,22.28,Bajo,-52.89,64.71,3.36
S4646,Emma,Brown,student3646@university.com,Female,23,Cs,85.25,82.86,82.34,69.22,61.08,8.17,63.7,76.98,A,25.5,No,Yes,High School,Medium,6,4.6,23.67,Bajo,-0.52,68.92,3.02
S4647,Ali,Smith,student3647@university.com,Female,19,Engineering,54.12,89.56,47.9,58.56,56.8,0.92,77.69,97.46,F,23.2,No,No,High School,Medium,5,8.0,31.48,Medio,-41.66,50.56,4.2
S4648,Ali,Davis,student3648@university.com,Female,21,Cs,67.78,45.38,66.62,74.81,61.96,7.05,62.23,69.46,B,26.9,No,Yes,Master'S,Medium,3,6.6,33.66,Medio,21.24,67.38,2.58
S4649,Ali,Williams,student3649@university.com,Male,24,Business,71.7,58.03,77.93,93.71,93.37,5.34,79.44,50.17,C,10.3,Yes,Yes,Bachelor'S,Low,1,6.9,32.35,Medio,19.9,79.98,4.87
S4650,Sara,Johnson,student3650@university.com,Male,20,Business,63.03,43.46,73.27,74.81,55.3,2.42,71.6,50.99,D,26.8,No,Yes,Unknown,High,8,7.0,47.06,Medio,29.81,56.48,1.9
S4651,Omar,Johnson,student3651@university.com,Male,22,Engineering,58.63,62.29,98.66,69.54,98.63,4.93,51.97,78.24,C,27.9,No,Yes,Unknown,Low,3,7.1,31.29,Medio,36.37,67.36,2.8
S4652,Emma,Davis,student3652@university.com,Male,24,Cs,56.95,98.88,87.14,52.85,50.25,8.3,86.7,87.61,D,22.9,Yes,Yes,Unknown,Medium,7,6.3,32.29,Medio,-11.74,68.2,3.83
S4653,Omar,Smith,student3653@university.com,Female,18,Mathematics,68.32,46.32,86.45,55.34,82.91,4.45,63.73,89.53,A,20.0,Yes,Yes,High School,Low,6,8.9,43.3,Medio,40.13,61.62,4.48
S4654,Sara,Johnson,student3654@university.com,Male,19,Engineering,74.67,73.74,61.34,63.8,92.83,1.22,96.01,95.58,D,10.9,Yes,Yes,Unknown,Low,2,4.9,28.52,Bajo,-12.4,66.21,8.77
S4655,Sara,Smith,student3655@university.com,Male,23,Cs,53.15,40.36,40.5,61.0,96.7,0.41,64.03,61.45,F,26.7,Yes,Yes,Bachelor'S,Medium,2,8.8,38.16,Medio,0.14,56.46,2.3
S4656,Ahmed,Jones,student3656@university.com,Female,19,Business,75.725,82.76,84.06,93.7,57.2,7.78,99.83,86.92,C,19.4,No,Yes,Bachelor'S,Medium,3,5.5,23.41,Bajo,1.3,82.13,4.48
S4657,Maria,Brown,student3657@university.com,Female,19,Cs,88.26,51.83,99.98,99.32,84.91,3.3,73.15,91.35,A,20.3,Yes,Yes,Unknown,Low,3,4.9,27.85,Bajo,48.15,72.6,4.5
S4658,Maria,Williams,student3658@university.com,Male,23,Engineering,86.54,47.78,64.35,90.83,55.37,9.31,51.32,91.81,B,20.2,No,Yes,Unknown,Medium,2,7.1,27.5,Bajo,16.57,72.66,4.55
S4659,John,Brown,student3659@university.com,Female,22,Engineering,58.64,60.22,99.13,74.81,67.63,6.17,53.81,70.58,C,26.7,No,Yes,Unknown,Low,8,8.5,43.62,Medio,38.91,64.49,2.64
S4660,Liam,Brown,student3660@university.com,Female,23,Engineering,80.19,86.26,48.5,79.43,86.6,4.36,54.1,81.3,D,8.4,No,Yes,Master'S,High,1,5.8,21.86,Bajo,-37.76,65.93,9.68
S4661,Sara,Jones,student3661@university.com,Female,22,Business,75.725,46.4,57.79,88.5,67.3,5.64,52.81,77.58,F,6.5,No,Yes,High School,Medium,3,4.4,40.77,Medio,11.39,66.25,11.94
S4662,Emma,Johnson,student3662@university.com,Female,23,Engineering,99.12,53.79,50.24,97.35,65.67,4.57,63.39,79.87,A,10.6,No,Yes,High School,Low,1,6.7,23.87,Bajo,-3.55,68.03,7.53
S4663,Ahmed,Williams,student3663@university.com,Female,18,Cs,87.38,40.51,68.51,80.07,55.8,9.06,66.23,64.1,B,17.3,No,Yes,Unknown,Low,4,8.9,35.28,Medio,28.0,73.18,3.71
S4664,Ahmed,Johnson,student3664@university.com,Male,22,Mathematics,78.79,98.1,87.82,57.73,53.32,4.58,55.56,84.16,B,16.7,No,Yes,Phd,Low,1,5.9,14.64,Bajo,-10.28,53.1,5.04
S4665,Liam,Davis,student3665@university.com,Male,18,Mathematics,92.54,75.53,60.44,58.19,55.76,1.04,71.91,85.5,B,17.8,Yes,Yes,High School,Low,1,4.1,16.05,Bajo,-15.09,49.06,4.8
S4666,Omar,Brown,student3666@university.com,Male,24,Engineering,57.75,83.19,94.37,79.19,93.77,5.97,68.27,59.8,D,7.9,No,Yes,Phd,Medium,4,6.5,37.55,Medio,11.18,75.23,7.57
S4667,Liam,Davis,student3667@university.com,Male,22,Engineering,50.76,79.08,72.69,66.67,50.56,6.23,81.82,72.18,D,24.8,No,Yes,High School,Low,6,5.9,37.22,Medio,-6.39,65.34,2.91
S4668,Liam,Smith,student3668@university.com,Male,22,Cs,84.51,48.66,67.93,95.51,84.64,7.65,59.79,71.11,C,12.6,Yes,Yes,Phd,Medium,6,4.3,40.63,Medio,19.27,79.11,5.64
S4669,Liam,Brown,student3669@university.com,Male,23,Business,54.92,75.7,87.22,80.58,88.43,9.33,95.7,87.45,D,27.8,Yes,Yes,Master'S,Low,4,8.4,30.83,Medio,11.52,89.5,3.15
S4670,Maria,Johnson,student3670@university.com,Male,22,Cs,55.77,47.88,46.09,83.82,78.39,4.43,75.8,83.33,D,26.0,No,Yes,High School,Medium,7,7.1,46.45,Medio,-1.79,70.58,3.2
S4671,Sara,Brown,student3671@university.com,Female,18,Cs,87.23,64.07,86.43,50.29,86.54,3.52,81.19,73.81,B,6.6,No,Yes,Unknown,Medium,8,4.8,42.5,Medio,22.36,63.31,11.18
S4672,John,Smith,student3672@university.com,Male,24,Engineering,63.53,74.14,54.58,74.81,82.61,4.91,51.98,82.63,D,6.3,No,Yes,Bachelor'S,Medium,2,8.6,34.59,Medio,-19.56,64.62,13.12
S4673,Sara,Jones,student3673@university.com,Male,23,Cs,81.43,73.53,56.85,71.56,72.78,9.0,77.95,63.14,D,20.7,No,Yes,High School,High,9,6.9,36.87,Medio,-16.68,78.07,3.05
S4674,Omar,Davis,student3674@university.com,Male,20,Cs,95.87,47.14,75.97,85.29,69.14,9.8,68.41,61.62,A,6.9,No,Yes,Unknown,Low,5,7.4,37.74,Medio,28.83,80.21,8.93
S4675,Ali,Davis,student3675@university.com,Female,24,Engineering,65.82,42.07,94.12,69.13,97.07,9.71,96.21,62.0,C,19.3,Yes,Yes,Unknown,Low,6,6.9,45.8,Medio,52.05,89.88,3.21
S4676,Liam,Johnson,student3676@university.com,Male,24,Cs,60.86,87.89,74.7,98.83,98.6,2.3,94.28,51.47,C,7.0,Yes,Yes,Bachelor'S,High,1,8.9,28.83,Bajo,-13.19,78.68,7.35
S4677,Sara,Brown,student3677@university.com,Male,18,Cs,55.33,83.56,78.94,83.51,82.56,4.97,81.88,84.55,D,17.0,No,Yes,Unknown,Low,4,8.5,33.73,Medio,-4.62,74.41,4.97
S4678,Omar,Johnson,student3678@university.com,Female,24,Cs,56.52,44.91,86.6,83.0,59.86,2.59,88.39,99.29,C,15.5,No,Yes,High School,High,7,4.1,52.33,Medio,41.69,64.29,6.41
S4679,Ali,Jones,student3679@university.com,Male,20,Cs,53.11,47.64,55.56,95.97,72.39,3.68,82.23,65.45,D,19.8,Yes,Yes,Bachelor'S,Low,6,4.1,48.33,Medio,7.92,71.85,3.31
S4680,Ali,Brown,student3680@university.com,Male,19,Business,54.38,93.56,89.63,99.76,74.83,0.32,50.85,96.49,F,13.9,No,Yes,Unknown,Medium,2,6.4,28.17,Bajo,-3.93,57.16,6.94
S4681,Liam,Brown,student3681@university.com,Female,23,Business,71.6,86.15,65.08,59.89,87.9,1.61,85.16,80.33,F,8.5,No,Yes,Bachelor'S,Medium,7,5.6,38.18,Medio,-21.07,62.26,9.45
S4682,John,Johnson,student3682@university.com,Male,19,Engineering,66.04,99.77,50.54,90.53,83.39,3.97,58.85,61.25,D,26.1,No,Yes,Unknown,High,9,6.7,31.68,Medio,-49.23,68.12,2.35
S4683,Emma,Johnson,student3683@university.com,Female,23,Engineering,85.33,55.24,61.01,58.12,75.74,3.65,84.13,50.59,A,12.5,No,No,Bachelor'S,Medium,9,5.7,45.09,Medio,5.77,63.62,4.05
S4684,Maria,Smith,student3684@university.com,Male,24,Cs,93.51,69.27,54.77,72.85,84.02,2.79,50.53,86.19,A,6.7,No,Yes,Unknown,Low,3,8.4,27.58,Bajo,-14.5,58.82,12.86
S4685,Sara,Jones,student3685@university.com,Male,23,Cs,89.24,54.19,53.72,55.01,51.2,2.3,65.55,84.83,A,17.5,No,Yes,Unknown,Medium,6,4.8,34.87,Medio,-0.47,48.69,4.85
S4686,Ali,Smith,student3686@university.com,Male,18,Cs,76.53,77.37,56.95,81.17,88.83,7.49,75.85,61.46,F,26.9,No,Yes,High School,Low,1,4.3,16.55,Bajo,-20.42,80.19,2.28
S4687,Sara,Davis,student3687@university.com,Female,20,Engineering,55.12,46.92,50.86,73.43,60.58,2.95,66.66,66.64,D,12.0,No,Yes,High School,Low,4,5.7,47.3,Medio,3.94,57.54,5.55
S4688,Emma,Brown,student3688@university.com,Female,23,Business,85.49,47.63,80.06,81.43,82.82,7.07,84.7,94.9,A,16.3,No,Yes,Bachelor'S,Low,5,4.7,36.53,Medio,32.43,79.91,5.82
S4689,Maria,Johnson,student3689@university.com,Female,20,Engineering,68.14,44.31,74.8,83.9,55.7,3.69,76.14,57.86,F,15.1,No,No,Unknown,Low,9,7.0,53.09,Medio,30.49,63.16,3.83
S4690,Emma,Brown,student3690@university.com,Male,23,Cs,54.28,81.62,78.91,80.97,55.72,8.02,97.98,91.77,C,6.2,Yes,Yes,Phd,Medium,3,6.4,37.86,Medio,-2.71,78.72,14.8
S4691,Maria,Brown,student3691@university.com,Male,20,Cs,92.12,69.64,60.62,74.81,51.78,1.67,67.89,58.46,A,26.7,Yes,Yes,High School,High,9,7.5,31.29,Medio,-9.02,52.8,2.19
S4692,Ahmed,Williams,student3692@university.com,Female,19,Business,66.91,77.06,86.18,91.85,95.51,1.58,86.09,74.09,F,24.0,Yes,Yes,Bachelor'S,Medium,5,4.4,30.35,Medio,9.12,72.31,3.09
S4693,Maria,Davis,student3693@university.com,Female,18,Cs,60.91,92.76,47.78,77.58,80.23,6.8,91.79,74.95,D,7.4,No,Yes,High School,Medium,3,7.8,31.6,Medio,-44.98,79.4,10.13
S4694,Liam,Williams,student3694@university.com,Male,23,Business,93.57,84.42,74.27,74.49,68.1,9.15,62.68,73.6,A,8.3,No,Yes,Phd,Medium,2,5.4,20.0,Bajo,-10.15,74.19,8.87
S4695,John,Brown,student3695@university.com,Male,21,Engineering,95.11,67.7,56.53,99.35,89.39,1.43,87.71,64.4,B,5.3,No,Yes,High School,High,9,7.4,41.53,Medio,-11.17,72.69,12.15
S4696,Emma,Johnson,student3696@university.com,Male,20,Business,75.725,99.06,71.66,64.18,81.3,0.74,69.67,62.67,F,29.6,Yes,No,Master'S,Low,6,5.5,20.09,Bajo,-27.4,55.64,2.12
S4697,Ali,Brown,student3697@university.com,Male,20,Mathematics,67.74,67.38,59.42,76.4,81.0,9.35,56.44,86.66,B,15.4,Yes,Yes,Unknown,Medium,6,8.2,39.49,Medio,-7.96,76.84,5.63
S4698,Liam,Davis,student3698@university.com,Female,21,Mathematics,78.98,46.75,87.43,84.12,74.35,1.17,50.18,63.78,C,28.3,No,Yes,Unknown,Low,2,8.2,26.4,Bajo,40.68,55.09,2.25
S4699,Ahmed,Williams,student3699@university.com,Male,18,Engineering,86.67,99.56,93.48,56.26,50.4,2.5,87.19,80.5,A,15.5,No,Yes,Phd,Medium,8,5.5,27.6,Bajo,-6.08,54.71,5.19
S4700,John,Johnson,student3700@university.com,Male,20,Engineering,53.16,41.37,84.55,67.71,62.92,9.29,59.31,92.33,D,7.6,Yes,Yes,Unknown,Low,5,8.5,54.07,Medio,43.18,70.71,12.15
S4701,Sara,Brown,student3701@university.com,Male,18,Cs,79.67,72.99,50.54,90.08,55.45,8.03,52.56,91.85,B,13.6,Yes,Yes,Unknown,Low,10,5.6,43.42,Medio,-22.45,69.6,6.75
S4702,Liam,Jones,student3702@university.com,Male,20,Mathematics,97.64,58.55,56.49,61.84,83.12,3.43,74.86,58.36,A,15.5,No,Yes,High School,Low,6,8.5,31.62,Medio,-2.06,63.53,3.77
S4703,Emma,Davis,student3703@university.com,Male,24,Engineering,63.1,70.21,95.16,74.66,62.43,9.55,67.33,82.74,F,9.4,No,No,Unknown,High,9,5.0,49.93,Medio,24.95,74.98,8.8
S4704,Omar,Davis,student3704@university.com,Male,22,Cs,95.44,73.52,66.23,81.53,72.51,5.68,84.59,80.11,A,6.3,No,Yes,Unknown,Low,8,5.4,36.95,Medio,-7.29,73.86,12.72
S4705,Omar,Jones,student3705@university.com,Male,24,Engineering,97.51,54.41,96.47,83.56,67.67,0.72,55.37,64.1,B,12.9,No,Yes,High School,Medium,9,8.4,40.88,Medio,42.06,53.45,4.97
S4706,Ali,Brown,student3706@university.com,Female,20,Cs,63.46,73.41,63.55,86.42,57.16,7.03,56.63,69.57,C,18.5,No,Yes,Unknown,High,7,4.4,39.85,Medio,-9.86,67.63,3.76
S4707,Maria,Davis,student3707@university.com,Female,22,Engineering,75.725,85.36,97.11,93.3,97.92,5.37,70.21,64.26,C,11.4,No,Yes,Unknown,Low,1,7.5,22.19,Bajo,11.75,78.78,5.64
S4708,Ali,Johnson,student3708@university.com,Female,23,Engineering,61.94,55.99,95.54,69.64,96.67,5.73,76.02,76.85,F,29.0,Yes,Yes,Bachelor'S,Medium,1,7.4,27.02,Bajo,39.55,74.91,2.65
S4709,Omar,Brown,student3709@university.com,Male,18,Cs,86.88,63.01,79.63,85.33,54.23,9.94,91.21,90.18,A,17.0,No,Yes,High School,Low,4,8.9,28.86,Bajo,16.62,82.54,5.3
S4710,Sara,Brown,student3710@university.com,Female,20,Cs,89.87,56.09,40.53,86.61,91.37,1.53,79.28,93.88,A,8.3,No,Yes,High School,Medium,2,8.9,29.79,Bajo,-15.56,68.14,11.31
S4711,Ahmed,Williams,student3711@university.com,Male,19,Mathematics,62.36,89.23,64.02,74.81,74.42,6.57,95.13,86.14,B,15.3,No,Yes,Bachelor'S,High,9,6.4,41.53,Medio,-25.21,77.52,5.63
S4712,Ahmed,Davis,student3712@university.com,Male,19,Business,85.79,83.5,94.67,98.41,88.69,4.59,60.89,74.17,A,22.7,Yes,Yes,Bachelor'S,Low,4,7.3,20.24,Bajo,11.17,73.47,3.27
S4713,Emma,Davis,student3713@university.com,Male,21,Business,90.61,92.27,93.11,93.26,57.56,2.72,79.81,97.9,B,17.2,No,Yes,Bachelor'S,Low,5,4.8,20.89,Bajo,0.84,64.46,5.69
S4714,Ahmed,Jones,student3714@university.com,Male,19,Cs,67.93,50.2,51.24,74.81,56.61,6.94,82.76,78.19,B,13.3,Yes,Yes,Unknown,Low,2,5.1,36.74,Medio,1.04,70.9,5.88
S4715,Emma,Williams,student3715@university.com,Female,22,Business,58.39,44.41,63.95,83.75,94.54,6.68,86.29,73.93,D,7.7,No,Yes,Bachelor'S,Medium,9,6.8,60.17,Alto,19.54,82.85,9.6
S4716,Liam,Williams,student3716@university.com,Male,19,Engineering,54.6,47.16,90.13,85.89,94.89,8.56,99.43,92.84,D,16.5,No,Yes,Master'S,Medium,8,5.2,54.05,Medio,42.97,91.45,5.63
S4717,Emma,Davis,student3717@university.com,Male,19,Cs,78.77,49.66,74.67,74.81,73.3,8.79,73.4,59.23,F,7.4,No,Yes,Unknown,High,7,5.1,47.17,Medio,25.01,77.35,8.0
S4718,Liam,Brown,student3718@university.com,Female,19,Cs,98.9,71.98,90.84,93.19,93.51,5.62,68.47,57.89,A,14.3,No,Yes,Bachelor'S,Low,7,4.1,29.97,Bajo,18.86,77.84,4.05
S4719,Emma,Williams,student3719@university.com,Female,20,Cs,91.15,98.25,89.59,84.51,83.37,3.26,92.61,89.13,B,7.9,No,Yes,Bachelor'S,Low,8,4.4,30.23,Medio,-8.66,73.27,11.28
S4720,Omar,Jones,student3720@university.com,Female,21,Cs,71.79,61.43,94.45,82.91,59.25,5.3,58.84,93.53,F,21.9,Yes,Yes,Master'S,Low,10,7.6,45.49,Medio,33.02,63.5,4.27
S4721,Omar,Williams,student3721@university.com,Male,18,Mathematics,76.83,97.51,47.03,61.04,66.45,3.59,51.85,53.64,B,24.3,Yes,Yes,Phd,High,10,4.1,31.71,Medio,-50.48,53.81,2.21
S4722,Maria,Jones,student3722@university.com,Female,21,Cs,63.98,42.29,48.71,70.39,56.8,2.77,72.18,88.2,A,11.1,No,Yes,Unknown,Low,7,8.5,52.7,Medio,6.42,56.77,7.95
S4723,Liam,Williams,student3723@university.com,Male,22,Engineering,58.15,95.61,44.97,71.7,88.7,5.52,62.36,71.22,D,6.9,No,Yes,Unknown,Low,10,4.4,47.51,Medio,-50.64,69.49,10.32
S4724,John,Jones,student3724@university.com,Male,20,Engineering,74.1,50.87,96.12,86.68,99.26,6.58,69.83,85.19,F,13.7,Yes,Yes,Bachelor'S,Medium,7,4.8,45.29,Medio,45.25,80.39,6.22
S4725,Liam,Williams,student3725@university.com,Female,23,Cs,75.725,94.75,68.51,80.92,77.32,5.91,99.3,56.75,F,19.0,No,Yes,Unknown,Low,6,5.7,26.68,Bajo,-26.24,79.16,2.99
S4726,Emma,Williams,student3726@university.com,Female,20,Engineering,76.1,43.37,43.86,54.29,82.79,9.54,67.42,98.65,A,24.2,No,Yes,Unknown,Low,9,7.6,46.03,Medio,0.49,74.98,4.08
S4727,Emma,Johnson,student3727@university.com,Female,24,Cs,97.64,96.89,59.29,65.38,87.3,2.99,85.4,94.06,A,15.1,No,Yes,Bachelor'S,Low,4,7.5,15.88,Bajo,-37.6,67.0,6.23
S4728,John,Jones,student3728@university.com,Male,19,Business,80.19,52.05,61.08,73.65,61.21,3.72,62.52,70.3,D,14.1,Yes,Yes,Unknown,High,5,5.2,38.16,Medio,9.03,58.64,4.99
S4729,Ali,Jones,student3729@university.com,Male,19,Cs,80.29,58.16,88.57,86.84,66.8,6.68,65.17,94.67,C,27.7,No,No,High School,Low,6,5.6,31.71,Medio,30.41,71.4,3.42
S4730,Emma,Jones,student3730@university.com,Male,22,Engineering,56.4,69.46,84.13,87.18,70.62,6.0,62.16,94.75,D,16.2,No,Yes,Bachelor'S,Low,7,8.1,44.66,Medio,14.67,69.99,5.85
S4731,Maria,Smith,student3731@university.com,Male,23,Business,99.82,62.84,81.36,74.53,79.73,0.02,78.61,73.06,A,16.2,No,Yes,High School,Medium,5,6.5,27.0,Bajo,18.52,58.27,4.51
S4732,Ahmed,Williams,student3732@university.com,Male,24,Business,88.64,80.05,41.31,55.85,92.52,3.12,61.31,97.34,A,15.2,Yes,Yes,Master'S,Low,5,6.3,26.25,Bajo,-38.74,60.22,6.4
S4733,Ahmed,Jones,student3733@university.com,Male,20,Business,93.86,98.49,94.64,64.65,62.71,2.54,85.92,98.84,B,14.1,No,Yes,Phd,Medium,10,7.2,30.55,Medio,-3.85,59.67,7.01
S4734,Sara,Davis,student3734@university.com,Female,23,Engineering,70.72,76.39,52.93,62.73,73.54,8.4,84.01,60.86,D,23.2,Yes,Yes,Master'S,Medium,10,6.3,40.73,Medio,-23.46,76.07,2.62
S4735,Sara,Smith,student3735@university.com,Male,18,Cs,75.11,83.29,77.74,89.05,87.58,8.66,71.06,53.33,F,12.0,No,No,Unknown,Low,6,6.2,33.84,Medio,-5.55,83.57,4.44
S4736,Ahmed,Johnson,student3736@university.com,Female,21,Engineering,76.1,45.28,43.71,59.0,54.37,2.84,51.28,66.56,B,14.5,No,Yes,Phd,Medium,10,8.0,52.53,Medio,-1.57,48.26,4.59
S4737,Ahmed,Jones,student3737@university.com,Female,20,Business,59.7,77.67,44.89,73.25,75.64,1.02,51.13,74.44,F,12.1,Yes,Yes,Bachelor'S,High,9,8.7,47.53,Medio,-32.78,52.55,6.15
S4738,Omar,Jones,student3738@university.com,Female,23,Business,84.47,67.23,40.57,83.54,57.22,2.05,76.64,54.63,D,19.3,No,No,Phd,High,6,6.7,31.73,Medio,-26.66,59.47,2.83
S4739,Maria,Smith,student3739@university.com,Female,18,Cs,95.15,93.15,73.96,98.24,76.96,1.77,91.96,57.03,A,29.0,No,Yes,Unknown,High,8,5.4,19.81,Bajo,-19.19,71.21,1.97
S4740,John,Williams,student3740@university.com,Female,18,Cs,58.19,63.29,77.76,99.96,88.39,2.37,79.94,98.58,D,14.8,No,No,Phd,High,4,8.7,39.91,Medio,14.47,73.0,6.66
S4741,Sara,Davis,student3741@university.com,Male,24,Business,54.32,80.77,43.03,97.65,61.85,2.35,71.78,86.87,D,29.2,No,Yes,High School,High,7,7.5,35.49,Medio,-37.74,63.7,2.98
S4742,Omar,Johnson,student3742@university.com,Male,24,Engineering,86.91,53.69,57.43,85.91,92.47,4.8,94.11,93.75,B,21.4,No,Yes,Unknown,Low,5,7.3,31.66,Medio,3.74,80.12,4.38
S4743,Omar,Jones,student3743@university.com,Male,21,Cs,63.66,55.56,91.09,87.32,66.74,3.2,59.85,98.56,F,24.9,Yes,Yes,Bachelor'S,Medium,4,7.0,35.27,Medio,35.53,61.48,3.96
S4744,John,Williams,student3744@university.com,Male,18,Engineering,81.19,62.57,46.08,87.96,59.54,5.6,67.97,68.91,D,13.3,Yes,No,Master'S,Low,2,7.7,28.38,Bajo,-16.49,67.87,5.18
S4745,Omar,Davis,student3745@university.com,Female,22,Engineering,84.79,58.24,52.99,93.13,73.27,3.44,78.27,84.39,A,10.6,No,Yes,Master'S,Medium,9,7.9,45.33,Medio,-5.25,69.77,7.96
S4746,Liam,Davis,student3746@university.com,Female,18,Mathematics,66.1,55.23,65.46,97.59,93.8,8.15,64.58,59.2,B,19.4,No,Yes,Bachelor'S,High,5,8.0,39.48,Medio,10.23,84.37,3.05
S4747,Maria,Johnson,student3747@university.com,Female,23,Engineering,90.76,42.98,90.54,72.29,53.45,9.51,99.89,77.58,A,29.8,No,No,Unknown,Low,6,8.9,31.55,Medio,47.56,80.18,2.6
S4748,Ahmed,Brown,student3748@university.com,Male,24,Cs,77.5,90.2,55.29,70.83,66.38,4.04,72.62,60.49,A,22.8,Yes,Yes,Bachelor'S,Low,1,6.1,14.41,Bajo,-34.91,62.56,2.65
S4749,Emma,Davis,student3749@university.com,Male,22,Cs,93.45,43.86,99.83,73.02,82.66,0.49,52.59,58.02,A,22.0,No,Yes,Phd,High,4,5.2,29.8,Bajo,55.97,53.29,2.64
S4750,John,Brown,student3750@university.com,Male,24,Cs,75.725,93.24,61.32,82.99,67.88,2.4,58.8,54.92,D,16.3,No,Yes,Unknown,Medium,5,6.0,26.26,Bajo,-31.92,58.42,3.37
S4751,Ahmed,Davis,student3751@university.com,Male,24,Engineering,93.43,47.53,63.19,88.77,53.54,1.02,76.62,78.99,B,27.0,No,Yes,High School,Low,4,7.8,26.21,Bajo,15.66,57.28,2.93
S4752,Ahmed,Johnson,student3752@university.com,Female,24,Engineering,51.01,43.92,47.33,93.53,66.6,3.45,77.5,97.49,C,22.4,No,Yes,Unknown,Low,2,6.7,39.99,Medio,3.41,68.03,4.35
S4753,Ali,Smith,student3753@university.com,Female,18,Cs,62.18,73.78,80.81,72.81,91.05,6.45,99.21,56.11,D,21.9,No,No,Master'S,Medium,1,8.3,25.15,Bajo,7.03,81.89,2.56
S4754,Liam,Johnson,student3754@university.com,Male,19,Engineering,54.5,70.15,54.61,68.17,98.4,5.19,80.0,75.12,D,12.3,No,Yes,Unknown,Medium,9,5.2,51.51,Medio,-15.54,74.62,6.11
S4755,John,Johnson,student3755@university.com,Male,18,Business,72.1,69.47,77.73,99.17,51.99,2.43,83.33,84.35,C,28.9,Yes,Yes,Unknown,Medium,4,7.7,26.14,Bajo,8.26,64.7,2.92
S4756,Omar,Smith,student3756@university.com,Female,24,Cs,75.725,74.47,53.39,61.59,78.46,7.67,60.69,74.79,A,11.3,No,Yes,Bachelor'S,Medium,8,5.2,41.06,Medio,-21.08,69.36,6.62
S4757,Emma,Smith,student3757@university.com,Female,22,Cs,73.38,57.22,63.27,74.81,55.27,1.31,55.34,95.59,F,18.1,No,Yes,Master'S,Low,8,8.0,43.66,Medio,6.05,49.63,5.28
S4758,John,Williams,student3758@university.com,Female,18,Mathematics,92.49,79.78,91.4,85.77,84.02,2.28,80.1,58.31,B,13.5,Yes,Yes,Unknown,Medium,4,6.2,23.61,Bajo,11.62,68.17,4.32
S4759,Omar,Davis,student3759@university.com,Female,24,Cs,66.36,70.14,84.33,74.81,50.39,6.76,93.24,51.21,C,9.5,No,Yes,Phd,High,8,8.9,46.54,Medio,14.19,71.51,5.39
S4760,Ahmed,Williams,student3760@university.com,Male,24,Business,66.98,60.08,49.28,69.97,50.74,1.97,79.37,69.16,D,8.6,No,Yes,Unknown,Medium,4,7.3,40.9,Medio,-10.8,54.94,8.04
S4761,Emma,Smith,student3761@university.com,Female,18,Engineering,94.78,89.59,76.46,64.62,88.84,6.79,72.14,77.77,A,12.3,No,Yes,Bachelor'S,Low,6,7.7,24.91,Bajo,-13.13,73.38,6.32
S4762,Omar,Brown,student3762@university.com,Female,18,Business,71.29,83.66,77.72,58.44,53.72,9.77,78.91,62.73,C,22.2,Yes,Yes,High School,Medium,5,4.2,27.74,Bajo,-5.94,72.19,2.83
S4763,Maria,Brown,student3763@university.com,Female,22,Business,75.725,63.62,45.43,78.99,65.26,8.31,73.44,58.42,F,29.4,No,Yes,High School,Low,1,7.5,19.71,Bajo,-18.19,75.2,1.99
S4764,Omar,Johnson,student3764@university.com,Female,18,Engineering,61.83,90.86,67.95,68.68,97.9,1.6,57.09,90.24,B,26.3,Yes,Yes,High School,Medium,9,6.1,35.73,Medio,-22.91,59.92,3.43
S4765,Ali,Jones,student3765@university.com,Male,21,Business,97.44,95.22,55.64,74.81,99.26,5.2,87.06,59.43,A,10.5,No,Yes,Phd,Low,6,5.6,23.19,Bajo,-39.58,78.28,5.66
S4766,Liam,Johnson,student3766@university.com,Male,23,Mathematics,78.73,72.21,68.03,59.79,58.07,4.22,76.65,72.13,D,7.0,No,Yes,Unknown,Medium,10,8.0,47.28,Medio,-4.18,59.18,10.3
S4767,Ahmed,Johnson,student3767@university.com,Male,21,Engineering,75.725,52.9,86.62,88.39,78.05,9.92,69.97,97.72,A,22.2,Yes,Yes,Master'S,Medium,9,5.1,44.3,Medio,33.72,83.9,4.4
S4768,Omar,Jones,student3768@university.com,Male,22,Cs,54.48,94.95,49.5,65.74,77.96,9.64,77.98,80.64,F,5.8,No,Yes,Unknown,Medium,4,4.9,36.21,Medio,-45.45,79.52,13.9
S4769,Liam,Davis,student3769@university.com,Male,19,Cs,74.63,51.37,47.4,67.14,72.62,1.27,62.06,74.89,A,26.5,No,Yes,High School,High,4,5.8,31.89,Medio,-3.97,53.63,2.83
S4770,Sara,Smith,student3770@university.com,Male,21,Business,95.05,42.91,56.16,62.61,96.24,9.09,71.4,68.01,B,25.6,Yes,Yes,Unknown,Low,4,7.1,27.73,Bajo,13.25,80.29,2.66
S4771,Sara,Brown,student3771@university.com,Female,24,Engineering,93.85,59.65,97.14,71.72,87.7,1.93,81.12,76.02,B,24.8,No,Yes,Unknown,Low,2,5.3,19.08,Bajo,37.49,64.96,3.07
S4772,Liam,Johnson,student3772@university.com,Female,23,Cs,52.34,83.62,84.87,73.18,88.23,3.19,61.31,86.72,C,18.8,No,No,Unknown,Medium,3,6.8,31.64,Medio,1.25,63.66,4.61
S4773,Liam,Jones,student3773@university.com,Female,20,Cs,65.18,95.4,41.17,76.48,63.48,3.53,87.45,91.13,B,29.3,No,Yes,High School,High,5,5.9,22.81,Bajo,-54.23,65.68,3.11
S4774,Ali,Williams,student3774@university.com,Female,23,Engineering,72.17,78.24,64.06,98.38,71.72,2.87,76.05,82.49,A,16.5,No,Yes,Master'S,High,4,6.0,29.69,Bajo,-14.18,68.71,5.0
S4775,Maria,Johnson,student3775@university.com,Male,21,Cs,58.61,97.11,55.44,95.23,74.37,8.53,93.09,89.52,D,29.7,No,Yes,Bachelor'S,Low,1,5.0,15.5,Bajo,-41.67,87.0,3.01
S4776,Ahmed,Brown,student3776@university.com,Female,20,Engineering,86.5,45.54,78.29,80.47,64.95,3.3,92.36,54.42,A,27.0,Yes,Yes,Unknown,Low,8,5.6,38.12,Medio,32.75,67.7,2.02
S4777,John,Smith,student3777@university.com,Male,22,Business,59.23,43.65,67.56,51.95,54.74,8.17,74.73,50.72,C,8.2,No,Yes,Bachelor'S,Medium,4,5.4,48.74,Medio,23.91,65.78,6.19
S4778,Ali,Johnson,student3778@university.com,Female,23,Engineering,67.33,76.25,97.87,74.81,56.32,9.94,59.77,86.72,C,27.4,Yes,Yes,Unknown,Medium,4,5.2,26.53,Bajo,21.62,72.57,3.16
S4779,Maria,Johnson,student3779@university.com,Female,19,Cs,83.16,97.97,53.14,54.48,59.03,8.41,86.83,63.09,C,12.6,No,Yes,Phd,High,7,4.4,28.54,Bajo,-44.83,71.11,5.01
S4780,Liam,Davis,student3780@university.com,Female,20,Cs,74.1,70.16,75.27,85.52,60.18,3.46,70.93,93.88,D,24.2,No,Yes,Unknown,Medium,6,6.2,32.03,Medio,5.11,62.81,3.88
S4781,John,Jones,student3781@university.com,Male,20,Cs,86.93,43.09,82.01,69.5,62.11,7.11,79.73,76.79,A,5.0,No,No,Phd,High,2,5.2,36.37,Medio,38.92,70.61,15.36
S4782,Liam,Williams,student3782@university.com,Female,23,Cs,98.06,53.27,89.53,91.88,62.77,5.34,55.36,73.93,A,11.9,Yes,Yes,Master'S,Medium,4,8.8,30.41,Medio,36.26,65.85,6.21
S4783,Liam,Williams,student3783@university.com,Male,21,Engineering,55.83,54.69,64.42,74.81,72.79,7.87,81.58,88.64,D,24.0,No,Yes,Phd,Low,2,7.0,34.27,Medio,9.73,76.97,3.69
S4784,Sara,Smith,student3784@university.com,Male,20,Engineering,85.48,60.27,81.22,70.86,75.48,1.53,68.68,87.05,B,29.3,No,Yes,Master'S,High,3,6.3,21.8,Bajo,20.95,57.58,2.97
S4785,Sara,Brown,student3785@university.com,Female,22,Cs,61.52,42.62,58.19,73.03,65.44,6.38,66.71,85.21,B,9.3,No,Yes,High School,Low,10,5.7,61.03,Alto,15.57,67.24,9.16
S4786,John,Smith,student3786@university.com,Male,23,Cs,70.72,94.29,66.13,79.51,95.36,7.74,99.0,84.5,A,16.5,Yes,Yes,Unknown,Low,6,6.3,29.82,Bajo,-28.16,87.82,5.12
S4787,Ali,Johnson,student3787@university.com,Male,22,Cs,51.64,70.93,93.74,74.81,77.66,7.61,71.62,75.77,C,19.7,No,Yes,Master'S,High,9,5.7,48.57,Medio,22.81,75.05,3.85
S4788,Sara,Johnson,student3788@university.com,Female,23,Mathematics,75.725,80.26,96.99,96.37,89.37,9.64,83.9,96.32,F,28.8,Yes,Yes,Unknown,High,1,8.3,15.02,Bajo,16.73,91.51,3.34
S4789,Ahmed,Williams,student3789@university.com,Female,22,Engineering,75.725,44.03,83.13,71.65,96.21,0.58,81.39,94.53,D,16.3,No,Yes,Unknown,Low,4,5.3,38.8,Medio,39.1,63.76,5.8
S4790,Liam,Brown,student3790@university.com,Female,21,Business,67.1,43.25,62.46,58.34,58.16,3.46,55.22,66.47,B,28.3,Yes,Yes,Master'S,Low,8,5.4,44.95,Medio,19.21,51.58,2.35
S4791,Emma,Jones,student3791@university.com,Female,23,Business,94.98,75.19,89.2,88.14,71.39,4.77,87.4,90.23,B,29.5,Yes,Yes,Master'S,Medium,4,7.5,16.12,Bajo,14.01,73.66,3.06
S4792,Omar,Brown,student3792@university.com,Female,24,Engineering,87.09,93.24,41.55,60.96,71.66,3.1,66.16,94.56,A,28.5,No,Yes,Phd,Medium,6,8.5,18.41,Bajo,-51.69,57.44,3.32
S4793,John,Johnson,student3793@university.com,Female,19,Business,98.61,71.71,46.16,57.18,67.72,3.1,89.95,80.91,A,23.7,Yes,Yes,High School,Medium,1,7.4,12.12,Bajo,-25.55,61.46,3.41
S4794,John,Jones,student3794@university.com,Male,21,Cs,79.95,92.67,79.68,78.14,50.45,1.76,80.38,77.78,A,8.2,No,Yes,Unknown,High,10,4.4,40.12,Medio,-12.99,56.64,9.49
S4795,Sara,Brown,student3795@university.com,Female,22,Engineering,62.09,88.66,57.47,83.57,90.8,8.13,65.85,83.59,D,20.1,Yes,Yes,Bachelor'S,High,4,8.5,28.29,Bajo,-31.19,80.38,4.16
S4796,Ali,Brown,student3796@university.com,Female,23,Cs,66.38,44.55,97.08,74.81,55.58,9.08,67.81,58.15,C,23.8,No,Yes,Phd,High,7,7.8,44.84,Medio,52.53,72.25,2.44
S4797,Liam,Jones,student3797@university.com,Male,21,Business,65.99,52.12,66.16,82.83,99.77,0.82,86.58,54.37,C,28.9,No,No,Phd,Low,6,5.2,37.93,Medio,14.04,69.34,1.88
S4798,Ahmed,Johnson,student3798@university.com,Female,22,Cs,66.32,79.46,65.76,55.78,88.65,1.55,77.5,91.01,A,24.4,No,Yes,Unknown,Low,9,4.3,38.53,Medio,-13.7,59.36,3.73
S4799,Ali,Brown,student3799@university.com,Male,18,Business,83.65,66.61,80.68,73.8,79.0,2.28,83.42,78.67,B,18.5,No,Yes,Unknown,Medium,3,7.6,25.93,Bajo,14.07,64.76,4.25
S4800,Maria,Jones,student3800@university.com,Female,18,Cs,76.54,57.44,86.05,67.85,57.73,5.09,57.92,56.13,F,10.1,No,Yes,Master'S,Medium,5,5.2,39.82,Medio,28.61,58.6,5.56
S4801,Maria,Davis,student3801@university.com,Female,20,Business,75.725,65.12,68.53,98.67,75.77,7.91,89.35,70.82,A,16.4,No,Yes,Bachelor'S,Low,7,6.6,39.09,Medio,3.41,85.72,4.32
S4802,Emma,Davis,student3802@university.com,Male,19,Cs,75.725,66.71,52.84,52.48,63.06,0.71,66.02,64.91,F,21.0,No,Yes,Unknown,Low,1,4.4,22.98,Bajo,-13.87,47.16,3.09
S4803,Sara,Johnson,student3803@university.com,Female,18,Engineering,51.11,94.63,86.4,64.91,62.62,6.37,80.99,93.77,D,13.1,No,Yes,Phd,Low,9,6.8,44.95,Medio,-8.23,68.06,7.16
S4804,Sara,Jones,student3804@university.com,Male,24,Engineering,60.94,46.21,59.22,97.09,91.48,1.49,55.73,75.36,A,16.4,No,Yes,Bachelor'S,Medium,9,4.1,54.39,Medio,13.01,64.8,4.6
S4805,Sara,Davis,student3805@university.com,Female,22,Cs,55.37,56.78,50.51,99.17,69.03,9.71,66.07,78.88,C,5.4,Yes,No,Phd,Low,3,6.7,45.33,Medio,-6.27,82.84,14.61
S4806,Emma,Jones,student3806@university.com,Female,21,Engineering,89.27,72.25,77.9,74.81,72.54,8.99,82.44,61.76,B,27.0,Yes,Yes,Unknown,Medium,8,8.2,29.14,Bajo,5.65,79.92,2.29
S4807,Maria,Brown,student3807@university.com,Male,23,Mathematics,55.62,81.9,45.43,53.8,92.15,9.5,63.71,89.95,C,5.9,No,Yes,Phd,Medium,2,6.9,35.24,Medio,-36.47,76.16,15.25
S4808,Ali,Johnson,student3808@university.com,Female,21,Cs,75.725,77.84,98.28,78.07,54.39,1.06,94.02,96.51,A,15.2,No,Yes,Unknown,Medium,4,8.4,29.21,Bajo,20.44,59.27,6.35
S4809,Emma,Davis,student3809@university.com,Female,20,Mathematics,69.28,96.5,77.94,70.01,79.73,4.88,83.06,89.62,D,17.8,No,No,Phd,Medium,7,6.7,31.24,Medio,-18.56,70.4,5.03
S4810,Emma,Brown,student3810@university.com,Male,21,Engineering,53.67,87.74,99.15,90.32,78.91,1.65,93.51,74.64,C,29.3,No,No,High School,Medium,9,7.4,38.02,Medio,11.41,69.81,2.55
S4811,Ali,Smith,student3811@university.com,Female,18,Business,90.64,73.42,60.33,52.75,71.26,6.0,69.77,91.75,A,28.4,Yes,Yes,Unknown,Low,4,5.8,18.72,Bajo,-13.09,63.44,3.23
S4812,Sara,Smith,student3812@university.com,Male,21,Cs,78.98,52.88,98.27,59.86,91.49,2.33,51.7,59.4,F,21.2,No,Yes,Phd,Medium,1,5.5,25.89,Bajo,45.39,56.59,2.8
S4813,Ahmed,Johnson,student3813@university.com,Female,18,Engineering,61.79,67.05,48.73,74.46,97.14,7.71,78.81,55.67,B,19.6,No,Yes,Unknown,Low,7,5.7,41.79,Medio,-18.32,81.88,2.84
S4814,Ali,Davis,student3814@university.com,Male,18,Business,94.73,81.6,42.44,57.88,73.27,6.44,66.96,71.91,A,14.2,No,Yes,Unknown,Medium,3,4.5,19.71,Bajo,-39.16,65.63,5.06
S4815,Maria,Davis,student3815@university.com,Female,19,Engineering,52.26,90.28,41.98,84.64,72.81,5.72,72.41,59.08,D,6.0,No,Yes,High School,Low,10,5.3,51.62,Medio,-48.3,71.76,9.85
S4816,John,Davis,student3816@university.com,Male,20,Engineering,60.09,97.58,67.89,91.04,75.1,8.25,84.06,62.96,B,11.7,Yes,Yes,Unknown,Low,9,5.9,41.62,Medio,-29.69,83.18,5.38
S4817,Liam,Jones,student3817@university.com,Male,24,Cs,87.6,76.33,44.98,85.23,86.16,5.0,85.03,79.26,B,26.2,No,Yes,Bachelor'S,Low,10,5.7,33.34,Medio,-31.35,76.6,3.03
S4818,John,Brown,student3818@university.com,Female,24,Cs,85.47,71.62,70.73,72.01,83.4,2.7,51.38,70.2,A,21.2,No,Yes,Phd,Low,9,6.5,35.78,Medio,-0.89,58.45,3.31
S4819,Omar,Davis,student3819@university.com,Female,22,Engineering,64.46,41.06,59.65,93.92,61.14,6.21,88.47,93.29,D,25.4,Yes,Yes,Unknown,Medium,2,6.4,34.64,Medio,18.59,76.41,3.67
S4820,Omar,Brown,student3820@university.com,Male,24,Business,53.1,44.33,60.14,74.81,53.19,9.57,74.68,61.28,F,25.9,No,No,Phd,Medium,7,7.7,48.5,Medio,15.81,74.6,2.37
S4821,Emma,Johnson,student3821@university.com,Female,18,Engineering,92.9,49.37,78.14,63.02,97.46,6.01,77.83,99.84,A,6.6,Yes,Yes,Unknown,Medium,8,6.0,44.93,Medio,28.77,74.6,15.13
S4822,Liam,Davis,student3822@university.com,Male,23,Cs,75.725,43.29,49.79,74.48,63.05,6.3,64.9,67.97,A,13.4,Yes,Yes,Bachelor'S,Medium,1,7.4,33.81,Medio,6.5,66.36,5.07
S4823,John,Johnson,student3823@university.com,Female,20,Engineering,59.79,64.05,85.99,53.07,81.93,9.35,71.04,75.77,C,21.9,Yes,Yes,Unknown,Medium,5,8.5,37.8,Medio,21.94,74.89,3.46
S4824,Ahmed,Davis,student3824@university.com,Female,22,Cs,75.725,60.21,74.92,54.78,91.42,5.15,85.52,56.62,B,26.3,No,Yes,High School,Low,8,6.3,37.84,Medio,14.71,70.8,2.15
S4825,Sara,Smith,student3825@university.com,Male,24,Engineering,95.51,78.24,94.9,69.87,65.01,9.96,88.84,78.96,B,25.0,No,Yes,High School,Low,10,6.8,30.6,Medio,16.66,80.83,3.16
S4826,Maria,Williams,student3826@university.com,Male,24,Business,52.18,72.14,61.89,97.19,81.77,1.6,69.36,98.06,D,15.6,No,Yes,Master'S,Medium,2,7.4,34.52,Medio,-10.25,66.08,6.29
S4827,Omar,Johnson,student3827@university.com,Female,23,Business,75.725,75.76,98.96,95.42,55.4,5.37,84.56,87.47,F,28.3,Yes,Yes,Phd,Low,1,6.5,16.62,Bajo,23.2,72.27,3.09
S4828,Ahmed,Davis,student3828@university.com,Female,21,Cs,78.62,68.32,74.55,73.3,98.5,2.13,62.9,62.2,C,12.5,No,Yes,High School,Medium,10,4.8,45.74,Medio,6.23,64.0,4.98
S4829,Maria,Williams,student3829@university.com,Female,20,Business,71.27,56.66,98.4,74.81,52.91,4.53,91.6,72.13,D,14.4,Yes,Yes,Master'S,Medium,4,5.5,37.52,Medio,41.74,66.16,5.01
S4830,Maria,Johnson,student3830@university.com,Female,23,Engineering,87.2,97.17,41.62,58.91,71.91,1.71,80.49,71.27,A,9.5,No,Yes,Bachelor'S,Low,1,4.1,15.58,Bajo,-55.55,57.1,7.5
S4831,Sara,Jones,student3831@university.com,Female,24,Business,98.29,45.18,83.68,68.88,76.84,2.23,88.76,54.9,B,10.7,No,Yes,Unknown,Medium,5,7.4,35.58,Medio,38.5,64.2,5.13
S4832,Liam,Davis,student3832@university.com,Male,20,Cs,61.46,96.33,89.0,74.81,89.52,2.11,73.86,94.29,F,5.2,No,Yes,Unknown,Low,8,5.4,42.55,Medio,-7.33,64.82,18.13
S4833,Emma,Jones,student3833@university.com,Female,20,Engineering,57.18,58.67,43.19,54.15,56.06,3.2,61.46,69.07,D,12.7,No,Yes,Master'S,Medium,8,8.1,51.59,Medio,-15.48,50.92,5.44
S4834,John,Smith,student3834@university.com,Female,24,Cs,95.64,70.76,74.74,83.69,72.04,1.35,71.46,74.71,A,12.7,Yes,Yes,Phd,Low,9,7.3,36.73,Medio,3.98,60.17,5.88
S4835,Sara,Davis,student3835@university.com,Male,21,Engineering,83.45,46.53,88.12,79.07,64.99,8.09,69.07,64.56,B,6.7,No,Yes,Bachelor'S,Low,5,7.7,42.37,Medio,41.59,73.51,9.64
S4836,Ahmed,Smith,student3836@university.com,Male,21,Cs,75.725,44.26,73.66,64.56,65.6,2.21,66.64,57.62,D,13.5,No,Yes,Bachelor'S,High,8,8.4,49.02,Medio,29.4,54.72,4.27
S4837,Emma,Williams,student3837@university.com,Male,24,Cs,75.725,65.77,43.83,88.95,88.94,4.17,60.61,95.11,B,12.5,No,Yes,Bachelor'S,Medium,10,6.1,47.52,Medio,-21.94,70.05,7.61
S4838,Ahmed,Johnson,student3838@university.com,Female,20,Cs,87.28,84.5,81.61,88.8,50.27,0.16,87.96,51.87,A,25.0,Yes,Yes,Master'S,Low,5,4.9,20.49,Bajo,-2.89,57.16,2.07
S4839,Emma,Brown,student3839@university.com,Male,23,Cs,88.65,56.16,43.64,74.55,87.45,1.05,54.32,69.99,B,8.9,Yes,Yes,Phd,Medium,7,8.7,41.01,Medio,-12.52,56.7,7.86
S4840,Liam,Smith,student3840@university.com,Male,19,Cs,95.99,73.74,89.05,54.83,90.52,8.96,94.38,86.53,A,23.1,No,Yes,High School,Low,8,9.0,28.29,Bajo,15.31,82.33,3.75
S4841,Omar,Brown,student3841@university.com,Male,18,Engineering,71.34,56.72,42.58,95.92,95.07,8.37,58.75,65.44,A,8.2,Yes,Yes,Phd,Low,8,5.1,49.47,Medio,-14.14,83.36,7.98
S4842,Ahmed,Brown,student3842@university.com,Male,21,Cs,64.67,63.32,48.24,83.43,81.34,8.41,98.99,72.3,A,17.4,No,Yes,Master'S,High,2,7.7,31.89,Medio,-15.08,86.96,4.16
S4843,Sara,Johnson,student3843@university.com,Female,24,Engineering,81.98,94.39,56.51,62.35,66.67,4.11,99.42,78.22,D,23.4,Yes,Yes,Bachelor'S,Medium,1,4.4,11.29,Bajo,-37.88,67.39,3.34
S4844,Emma,Williams,student3844@university.com,Female,19,Cs,70.79,91.35,78.0,80.52,71.36,1.42,69.92,99.75,C,20.2,No,Yes,Unknown,Low,8,4.1,33.27,Medio,-13.35,59.0,4.94
S4845,Emma,Johnson,student3845@university.com,Female,21,Mathematics,79.73,70.96,98.58,70.25,98.49,1.08,99.39,87.92,F,21.1,No,Yes,High School,High,9,7.4,38.03,Medio,27.62,69.73,4.17
S4846,Maria,Davis,student3846@university.com,Male,20,Mathematics,71.0,54.29,47.07,81.77,94.06,6.06,93.45,98.36,D,10.2,Yes,Yes,Phd,Low,7,5.3,47.1,Medio,-7.22,82.47,9.64
S4847,Maria,Smith,student3847@university.com,Male,24,Cs,57.65,51.59,48.56,73.69,73.18,8.28,54.12,84.66,C,25.7,No,Yes,Unknown,Low,8,8.3,47.05,Medio,-3.03,70.95,3.29
S4848,Ali,Brown,student3848@university.com,Male,19,Engineering,73.47,97.25,62.13,74.27,97.15,9.0,97.37,63.45,A,28.8,No,Yes,Unknown,Low,9,6.6,28.49,Bajo,-35.12,89.7,2.2
S4849,Ahmed,Johnson,student3849@university.com,Male,24,Cs,84.55,52.16,90.17,86.79,91.15,2.89,52.13,64.37,A,8.9,Yes,No,Unknown,Low,10,7.9,50.31,Medio,38.01,64.74,7.23
S4850,Maria,Johnson,student3850@university.com,Male,23,Mathematics,89.96,88.49,68.03,74.81,95.05,3.21,59.1,91.12,A,27.2,No,Yes,Unknown,Low,10,4.5,28.37,Bajo,-20.46,65.26,3.35
S4851,Ali,Johnson,student3851@university.com,Male,23,Engineering,74.67,62.14,59.3,54.0,84.15,1.01,79.23,71.39,A,14.9,No,Yes,Unknown,Medium,10,8.4,47.77,Medio,-2.84,56.87,4.79
S4852,Omar,Smith,student3852@university.com,Female,22,Cs,58.26,99.14,73.67,53.27,92.88,7.74,54.04,68.51,F,22.5,Yes,Yes,Phd,Medium,4,4.9,25.28,Bajo,-25.47,69.4,3.04
S4853,Omar,Williams,student3853@university.com,Female,18,Cs,70.73,62.09,55.63,65.25,94.59,2.76,58.09,97.25,F,17.7,No,Yes,Bachelor'S,Medium,3,6.8,32.21,Medio,-6.46,61.38,5.49
S4854,Maria,Johnson,student3854@university.com,Male,18,Cs,89.31,61.09,64.07,71.51,54.6,4.81,97.67,50.66,B,24.8,No,Yes,High School,Medium,4,7.0,24.68,Bajo,2.98,67.97,2.04
S4855,Ahmed,Smith,student3855@university.com,Female,21,Cs,70.64,78.25,59.96,63.76,98.26,9.29,99.73,76.25,D,6.1,Yes,Yes,Unknown,Medium,10,4.3,48.75,Medio,-18.29,88.66,12.5
S4856,Emma,Brown,student3856@university.com,Male,18,Engineering,84.83,97.69,88.25,74.81,66.68,7.52,89.91,88.75,F,13.1,Yes,Yes,Master'S,Medium,3,8.9,18.9,Bajo,-9.44,76.65,6.77
S4857,John,Davis,student3857@university.com,Male,24,Engineering,75.36,98.57,95.46,59.76,71.99,0.53,75.76,86.81,F,6.2,No,Yes,Bachelor'S,High,2,5.5,23.18,Bajo,-3.11,53.2,14.0
S4858,Liam,Jones,student3858@university.com,Female,24,Cs,62.06,82.43,85.57,74.81,89.6,0.08,95.02,68.38,B,28.5,No,Yes,Unknown,Low,1,7.6,19.3,Bajo,3.14,65.06,2.4
S4859,Ahmed,Smith,student3859@university.com,Male,22,Cs,89.81,85.28,66.35,88.66,83.24,7.87,55.59,76.78,A,9.3,No,Yes,Phd,High,4,7.2,25.0,Bajo,-18.93,76.55,8.26
S4860,Liam,Jones,student3860@university.com,Female,23,Cs,54.21,73.8,70.26,56.22,94.65,5.53,97.14,50.28,D,15.6,No,No,Unknown,Low,5,4.2,39.98,Medio,-3.54,75.83,3.22
S4861,Sara,Johnson,student3861@university.com,Male,19,Cs,76.24,85.35,47.5,82.54,70.03,7.2,67.58,76.74,C,21.0,Yes,Yes,Unknown,Low,8,8.3,32.77,Medio,-37.85,73.04,3.65
S4862,Omar,Johnson,student3862@university.com,Male,19,Business,60.44,91.59,84.81,98.07,68.66,1.57,93.07,79.52,F,16.5,No,Yes,Unknown,Low,7,5.5,36.45,Medio,-6.78,68.88,4.82
S4863,Maria,Smith,student3863@university.com,Female,23,Cs,75.725,69.17,75.79,59.64,51.58,8.72,83.42,93.74,F,18.4,Yes,Yes,Unknown,Medium,6,5.2,34.66,Medio,6.62,70.46,5.09
S4864,Maria,Jones,student3864@university.com,Male,20,Engineering,75.15,77.19,94.15,95.47,73.14,7.73,98.01,60.54,D,10.1,Yes,Yes,Phd,High,6,4.3,36.6,Medio,16.96,85.98,5.99
S4865,Liam,Johnson,student3865@university.com,Male,23,Cs,74.98,72.24,52.04,80.3,86.2,8.91,93.23,91.26,C,6.7,No,Yes,Unknown,Low,5,5.3,37.62,Medio,-20.2,87.21,13.62
S4866,Emma,Brown,student3866@university.com,Male,19,Cs,85.35,73.75,85.58,79.55,65.06,3.41,94.39,85.9,A,11.4,No,Yes,Bachelor'S,Medium,4,7.1,28.97,Bajo,11.83,68.28,7.54
S4867,Liam,Williams,student3867@university.com,Female,21,Engineering,87.24,93.4,81.08,52.6,73.14,2.76,81.59,83.3,A,12.9,Yes,Yes,Phd,Low,8,5.0,30.55,Medio,-12.32,58.73,6.46
S4868,Sara,Williams,student3868@university.com,Male,22,Engineering,86.39,61.34,55.95,87.42,60.97,1.52,91.66,69.72,A,15.4,Yes,Yes,Bachelor'S,Medium,8,6.3,39.22,Medio,-5.39,63.81,4.53
S4869,Emma,Johnson,student3869@university.com,Male,23,Engineering,70.48,52.49,80.04,73.91,88.64,9.3,87.86,68.37,F,12.4,Yes,Yes,High School,Medium,10,8.0,53.38,Medio,27.55,85.85,5.51
S4870,Sara,Jones,student3870@university.com,Male,20,Engineering,81.58,67.38,95.46,86.06,53.03,1.77,58.08,85.16,B,5.9,Yes,Yes,Unknown,Medium,3,8.8,32.73,Medio,28.08,53.72,14.43
S4871,John,Davis,student3871@university.com,Female,21,Engineering,78.85,52.49,95.11,90.46,85.27,1.19,82.43,99.51,B,7.4,No,Yes,Unknown,High,8,7.5,48.51,Medio,42.62,67.52,13.45
S4872,Omar,Johnson,student3872@university.com,Female,23,Cs,71.08,69.9,83.18,76.19,68.95,1.93,57.41,70.27,D,21.8,Yes,No,Phd,Low,5,5.0,32.14,Medio,13.28,55.46,3.22
S4873,Maria,Davis,student3873@university.com,Female,21,Engineering,75.725,94.21,42.88,63.18,52.08,7.71,93.47,95.93,C,6.6,No,Yes,Bachelor'S,High,1,5.9,21.93,Bajo,-51.33,71.46,14.53
S4874,Maria,Davis,student3874@university.com,Female,23,Engineering,97.36,77.05,92.34,57.08,92.67,8.9,53.3,79.33,B,6.2,No,Yes,Unknown,Medium,8,6.8,35.26,Medio,15.29,73.01,12.8
S4875,John,Jones,student3875@university.com,Female,21,Cs,59.64,91.33,79.47,58.03,74.39,8.11,99.35,93.41,F,25.3,No,Yes,Bachelor'S,High,7,8.4,32.41,Medio,-11.86,78.22,3.69
S4876,Ali,Davis,student3876@university.com,Male,24,Engineering,75.725,49.97,58.63,93.35,79.97,5.63,70.03,60.86,D,6.0,No,Yes,Master'S,Low,7,6.7,48.84,Medio,8.66,74.91,10.14
S4877,Omar,Brown,student3877@university.com,Female,18,Cs,52.67,94.05,51.24,74.81,86.6,9.94,58.53,88.11,D,6.7,No,Yes,High School,High,5,6.5,38.89,Medio,-42.81,79.84,13.15
S4878,Emma,Jones,student3878@university.com,Female,21,Cs,65.42,76.11,46.97,69.23,82.75,0.69,96.78,91.75,D,18.7,No,Yes,Master'S,Low,5,5.3,33.81,Medio,-29.14,63.92,4.91
S4879,John,Johnson,student3879@university.com,Male,24,Engineering,75.725,41.91,43.01,66.71,86.54,8.67,52.27,91.61,A,16.1,No,Yes,Bachelor'S,Medium,7,6.5,46.21,Medio,1.1,73.05,5.69
S4880,Emma,Brown,student3880@university.com,Female,18,Business,81.32,77.99,85.25,93.27,88.11,4.28,73.51,89.24,F,29.1,No,Yes,Phd,High,9,5.6,31.37,Medio,7.26,74.42,3.07
S4881,Liam,Smith,student3881@university.com,Male,19,Business,56.56,97.08,54.15,73.88,79.46,4.55,88.51,65.21,F,28.4,Yes,No,Bachelor'S,High,10,6.8,36.88,Medio,-42.93,71.84,2.3
S4882,Ahmed,Williams,student3882@university.com,Female,18,Cs,75.725,44.75,41.46,74.81,68.28,1.28,65.84,76.1,B,21.5,Yes,No,Phd,Medium,1,8.0,29.32,Bajo,-3.29,55.43,3.54
S4883,Maria,Johnson,student3883@university.com,Male,21,Engineering,91.43,74.95,63.84,86.85,62.16,0.33,76.44,64.99,A,6.8,Yes,Yes,Unknown,Low,8,8.7,37.67,Medio,-11.11,57.19,9.56
S4884,Emma,Johnson,student3884@university.com,Male,22,Engineering,75.725,94.93,68.96,92.55,95.15,3.17,85.02,67.15,C,17.6,Yes,Yes,Unknown,Medium,10,8.0,36.22,Medio,-25.97,76.1,3.82
S4885,Sara,Johnson,student3885@university.com,Female,22,Cs,72.92,40.58,50.15,54.93,98.5,1.75,97.6,65.06,A,6.1,No,Yes,Bachelor'S,Medium,9,8.1,57.03,Alto,9.57,67.13,10.67
S4886,Emma,Brown,student3886@university.com,Female,19,Business,96.65,77.85,42.64,62.66,67.88,4.83,55.14,64.21,B,27.7,No,Yes,Unknown,Medium,7,5.8,22.3,Bajo,-35.21,58.49,2.32
S4887,Ahmed,Smith,student3887@university.com,Male,21,Business,91.54,68.49,51.35,56.77,55.62,1.47,57.86,84.67,A,21.5,Yes,Yes,Bachelor'S,High,2,7.5,18.89,Bajo,-17.14,46.24,3.94
S4888,Omar,Jones,student3888@university.com,Male,18,Mathematics,74.97,60.82,80.75,73.18,61.13,1.38,75.44,82.51,D,19.3,No,Yes,Unknown,Low,5,5.9,34.75,Medio,19.93,55.89,4.28
S4889,Maria,Smith,student3889@university.com,Male,22,Cs,85.09,77.65,44.93,74.81,83.53,8.77,70.92,60.21,A,15.7,No,Yes,High School,Medium,4,4.1,25.74,Bajo,-32.72,79.24,3.84
S4890,Liam,Brown,student3890@university.com,Male,23,Cs,78.35,43.16,73.3,58.45,58.65,9.21,70.54,84.58,D,17.7,Yes,Yes,Master'S,Medium,7,8.4,44.11,Medio,30.14,69.94,4.78
S4891,John,Johnson,student3891@university.com,Male,20,Business,79.4,85.18,48.78,56.51,89.01,9.64,64.85,64.55,B,15.0,Yes,Yes,Unknown,Low,3,4.3,23.6,Bajo,-36.4,76.69,4.3
S4892,Liam,Williams,student3892@university.com,Male,21,Engineering,66.55,40.27,51.74,80.73,96.15,6.81,78.03,60.09,B,7.5,Yes,Yes,Unknown,Low,8,4.6,56.43,Alto,11.47,80.75,8.01
S4893,Ahmed,Johnson,student3893@university.com,Male,24,Business,73.1,58.42,63.58,61.52,98.18,7.71,94.16,87.36,A,21.5,No,Yes,Master'S,Medium,5,4.1,35.03,Medio,5.16,82.74,4.06
S4894,Maria,Jones,student3894@university.com,Female,24,Cs,75.725,70.24,46.05,73.97,50.47,8.36,58.05,68.14,D,29.9,No,Yes,Phd,Low,6,4.3,28.59,Bajo,-24.19,66.52,2.28
S4895,Emma,Davis,student3895@university.com,Male,23,Engineering,67.87,62.62,50.39,52.56,97.91,6.59,60.76,78.47,B,7.8,No,Yes,Master'S,Medium,4,4.3,40.23,Medio,-12.23,69.28,10.06
S4896,Omar,Williams,student3896@university.com,Female,23,Engineering,84.79,58.45,60.94,84.03,87.01,3.3,83.54,60.01,C,29.9,No,Yes,Master'S,High,7,7.4,31.17,Medio,2.49,71.9,2.01
S4897,Ali,Johnson,student3897@university.com,Female,21,Cs,75.725,89.85,59.78,77.07,54.2,1.56,52.81,80.68,A,27.5,No,Yes,High School,Low,9,8.3,30.57,Medio,-30.07,49.92,2.93
S4898,Omar,Williams,student3898@university.com,Male,20,Engineering,98.15,96.09,84.96,82.37,70.76,2.37,83.69,60.4,B,27.4,Yes,Yes,Bachelor'S,Medium,4,8.0,9.79,Bajo,-11.13,65.13,2.2
S4899,Ali,Davis,student3899@university.com,Male,22,Engineering,77.79,92.42,44.49,63.77,85.0,8.4,65.72,58.34,A,25.8,Yes,Yes,High School,Medium,6,7.1,23.26,Bajo,-47.93,74.62,2.26
S4900,Sara,Smith,student3900@university.com,Female,20,Cs,80.33,71.35,91.63,63.93,97.83,6.96,67.89,69.33,A,28.1,No,Yes,Unknown,Medium,6,7.9,27.54,Bajo,20.28,74.81,2.47
S4901,Omar,Brown,student3901@university.com,Male,19,Cs,59.29,93.05,88.97,90.07,58.21,4.56,70.28,89.5,F,11.2,No,Yes,Master'S,Medium,1,6.3,25.73,Bajo,-4.08,66.04,7.99
S4902,Maria,Johnson,student3902@university.com,Male,18,Engineering,84.77,95.25,85.96,74.81,56.39,0.29,67.48,58.83,B,15.9,No,Yes,High School,High,9,8.5,31.58,Medio,-9.29,50.4,3.7
S4903,Ali,Jones,student3903@university.com,Female,18,Engineering,53.53,64.55,58.56,78.99,73.62,2.66,92.06,55.85,F,17.0,Yes,Yes,Unknown,High,2,6.3,35.62,Medio,-5.99,67.82,3.29
S4904,John,Smith,student3904@university.com,Female,23,Business,64.23,57.01,89.37,81.41,98.4,7.29,97.3,51.58,B,6.7,No,Yes,Master'S,Medium,10,4.1,57.07,Alto,32.36,87.5,7.7
S4905,Maria,Johnson,student3905@university.com,Female,22,Cs,83.42,45.9,50.97,54.7,98.57,5.12,77.4,70.8,B,29.5,No,Yes,Unknown,Medium,1,7.5,22.28,Bajo,5.07,70.47,2.4
S4906,John,Smith,student3906@university.com,Male,20,Cs,65.52,68.75,47.46,74.81,61.4,4.36,79.09,64.1,D,22.2,Yes,Yes,Phd,Medium,5,8.2,34.23,Medio,-21.29,64.72,2.89
S4907,Omar,Jones,student3907@university.com,Male,23,Mathematics,52.49,96.78,42.7,88.5,65.97,3.14,53.52,64.61,F,16.3,No,Yes,Bachelor'S,Medium,2,5.1,26.67,Bajo,-54.08,59.85,3.96
S4908,John,Johnson,student3908@university.com,Female,21,Mathematics,91.59,73.65,96.36,79.52,95.4,6.07,85.66,99.1,B,29.8,No,No,Unknown,Low,10,5.6,30.95,Medio,22.71,80.32,3.33
S4909,Ali,Davis,student3909@university.com,Male,23,Cs,65.52,80.05,58.48,95.93,86.74,9.66,79.2,59.71,F,11.8,No,Yes,Master'S,Low,5,7.5,36.04,Medio,-21.57,89.62,5.06
S4910,Maria,Davis,student3910@university.com,Female,21,Business,53.16,46.77,95.06,58.43,98.62,9.01,52.52,72.92,D,13.4,No,Yes,Unknown,Low,1,6.9,40.66,Medio,48.29,74.92,5.44
S4911,Emma,Jones,student3911@university.com,Male,21,Cs,53.74,48.61,56.36,84.33,94.66,0.3,59.92,99.32,C,9.8,Yes,Yes,Unknown,Medium,7,8.4,55.04,Alto,7.75,60.48,10.13
S4912,Ahmed,Williams,student3912@university.com,Female,19,Cs,62.59,67.87,94.45,98.15,60.75,4.81,60.1,51.53,C,9.7,No,Yes,Phd,Low,4,6.4,39.55,Medio,26.58,66.78,5.31
S4913,Ali,Jones,student3913@university.com,Male,19,Cs,58.9,97.08,94.24,65.5,87.99,3.29,58.55,84.83,D,9.7,No,Yes,Unknown,Medium,8,7.4,40.97,Medio,-2.84,61.24,8.75
S4914,Ali,Williams,student3914@university.com,Female,21,Cs,88.72,61.65,95.42,50.76,52.43,5.11,82.93,68.55,A,20.3,No,Yes,High School,Low,8,5.4,35.86,Medio,33.77,59.3,3.38
S4915,Emma,Johnson,student3915@university.com,Male,22,Business,66.08,92.65,69.77,86.74,90.89,6.06,96.42,95.3,F,12.4,Yes,Yes,Unknown,Medium,7,8.6,36.21,Medio,-22.88,83.66,7.69
S4916,Maria,Williams,student3916@university.com,Male,19,Business,90.23,47.22,91.96,50.35,80.08,2.0,88.15,95.6,A,28.8,No,Yes,Phd,Medium,1,5.8,19.85,Bajo,44.74,59.64,3.32
S4917,Maria,Johnson,student3917@university.com,Female,19,Mathematics,58.69,77.02,97.05,93.63,97.81,7.82,73.87,69.36,F,25.4,No,No,Unknown,Medium,3,6.7,28.1,Bajo,20.03,85.88,2.73
S4918,Liam,Johnson,student3918@university.com,Male,18,Business,74.64,76.04,59.48,52.82,98.0,4.75,70.2,61.07,A,9.0,Yes,Yes,Unknown,Medium,6,7.1,37.68,Medio,-16.56,67.13,6.79
S4919,Omar,Brown,student3919@university.com,Male,23,Engineering,84.4,91.59,65.13,82.64,52.54,9.92,69.32,71.4,F,25.8,No,Yes,Unknown,High,6,5.3,21.19,Bajo,-26.46,75.92,2.77
S4920,John,Johnson,student3920@university.com,Female,18,Engineering,82.6,40.2,83.15,68.86,58.03,0.25,80.06,98.27,B,13.6,Yes,Yes,Unknown,High,6,5.6,43.34,Medio,42.95,52.36,7.23
S4921,Omar,Williams,student3921@university.com,Male,22,Mathematics,80.06,51.4,58.02,60.17,74.21,1.9,67.96,64.07,B,10.7,Yes,Yes,Phd,Medium,2,6.5,33.43,Medio,6.62,55.33,5.99
S4922,Emma,Brown,student3922@university.com,Male,19,Business,75.725,53.18,85.23,74.81,93.97,6.9,61.31,99.07,A,24.6,No,Yes,Master'S,Low,8,5.4,40.8,Medio,32.05,74.77,4.03
S4923,Omar,Brown,student3923@university.com,Male,24,Business,61.43,97.0,44.43,87.31,90.72,6.95,80.14,90.97,D,26.4,No,Yes,Phd,Low,3,4.7,20.64,Bajo,-52.57,81.92,3.45
S4924,Emma,Johnson,student3924@university.com,Female,19,Mathematics,74.69,49.22,71.41,67.02,98.22,5.82,69.54,63.37,C,29.0,No,Yes,Unknown,Low,5,8.2,33.48,Medio,22.19,73.24,2.19
S4925,Maria,Jones,student3925@university.com,Female,20,Cs,94.2,42.22,47.34,64.21,80.9,9.72,50.71,89.55,A,15.5,No,Yes,Unknown,Medium,9,5.6,44.39,Medio,5.12,73.26,5.78
S4926,John,Jones,student3926@university.com,Female,22,Business,53.89,72.07,57.6,86.8,62.83,4.15,51.11,52.49,C,19.1,Yes,Yes,Bachelor'S,Medium,7,6.1,43.3,Medio,-14.47,60.56,2.75
S4927,Omar,Davis,student3927@university.com,Female,24,Business,52.79,71.71,55.52,91.83,51.26,4.17,63.71,77.4,C,20.4,Yes,No,High School,Medium,9,6.7,47.59,Medio,-16.19,62.13,3.79
S4928,Ali,Brown,student3928@university.com,Female,23,Mathematics,61.67,90.64,90.34,85.79,61.15,9.1,75.62,67.87,D,20.7,Yes,Yes,Master'S,Low,4,8.2,27.54,Bajo,-0.3,78.39,3.28
S4929,Sara,Johnson,student3929@university.com,Male,23,Cs,75.725,96.93,51.61,82.0,83.76,5.38,67.71,71.35,F,15.1,No,Yes,Phd,Low,1,4.7,16.87,Bajo,-45.32,71.82,4.73
S4930,Liam,Jones,student3930@university.com,Male,24,Engineering,62.99,72.31,88.51,61.4,96.31,3.54,51.2,73.64,A,8.8,Yes,Yes,Phd,Medium,10,7.1,51.86,Medio,16.2,61.08,8.37
S4931,Ahmed,Johnson,student3931@university.com,Female,23,Engineering,59.51,95.8,87.64,92.64,66.05,7.19,61.16,75.14,D,6.8,No,Yes,Unknown,Low,3,5.8,31.48,Medio,-8.16,72.94,11.05
S4932,Ali,Johnson,student3932@university.com,Male,24,Cs,72.94,83.51,69.93,87.48,93.79,6.2,54.82,82.82,C,27.6,Yes,No,Phd,Low,5,8.3,24.51,Bajo,-13.58,74.52,3.0
S4933,Maria,Brown,student3933@university.com,Male,22,Engineering,80.68,55.87,54.03,75.86,69.74,3.06,97.43,84.84,A,14.2,Yes,Yes,Phd,Low,10,7.3,47.9,Medio,-1.84,68.41,5.97
S4934,Ahmed,Davis,student3934@university.com,Male,24,Cs,62.43,95.71,53.61,75.58,65.41,2.98,65.64,98.79,B,9.5,No,Yes,Unknown,Medium,1,4.7,24.69,Bajo,-42.1,59.11,10.4
S4935,Sara,Brown,student3935@university.com,Male,24,Cs,75.725,80.05,67.9,78.46,75.44,3.96,50.74,88.14,F,29.6,No,Yes,Unknown,Medium,7,5.5,28.01,Bajo,-12.15,61.06,2.98
S4936,Sara,Smith,student3936@university.com,Female,20,Engineering,80.68,64.85,40.53,91.41,72.11,0.72,83.03,84.39,C,25.1,No,Yes,Master'S,Low,1,4.2,19.76,Bajo,-24.32,63.44,3.36
S4937,John,Jones,student3937@university.com,Female,20,Engineering,97.29,80.81,71.88,87.11,95.69,9.43,61.62,69.62,B,29.5,No,Yes,High School,Low,8,7.9,22.51,Bajo,-8.93,84.68,2.36
S4938,Ahmed,Jones,student3938@university.com,Male,18,Engineering,75.725,64.08,97.17,92.81,73.41,1.83,78.34,55.89,A,12.0,No,Yes,Bachelor'S,Medium,7,6.1,41.61,Medio,33.09,65.72,4.66
S4939,John,Jones,student3939@university.com,Male,22,Engineering,89.15,46.85,49.28,75.36,63.87,1.94,57.54,52.94,B,16.6,Yes,Yes,Unknown,High,2,4.2,28.66,Bajo,2.43,54.04,3.19
S4940,Ali,Williams,student3940@university.com,Female,22,Cs,75.725,83.14,74.4,81.23,92.13,6.47,99.2,73.88,C,25.2,No,Yes,Bachelor'S,High,7,4.1,29.29,Bajo,-8.74,84.32,2.93
S4941,Emma,Johnson,student3941@university.com,Male,20,Cs,63.61,89.45,97.71,92.73,99.94,7.24,98.51,83.41,A,18.8,No,Yes,Unknown,Low,6,8.8,32.61,Medio,8.26,90.9,4.44
S4942,Emma,Brown,student3942@university.com,Male,21,Cs,72.71,83.73,91.63,61.62,82.41,7.37,82.8,82.51,A,13.9,Yes,Yes,Master'S,Low,7,8.3,35.82,Medio,7.9,75.13,5.94
S4943,Emma,Jones,student3943@university.com,Male,21,Cs,90.36,53.75,91.02,72.2,62.52,3.75,85.36,97.64,A,9.0,No,Yes,Master'S,Medium,1,5.7,27.75,Bajo,37.27,64.4,10.85
S4944,Ahmed,Smith,student3944@university.com,Female,18,Engineering,72.81,97.4,89.31,81.03,61.94,8.73,71.29,69.12,D,19.0,No,Yes,Unknown,Medium,7,6.6,29.13,Bajo,-8.09,75.39,3.64
S4945,Emma,Jones,student3945@university.com,Female,21,Business,92.34,41.52,58.54,74.81,52.89,5.44,98.11,81.39,A,20.0,No,Yes,Unknown,Low,9,6.9,43.0,Medio,17.02,70.05,4.07
S4946,Ali,Davis,student3946@university.com,Male,21,Cs,99.44,59.96,93.44,50.79,53.86,4.39,71.19,94.39,A,23.0,No,No,Master'S,Medium,8,6.6,31.26,Medio,33.48,54.94,4.1
S4947,John,Johnson,student3947@university.com,Male,21,Cs,53.6,55.61,96.48,60.63,95.75,8.1,61.97,70.2,F,24.8,Yes,Yes,Master'S,Low,7,5.5,45.49,Medio,40.87,74.84,2.83
S4948,Ahmed,Johnson,student3948@university.com,Male,19,Business,75.725,42.89,69.75,74.81,54.82,2.44,55.77,73.89,B,8.0,No,Yes,Bachelor'S,Low,2,6.0,38.85,Medio,26.86,52.45,9.24
S4949,John,Brown,student3949@university.com,Male,18,Cs,57.48,64.34,61.27,66.33,74.22,8.6,60.41,96.15,F,20.7,No,No,Bachelor'S,Medium,7,4.9,43.56,Medio,-3.07,71.74,4.64
S4950,Ahmed,Williams,student3950@university.com,Male,20,Mathematics,75.725,77.39,64.85,64.09,84.91,5.39,78.61,77.51,A,24.5,Yes,Yes,Unknown,Medium,2,4.2,20.25,Bajo,-12.54,70.38,3.16
S4951,John,Brown,student3951@university.com,Male,21,Business,56.55,92.95,60.05,79.51,92.52,9.0,62.25,89.98,D,14.7,No,Yes,Unknown,Medium,4,4.8,31.64,Medio,-32.9,81.07,6.12
S4952,Sara,Jones,student3952@university.com,Female,23,Cs,93.53,99.38,52.75,94.28,58.56,2.02,82.71,96.78,A,11.9,No,Yes,Bachelor'S,High,1,4.1,11.5,Bajo,-46.63,63.94,8.13
S4953,John,Davis,student3953@university.com,Female,24,Cs,51.16,88.49,77.11,81.85,71.89,9.36,69.11,78.55,F,17.0,No,Yes,Unknown,Low,3,6.2,31.49,Medio,-11.38,79.11,4.62
S4954,Emma,Smith,student3954@university.com,Male,19,Engineering,65.79,68.12,73.76,62.08,62.57,6.88,94.34,55.46,A,12.8,Yes,Yes,High School,Medium,5,7.3,39.03,Medio,5.64,71.95,4.33
S4955,Sara,Brown,student3955@university.com,Female,21,Cs,59.23,83.42,67.76,93.19,62.79,6.18,77.92,91.08,F,17.7,Yes,Yes,Bachelor'S,Low,6,4.9,36.5,Medio,-15.66,73.92,5.15
S4956,John,Williams,student3956@university.com,Male,24,Cs,96.58,90.62,45.75,81.6,65.19,4.22,81.13,90.89,A,12.7,No,Yes,Phd,Low,3,6.7,17.11,Bajo,-44.87,67.53,7.16
S4957,Ahmed,Brown,student3957@university.com,Male,24,Cs,83.47,67.92,87.81,60.95,79.36,9.56,77.83,55.75,B,15.6,No,Yes,Unknown,Medium,3,5.6,27.05,Bajo,19.89,78.44,3.57
S4958,Ahmed,Johnson,student3958@university.com,Female,19,Business,95.6,87.1,50.5,68.08,50.83,4.44,94.28,77.41,B,27.9,Yes,Yes,Bachelor'S,Low,10,4.6,26.46,Bajo,-36.6,64.4,2.77
S4959,Liam,Jones,student3959@university.com,Female,18,Engineering,98.62,68.96,46.87,89.5,70.44,4.99,53.17,74.35,A,27.9,No,Yes,Phd,Medium,6,4.6,21.96,Bajo,-22.09,65.75,2.66
S4960,Ahmed,Jones,student3960@university.com,Male,23,Cs,74.85,63.19,77.38,86.95,59.34,7.81,53.37,92.36,A,29.8,Yes,Yes,High School,Low,9,7.1,37.72,Medio,14.19,69.44,3.1
S4961,Maria,Jones,student3961@university.com,Male,23,Engineering,61.72,71.57,63.92,78.83,98.36,2.85,85.09,63.73,D,17.2,No,Yes,High School,Medium,2,4.6,30.55,Medio,-7.65,72.69,3.71
S4962,Ali,Jones,student3962@university.com,Female,23,Engineering,59.69,80.55,43.59,57.24,79.14,2.91,88.4,71.31,D,9.2,No,Yes,Master'S,Low,2,6.8,32.57,Medio,-36.96,63.47,7.75
S4963,Ahmed,Jones,student3963@university.com,Female,21,Engineering,61.15,83.61,61.33,90.16,93.4,7.75,71.68,80.24,F,27.2,No,Yes,Phd,Low,7,5.0,33.25,Medio,-22.28,83.18,2.95
S4964,Sara,Jones,student3964@university.com,Male,19,Cs,85.43,61.4,86.31,65.38,59.78,1.29,67.62,75.86,A,19.9,No,Yes,Phd,Medium,4,8.3,28.4,Bajo,24.91,51.42,3.81
S4965,Liam,Smith,student3965@university.com,Male,23,Engineering,52.02,74.28,76.91,88.58,90.5,8.23,63.9,97.75,F,23.7,No,Yes,Phd,Low,1,4.2,27.66,Bajo,2.63,81.32,4.12
S4966,Ahmed,Williams,student3966@university.com,Male,24,Mathematics,52.57,94.59,61.77,82.38,70.74,6.25,61.72,98.03,C,9.1,No,Yes,Unknown,Medium,6,5.9,39.78,Medio,-32.82,69.34,10.77
S4967,Maria,Jones,student3967@university.com,Female,24,Cs,80.41,98.58,51.51,63.21,58.88,5.39,95.6,54.08,B,13.0,Yes,Yes,Unknown,Low,9,7.8,33.56,Medio,-47.07,67.9,4.16
S4968,Emma,Williams,student3968@university.com,Male,22,Cs,82.1,53.63,77.91,60.62,88.06,2.29,64.76,64.89,A,11.9,No,Yes,High School,Low,10,7.7,49.23,Medio,24.28,59.09,5.45
S4969,Sara,Davis,student3969@university.com,Female,22,Cs,83.26,51.57,93.25,56.55,88.1,7.86,82.4,50.38,F,19.0,Yes,Yes,Bachelor'S,Medium,6,4.7,37.0,Medio,41.68,76.41,2.65
S4970,Maria,Jones,student3970@university.com,Male,19,Cs,68.59,80.6,78.78,62.1,99.79,8.05,89.35,70.89,B,29.9,No,Yes,Phd,Medium,6,5.0,27.97,Bajo,-1.82,82.94,2.37
S4971,Emma,Brown,student3971@university.com,Female,21,Cs,75.725,64.88,88.77,57.89,89.05,4.83,51.1,83.11,B,20.3,No,Yes,Unknown,High,4,6.7,30.55,Medio,23.89,61.58,4.09
S4972,Omar,Jones,student3972@university.com,Female,21,Business,76.68,41.45,71.29,80.85,57.26,3.89,51.69,73.56,F,19.3,Yes,Yes,Master'S,Medium,1,7.4,31.08,Medio,29.84,57.18,3.81
S4973,Omar,Johnson,student3973@university.com,Female,18,Mathematics,55.27,60.81,83.08,79.94,66.13,2.46,66.66,53.36,F,24.0,No,Yes,Master'S,Low,7,7.8,43.75,Medio,22.27,59.33,2.22
S4974,Sara,Smith,student3974@university.com,Female,18,Cs,75.725,88.4,93.77,74.81,72.59,7.54,84.8,59.8,F,13.2,Yes,Yes,Phd,Low,4,7.1,27.04,Bajo,5.37,76.9,4.53
S4975,John,Brown,student3975@university.com,Male,23,Engineering,97.65,87.85,86.39,82.09,56.33,6.39,63.04,58.66,B,11.3,No,Yes,Unknown,Low,9,7.9,31.6,Medio,-1.46,66.34,5.19
S4976,Ali,Brown,student3976@university.com,Female,20,Engineering,53.0,69.68,94.59,90.74,89.4,2.07,50.07,75.56,D,26.0,No,No,Master'S,Low,4,6.2,34.21,Medio,24.91,62.73,2.91
S4977,Liam,Johnson,student3977@university.com,Female,24,Engineering,69.57,68.35,65.87,95.68,76.33,7.94,64.41,83.88,D,29.0,No,Yes,Phd,Medium,9,6.8,38.42,Medio,-2.48,78.96,2.89
S4978,Ali,Jones,student3978@university.com,Female,18,Engineering,74.38,74.77,94.25,61.52,97.22,8.82,54.51,65.82,B,15.5,No,Yes,Bachelor'S,Low,1,6.2,23.79,Bajo,19.48,75.36,4.25
S4979,Maria,Smith,student3979@university.com,Male,21,Cs,57.32,53.16,77.29,74.81,79.47,0.59,60.97,56.52,F,6.0,No,No,Master'S,Medium,10,7.8,60.99,Alto,24.13,55.29,9.42
S4980,Emma,Brown,student3980@university.com,Male,24,Engineering,93.39,71.56,92.2,53.92,76.14,7.72,66.66,89.93,B,9.5,No,Yes,Unknown,Low,4,4.9,27.76,Bajo,20.64,68.48,9.47
S4981,Ali,Smith,student3981@university.com,Male,20,Engineering,75.725,40.66,42.36,56.01,53.57,8.53,56.4,92.92,F,26.4,No,No,Bachelor'S,High,2,5.3,30.32,Medio,1.7,62.82,3.52
S4982,Emma,Brown,student3982@university.com,Male,18,Business,89.15,68.53,79.47,82.72,57.47,9.92,85.32,63.82,A,8.0,No,Yes,Phd,Medium,6,8.2,35.35,Medio,10.94,81.18,7.98
S4983,Emma,Jones,student3983@university.com,Male,19,Business,83.55,60.16,90.88,74.33,92.48,2.38,62.8,71.04,D,24.1,Yes,Yes,Master'S,High,9,7.6,38.44,Medio,30.72,63.35,2.95
S4984,Maria,Davis,student3984@university.com,Male,22,Cs,79.9,80.49,50.45,74.81,99.53,3.71,83.05,54.1,F,20.5,No,Yes,Master'S,High,2,7.7,19.86,Bajo,-30.04,73.62,2.64
S4985,Maria,Brown,student3985@university.com,Female,18,Cs,59.61,78.3,79.71,71.28,70.76,9.66,79.95,61.38,C,23.2,Yes,Yes,Unknown,Medium,2,4.5,26.27,Bajo,1.41,79.65,2.65
S4986,Maria,Davis,student3986@university.com,Female,18,Mathematics,61.04,62.85,89.5,56.38,90.5,0.94,94.9,88.35,C,11.4,No,Yes,Phd,Low,1,6.4,34.08,Medio,26.65,62.8,7.75
S4987,Ali,Brown,student3987@university.com,Female,19,Engineering,75.725,40.44,57.28,93.6,81.38,5.24,54.4,68.26,A,5.5,No,Yes,Unknown,Low,9,6.8,56.39,Alto,16.84,70.44,12.41
S4988,Omar,Williams,student3988@university.com,Male,21,Business,62.04,55.14,64.31,54.14,97.95,5.07,60.73,80.23,B,6.0,Yes,Yes,Phd,Low,1,7.9,38.74,Medio,9.17,65.88,13.37
S4989,Maria,Jones,student3989@university.com,Female,23,Cs,67.27,78.0,74.17,59.45,61.91,6.07,93.26,97.31,C,23.1,Yes,Yes,Master'S,Medium,2,6.1,23.73,Bajo,-3.83,68.83,4.21
S4990,Liam,Johnson,student3990@university.com,Female,19,Engineering,75.725,44.34,71.15,63.85,77.24,3.31,91.11,86.18,F,20.3,Yes,Yes,Master'S,Medium,5,6.7,38.93,Medio,26.81,66.32,4.25
S4991,Ali,Davis,student3991@university.com,Male,23,Engineering,68.32,46.46,42.35,99.76,70.44,9.26,59.61,72.67,C,26.0,No,Yes,Unknown,Medium,7,5.2,42.48,Medio,-4.11,80.6,2.8
S4992,Maria,Johnson,student3992@university.com,Female,18,Business,87.73,78.82,45.92,70.84,77.09,2.7,55.39,68.34,B,15.0,No,Yes,Bachelor'S,Low,9,8.2,35.93,Medio,-32.9,57.58,4.56
S4993,Ahmed,Jones,student3993@university.com,Male,21,Cs,75.725,85.35,46.03,75.09,63.44,6.5,92.81,59.53,F,18.9,Yes,Yes,Phd,Medium,1,8.6,18.44,Bajo,-39.32,74.09,3.15
S4994,Emma,Johnson,student3994@university.com,Female,20,Cs,89.24,59.29,55.74,88.48,74.89,4.96,58.91,87.81,A,24.6,No,Yes,Phd,Low,8,6.3,34.23,Medio,-3.55,67.97,3.57
S4995,Liam,Jones,student3995@university.com,Male,18,Engineering,98.81,69.38,54.75,81.82,81.24,2.67,93.56,55.62,A,17.4,No,Yes,Phd,High,1,6.2,15.9,Bajo,-14.63,70.83,3.2
S4996,Maria,Johnson,student3996@university.com,Male,19,Business,61.99,96.74,84.53,92.07,54.06,1.89,98.06,53.07,A,29.8,No,Yes,High School,Low,9,5.6,32.16,Medio,-12.21,65.77,1.78
S4997,Sara,Davis,student3997@university.com,Male,20,Mathematics,75.725,96.73,74.36,74.32,87.15,9.57,61.04,55.24,A,23.6,No,Yes,Unknown,Low,10,5.3,32.68,Medio,-22.37,79.55,2.34
S4998,Emma,Williams,student3998@university.com,Female,22,Mathematics,81.09,58.45,85.84,98.61,85.33,5.61,92.02,62.15,F,22.1,Yes,Yes,Bachelor'S,Medium,2,6.8,25.26,Bajo,27.39,83.02,2.81
S4999,Emma,Johnson,student3999@university.com,Female,20,Mathematics,90.86,88.6,44.19,89.84,94.02,6.04,71.19,81.36,A,25.0,No,No,Phd,Medium,3,4.8,13.56,Bajo,-44.41,78.86,3.25
S5000,Maria,Davis,student4000@university.com,Male,19,Cs,82.58,75.64,69.11,70.07,71.29,7.83,89.44,93.07,A,24.4,No,No,Unknown,Low,10,6.9,36.2,Medio,-6.53,77.28,3.81
S5001,Omar,Brown,student4001@university.com,Male,24,Cs,75.725,98.53,59.43,69.06,53.08,0.81,70.37,99.63,B,10.5,No,Yes,Bachelor'S,High,4,6.8,25.35,Bajo,-39.1,50.15,9.49
S5002,John,Jones,student4002@university.com,Female,20,Cs,61.4,68.66,91.0,96.47,73.07,7.14,53.52,86.57,D,10.3,No,Yes,Bachelor'S,Low,3,7.5,37.21,Medio,22.34,73.61,8.4
S5003,Omar,Smith,student4003@university.com,Female,19,Cs,53.5,86.48,82.47,74.81,56.88,1.65,85.63,57.3,D,20.2,Yes,Yes,Master'S,Low,2,5.1,27.45,Bajo,-4.01,58.46,2.84
S5004,Maria,Smith,student4004@university.com,Male,24,Business,76.78,86.09,92.16,74.81,82.37,7.4,57.53,63.89,B,15.9,No,Yes,Unknown,Low,5,7.5,28.24,Bajo,6.07,72.18,4.02
S5005,Emma,Jones,student4005@university.com,Female,18,Business,99.52,69.85,42.79,87.89,52.36,1.41,96.35,56.6,B,26.8,Yes,Yes,Phd,Medium,2,4.1,13.04,Bajo,-27.06,62.68,2.11
S5006,Liam,Williams,student4006@university.com,Female,24,Cs,86.9,87.74,83.25,74.81,68.7,8.32,70.89,55.78,A,12.3,No,Yes,Phd,Low,2,6.7,19.34,Bajo,-4.49,74.4,4.53
S5007,Sara,Johnson,student4007@university.com,Female,21,Engineering,66.37,55.66,72.4,57.96,54.14,6.81,54.1,78.39,A,13.3,No,Yes,Unknown,Low,8,8.2,48.98,Medio,16.74,58.58,5.89
S5008,Liam,Williams,student4008@university.com,Male,22,Mathematics,91.36,47.34,89.5,65.96,50.17,3.86,61.42,95.34,B,9.2,Yes,Yes,High School,Medium,2,7.6,31.44,Medio,42.16,54.04,10.36
S5009,Liam,Smith,student4009@university.com,Male,24,Engineering,88.45,65.51,70.43,74.81,98.03,3.59,93.13,84.22,A,29.5,No,Yes,High School,High,8,8.3,30.2,Medio,4.92,75.47,2.85
S5010,Emma,Davis,student4010@university.com,Female,21,Cs,64.08,96.62,72.41,50.91,99.81,1.49,66.05,90.03,B,7.9,No,No,High School,Low,8,4.7,40.19,Medio,-24.21,57.92,11.4
S5011,Omar,Jones,student4011@university.com,Male,21,Engineering,50.72,70.04,43.11,71.87,77.78,9.04,92.82,75.4,C,29.6,No,Yes,High School,Low,1,7.6,26.44,Bajo,-26.93,83.22,2.55
S5012,Sara,Jones,student4012@university.com,Female,21,Cs,55.91,78.12,80.11,87.79,61.95,1.19,58.61,73.77,F,22.7,Yes,Yes,Master'S,Medium,5,6.3,34.53,Medio,1.99,55.06,3.25
S5013,Ali,Williams,student4013@university.com,Female,24,Engineering,93.87,77.45,56.39,58.21,95.55,4.72,73.41,96.87,A,7.2,No,Yes,Unknown,Medium,9,5.6,38.09,Medio,-21.06,68.59,13.45
S5014,Ahmed,Davis,student4014@university.com,Male,19,Engineering,91.83,47.95,41.18,53.23,96.15,2.37,93.91,86.1,A,8.8,No,Yes,Unknown,High,8,5.8,44.63,Medio,-6.77,66.75,9.78
S5015,Emma,Williams,student4015@university.com,Male,19,Cs,64.76,63.42,43.99,91.8,92.73,9.96,52.42,72.97,F,13.2,Yes,Yes,Master'S,Medium,10,4.5,51.71,Medio,-19.43,84.14,5.53
S5016,Maria,Johnson,student4016@university.com,Male,22,Mathematics,64.26,82.42,97.44,74.81,77.22,5.86,65.21,66.63,C,11.5,Yes,Yes,Phd,Medium,9,7.5,44.81,Medio,15.02,68.96,5.79
S5017,Ali,Brown,student4017@university.com,Female,19,Engineering,89.64,98.32,60.76,58.83,53.74,1.5,95.49,54.66,B,29.3,No,Yes,Master'S,Medium,3,7.2,8.92,Bajo,-37.56,55.76,1.87
S5018,Ahmed,Davis,student4018@university.com,Female,23,Engineering,96.89,50.08,92.08,90.32,54.42,6.68,79.83,91.05,B,20.3,Yes,Yes,High School,Medium,2,4.8,23.14,Bajo,42.0,72.84,4.49
S5019,Maria,Brown,student4019@university.com,Male,19,Mathematics,88.96,64.63,97.58,82.91,94.83,9.92,85.81,58.47,B,6.9,No,Yes,Unknown,High,1,6.7,26.02,Bajo,32.95,90.69,8.47
S5020,Liam,Johnson,student4020@university.com,Male,19,Cs,80.28,45.71,96.6,66.71,93.79,6.05,92.11,75.75,A,18.1,No,Yes,Master'S,Low,8,4.6,44.69,Medio,50.89,78.28,4.19
S5021,John,Brown,student4021@university.com,Male,19,Cs,62.13,54.54,92.9,68.81,71.72,4.57,76.18,81.86,F,27.4,Yes,Yes,High School,Low,8,5.6,43.75,Medio,38.36,65.6,2.99
S5022,Maria,Smith,student4022@university.com,Female,18,Business,76.29,62.61,93.69,57.79,66.41,2.93,92.27,87.2,F,15.4,No,Yes,High School,Low,8,4.2,42.37,Medio,31.08,61.44,5.66
S5023,Sara,Brown,student4023@university.com,Female,22,Cs,61.68,72.44,57.34,91.76,82.21,0.92,81.94,54.17,B,21.7,No,Yes,Bachelor'S,High,3,7.1,30.27,Medio,-15.1,66.28,2.5
S5024,Sara,Johnson,student4024@university.com,Female,23,Business,90.4,53.83,49.09,75.45,90.35,2.28,84.28,50.53,A,24.3,Yes,Yes,Phd,Medium,1,4.1,20.06,Bajo,-4.74,68.22,2.08
S5025,John,Brown,student4025@university.com,Male,19,Cs,69.35,53.65,78.36,77.85,86.58,5.54,57.64,85.3,C,9.6,No,Yes,Phd,Low,9,5.3,52.61,Medio,24.71,69.37,8.89
S5026,Ali,Jones,student4026@university.com,Male,22,Cs,91.68,86.67,69.29,94.17,80.78,7.54,96.95,72.72,A,26.4,No,No,Phd,Low,7,5.3,22.04,Bajo,-17.38,86.82,2.75
S5027,Ahmed,Williams,student4027@university.com,Female,20,Engineering,69.08,97.76,45.92,50.79,61.58,8.78,89.8,59.06,A,16.2,No,Yes,Unknown,Low,6,7.7,29.51,Bajo,-51.84,72.49,3.65
S5028,Maria,Smith,student4028@university.com,Male,18,Cs,91.21,59.42,80.65,53.35,63.13,7.94,62.71,99.1,B,6.4,No,Yes,Unknown,Medium,7,6.3,40.38,Medio,21.23,64.65,15.48
S5029,Sara,Jones,student4029@university.com,Male,24,Business,66.67,81.28,73.77,58.08,86.2,1.25,79.0,89.57,B,27.0,No,Yes,Unknown,Medium,6,6.9,29.89,Bajo,-7.51,58.94,3.32
S5030,Ali,Jones,student4030@university.com,Male,19,Engineering,75.725,55.48,91.78,51.5,90.13,7.73,68.82,78.93,D,19.1,No,Yes,Unknown,Low,4,5.2,33.97,Medio,36.3,71.94,4.13
S5031,John,Johnson,student4031@university.com,Male,23,Mathematics,75.725,95.68,76.55,74.81,55.81,5.82,83.02,85.11,F,10.0,Yes,Yes,High School,High,2,6.7,22.01,Bajo,-19.13,67.96,8.51
S5032,Omar,Williams,student4032@university.com,Female,18,Business,53.51,80.37,74.44,81.69,59.36,4.69,99.69,57.75,F,12.9,Yes,No,Phd,Medium,1,4.7,30.71,Medio,-5.93,71.91,4.48
S5033,Emma,Williams,student4033@university.com,Male,23,Cs,97.41,88.16,66.45,60.54,84.02,5.73,52.29,98.11,A,19.2,No,Yes,Unknown,Medium,9,9.0,27.64,Bajo,-21.71,63.54,5.11
S5034,Omar,Davis,student4034@university.com,Female,24,Business,78.68,42.96,67.77,57.47,69.45,0.08,97.63,99.82,F,14.4,No,Yes,Phd,Medium,2,6.6,34.6,Medio,24.81,56.34,6.93
S5035,Omar,Smith,student4035@university.com,Female,24,Engineering,75.39,75.91,97.26,57.28,78.16,0.68,53.62,82.42,F,10.8,Yes,Yes,High School,Medium,6,8.4,36.55,Medio,21.35,48.96,7.63
S5036,Sara,Johnson,student4036@university.com,Male,18,Engineering,91.97,71.66,48.31,74.81,80.74,5.26,73.04,83.42,A,17.0,No,Yes,Unknown,Medium,8,4.5,33.37,Medio,-23.35,70.3,4.91
S5037,Liam,Smith,student4037@university.com,Female,20,Business,93.29,57.58,66.77,84.68,88.81,1.74,74.11,85.22,A,9.6,No,Yes,Unknown,Low,7,7.0,38.61,Medio,9.19,66.25,8.88
S5038,Liam,Davis,student4038@university.com,Female,22,Engineering,76.11,55.75,79.35,79.27,90.29,5.46,63.44,83.29,D,11.1,No,Yes,Master'S,Low,9,7.4,48.86,Medio,23.6,71.9,7.5
S5039,John,Brown,student4039@university.com,Male,18,Engineering,96.36,74.8,65.98,66.12,64.0,3.54,78.33,71.93,A,25.7,Yes,Yes,Unknown,Medium,9,7.9,28.76,Bajo,-8.82,60.96,2.8
S5040,Maria,Jones,student4040@university.com,Female,21,Engineering,53.24,82.39,56.99,71.65,77.06,9.07,91.7,77.03,D,10.7,Yes,Yes,Unknown,Medium,4,6.4,37.97,Medio,-25.4,82.78,7.2
S5041,Liam,Smith,student4041@university.com,Female,24,Cs,55.66,41.99,57.24,54.47,56.18,9.5,64.7,64.14,C,22.4,No,Yes,Bachelor'S,High,9,4.2,54.5,Medio,15.25,67.59,2.86
S5042,Omar,Jones,student4042@university.com,Female,20,Cs,75.725,74.04,54.02,99.91,92.1,9.8,53.52,72.34,D,11.3,No,Yes,High School,Low,10,5.3,45.63,Medio,-20.02,85.88,6.4
S5043,Liam,Johnson,student4043@university.com,Female,24,Engineering,67.7,50.23,60.63,87.75,92.27,8.99,81.61,71.81,C,10.3,No,Yes,Master'S,Medium,2,5.4,38.31,Medio,10.4,87.88,6.97
S5044,Omar,Brown,student4044@university.com,Female,21,Cs,73.21,48.42,92.3,81.07,64.98,9.86,87.59,64.41,A,11.3,Yes,Yes,High School,Low,1,5.6,34.2,Medio,43.88,83.06,5.7
S5045,Ahmed,Johnson,student4045@university.com,Female,20,Cs,66.4,77.39,70.31,79.39,58.03,7.06,97.73,89.34,D,16.7,No,Yes,Unknown,High,6,4.5,36.3,Medio,-7.08,76.44,5.35
S5046,Sara,Brown,student4046@university.com,Female,24,Cs,70.24,58.65,54.41,75.22,53.5,9.61,57.98,70.48,D,8.7,No,No,Unknown,Medium,4,4.0,40.14,Medio,-4.24,70.7,8.1
S5047,Sara,Brown,student4047@university.com,Female,21,Engineering,91.13,66.45,63.07,62.87,78.75,6.42,95.07,77.59,A,7.7,Yes,Yes,Master'S,Medium,4,6.6,30.99,Medio,-3.38,75.22,10.08
S5048,Maria,Jones,student4048@university.com,Male,21,Cs,79.67,61.6,46.35,61.32,54.57,8.09,74.11,57.8,D,23.9,No,Yes,High School,Low,10,7.7,41.69,Medio,-15.25,67.73,2.42
S5049,Liam,Johnson,student4049@university.com,Male,24,Business,99.87,78.9,94.24,74.81,84.03,1.32,61.79,73.75,B,5.6,No,Yes,Unknown,Low,10,5.2,38.58,Medio,15.34,58.46,13.17
S5050,Liam,Johnson,student4050@university.com,Male,24,Cs,89.34,68.21,64.49,53.51,83.91,6.83,98.14,88.07,A,14.6,Yes,Yes,Unknown,Medium,1,7.5,20.97,Bajo,-3.72,75.96,6.03
S5051,Emma,Smith,student4051@university.com,Female,23,Engineering,63.68,97.81,98.82,53.72,80.7,9.31,61.92,72.23,D,14.9,No,Yes,Bachelor'S,Medium,6,7.7,32.03,Medio,1.01,72.36,4.85
S5052,Ali,Johnson,student4052@university.com,Female,18,Engineering,63.22,61.14,60.85,78.04,93.83,5.4,86.67,77.89,A,27.3,No,Yes,High School,High,3,6.1,30.33,Medio,-0.29,78.14,2.85
S5053,Ahmed,Smith,student4053@university.com,Female,18,Engineering,66.79,84.42,90.18,95.99,68.91,1.87,89.24,85.09,F,24.4,No,Yes,Phd,Medium,7,6.6,32.43,Medio,5.76,68.21,3.49
S5054,Sara,Williams,student4054@university.com,Male,20,Cs,75.725,55.44,55.38,95.71,95.11,5.27,71.53,69.45,D,17.8,No,Yes,High School,Low,1,5.6,27.96,Bajo,-0.06,78.76,3.9
S5055,Ahmed,Williams,student4055@university.com,Male,22,Mathematics,51.36,70.53,44.57,50.54,51.85,7.07,84.5,67.66,D,17.0,No,Yes,High School,Medium,8,5.9,47.92,Medio,-25.96,64.4,3.98
S5056,Sara,Williams,student4056@university.com,Male,24,Mathematics,61.51,73.15,41.9,55.37,55.64,7.7,78.62,54.29,C,19.1,No,Yes,Phd,High,9,6.9,44.75,Medio,-31.25,66.66,2.84
S5057,Ahmed,Davis,student4057@university.com,Female,23,Business,95.25,59.75,76.37,79.15,70.61,5.24,59.6,79.11,A,13.9,No,Yes,Bachelor'S,High,4,5.8,28.45,Bajo,16.62,65.44,5.69
S5058,John,Johnson,student4058@university.com,Male,18,Mathematics,81.99,68.31,58.69,92.42,79.7,2.17,87.99,85.35,F,22.5,No,Yes,Unknown,Medium,5,6.5,28.45,Bajo,-9.62,70.45,3.79
S5059,Omar,Davis,student4059@university.com,Male,18,Engineering,61.34,56.76,66.61,97.72,51.62,9.27,96.4,79.06,A,22.2,No,Yes,Phd,Low,8,7.7,45.96,Medio,9.85,84.61,3.56
S5060,Sara,Johnson,student4060@university.com,Female,23,Engineering,60.96,40.36,89.12,93.03,78.37,7.74,74.43,64.18,D,19.4,No,Yes,Bachelor'S,Medium,5,8.8,45.74,Medio,48.76,80.81,3.31
S5061,Ahmed,Smith,student4061@university.com,Male,19,Business,93.13,52.94,54.89,83.88,65.37,2.71,99.72,63.12,B,6.4,No,Yes,Master'S,Medium,10,8.5,48.32,Medio,1.95,69.02,9.86
S5062,Liam,Davis,student4062@university.com,Female,23,Engineering,94.69,82.0,58.52,60.03,94.36,8.12,71.4,57.97,B,8.2,Yes,Yes,Master'S,Medium,4,8.6,24.83,Bajo,-23.48,76.75,7.07
S5063,Ali,Davis,student4063@university.com,Male,18,Business,62.81,86.26,90.72,53.63,76.66,3.48,73.99,52.35,F,6.0,Yes,Yes,Unknown,Low,5,8.6,38.03,Medio,4.46,59.77,8.72
S5064,John,Davis,student4064@university.com,Female,22,Business,71.03,56.81,69.57,52.38,79.39,3.12,83.69,71.34,A,23.0,Yes,Yes,Phd,Low,2,5.2,28.82,Bajo,12.76,61.67,3.1
S5065,John,Brown,student4065@university.com,Female,19,Mathematics,91.73,64.48,89.66,74.81,97.28,8.63,59.29,58.03,B,16.9,Yes,Yes,Master'S,Medium,10,8.7,40.1,Medio,25.18,79.42,3.43
S5066,Ali,Smith,student4066@university.com,Female,21,Cs,88.55,42.24,62.47,51.81,88.21,8.73,95.1,84.54,A,28.9,No,Yes,High School,Medium,2,5.1,24.11,Bajo,20.23,80.6,2.93
S5067,Ahmed,Williams,student4067@university.com,Female,23,Business,90.7,54.22,63.9,86.96,71.91,3.98,90.06,98.09,B,28.8,No,Yes,Bachelor'S,Low,1,8.3,17.59,Bajo,9.68,72.18,3.41
S5068,Liam,Smith,student4068@university.com,Female,21,Engineering,75.92,86.75,50.03,85.62,73.84,0.09,93.62,53.67,D,25.0,Yes,Yes,Master'S,Low,4,6.9,21.57,Bajo,-36.72,63.5,2.15
S5069,Maria,Brown,student4069@university.com,Male,19,Engineering,95.58,76.36,94.98,74.81,82.4,1.87,80.48,94.65,A,16.1,Yes,Yes,Master'S,Medium,10,8.2,35.59,Medio,18.62,64.1,5.88
S5070,Ali,Johnson,student4070@university.com,Female,19,Cs,66.3,52.35,93.81,95.33,60.01,9.09,94.19,82.89,F,12.9,No,Yes,Phd,Medium,8,8.9,50.2,Medio,41.46,85.11,6.43
S5071,Ahmed,Smith,student4071@university.com,Female,19,Business,57.83,55.45,99.05,74.81,54.43,8.99,84.0,93.01,D,10.0,No,No,High School,Medium,10,8.4,58.12,Alto,43.6,75.78,9.3
S5072,Ali,Davis,student4072@university.com,Female,20,Mathematics,85.44,89.01,64.15,95.22,65.56,4.53,75.58,57.75,A,10.8,No,Yes,Master'S,Low,10,8.1,37.99,Medio,-24.86,70.42,5.35
S5073,Ali,Williams,student4073@university.com,Female,23,Cs,76.97,52.55,89.12,95.08,88.92,3.04,96.59,95.32,D,29.8,No,Yes,High School,Medium,10,5.0,42.4,Medio,36.57,77.75,3.2
S5074,Sara,Williams,student4074@university.com,Male,24,Engineering,92.73,60.05,64.9,59.85,62.87,3.03,71.99,97.89,A,18.3,No,Yes,Bachelor'S,High,10,8.3,40.38,Medio,4.85,56.25,5.35
S5075,Ahmed,Johnson,student4075@university.com,Female,22,Cs,54.06,79.86,67.26,69.03,56.54,8.97,75.03,95.34,F,5.3,No,Yes,Bachelor'S,Low,2,4.8,36.69,Medio,-12.6,72.57,17.99
S5076,Maria,Smith,student4076@university.com,Male,22,Mathematics,92.18,73.67,89.8,56.73,60.95,3.25,58.48,89.27,A,6.1,No,Yes,Bachelor'S,Low,7,6.6,35.92,Medio,16.13,52.16,14.63
S5077,Omar,Brown,student4077@university.com,Female,21,Engineering,64.66,67.65,50.64,88.75,83.95,5.12,97.38,54.52,D,16.5,No,Yes,Unknown,High,8,6.5,44.38,Medio,-17.01,80.32,3.3
S5078,Sara,Johnson,student4078@university.com,Female,21,Cs,82.74,93.98,53.22,75.21,80.7,7.31,61.05,61.04,A,16.1,No,Yes,Phd,Medium,10,6.6,34.8,Medio,-40.76,72.52,3.79
S5079,Ali,Smith,student4079@university.com,Male,24,Cs,52.01,53.18,58.88,74.81,84.42,2.09,60.07,95.66,D,15.1,No,No,Bachelor'S,Medium,1,7.6,38.29,Medio,5.7,60.05,6.34
S5080,Omar,Jones,student4080@university.com,Male,21,Engineering,80.48,84.49,87.29,74.81,66.1,2.54,55.06,61.47,D,25.6,No,Yes,Unknown,Medium,3,6.0,18.13,Bajo,2.8,55.34,2.4
S5081,Emma,Williams,student4081@university.com,Male,23,Cs,85.86,49.54,62.36,74.81,95.04,3.58,72.67,67.39,B,22.6,No,Yes,Unknown,Low,6,6.3,34.9,Medio,12.82,69.58,2.98
S5082,Omar,Brown,student4082@university.com,Female,18,Engineering,68.44,76.94,61.49,99.46,72.59,6.54,63.68,52.52,F,7.7,No,Yes,Phd,Low,7,7.3,42.45,Medio,-15.45,75.28,6.82
S5083,Ali,Davis,student4083@university.com,Male,21,Mathematics,75.725,92.24,99.93,83.27,75.69,8.17,87.04,81.4,C,14.1,No,Yes,Bachelor'S,Low,5,7.4,27.66,Bajo,7.69,81.92,5.77
S5084,Ali,Brown,student4084@university.com,Female,19,Business,76.88,67.47,63.03,53.44,97.44,5.47,65.38,78.17,F,19.9,Yes,Yes,Phd,Low,7,6.2,36.23,Medio,-4.44,67.74,3.93
S5085,Liam,Davis,student4085@university.com,Male,21,Cs,91.66,83.46,54.87,79.42,98.96,1.33,86.04,98.09,B,14.6,No,Yes,Phd,Low,6,4.3,26.69,Bajo,-28.59,69.43,6.72
S5086,Ahmed,Brown,student4086@university.com,Male,19,Mathematics,66.18,89.22,77.39,58.99,83.08,4.46,59.8,94.62,A,10.2,No,Yes,Unknown,High,7,5.3,38.3,Medio,-11.83,61.62,9.28
S5087,Ahmed,Williams,student4087@university.com,Female,20,Engineering,62.62,48.16,88.11,51.53,97.24,1.28,61.5,75.3,D,20.7,No,No,Phd,Low,4,8.7,39.95,Medio,39.95,55.77,3.64
S5088,Sara,Davis,student4088@university.com,Male,18,Cs,75.725,82.35,44.18,66.75,77.08,0.88,90.31,80.47,F,20.1,No,Yes,Unknown,Low,2,8.6,20.96,Bajo,-38.17,60.74,4.0
S5089,Maria,Smith,student4089@university.com,Male,18,Cs,97.46,95.19,77.13,74.81,65.36,5.9,68.55,70.66,B,29.4,No,No,Bachelor'S,Low,8,7.2,18.19,Bajo,-18.06,66.93,2.4
S5090,Sara,Davis,student4090@university.com,Female,24,Cs,67.96,74.58,42.14,74.81,65.75,9.56,55.59,56.62,C,19.0,No,Yes,Phd,Low,1,4.9,24.34,Bajo,-32.44,72.94,2.98
S5091,John,Johnson,student4091@university.com,Female,23,Business,75.725,51.17,71.58,68.68,77.95,8.38,98.07,93.39,F,26.9,No,Yes,Unknown,Low,4,4.5,31.36,Medio,20.41,82.12,3.47
S5092,Ali,Smith,student4092@university.com,Female,23,Cs,75.725,47.62,55.42,86.65,80.25,7.74,58.87,77.48,D,28.7,Yes,Yes,Bachelor'S,Low,4,8.7,31.53,Medio,7.8,75.79,2.7
S5093,Omar,Johnson,student4093@university.com,Male,22,Cs,84.96,55.58,58.4,50.81,71.98,7.27,57.51,71.27,A,15.9,No,Yes,High School,Medium,1,8.4,25.64,Bajo,2.82,63.25,4.48
S5094,Emma,Brown,student4094@university.com,Male,20,Business,56.43,46.21,68.03,50.74,94.19,8.97,67.92,53.42,D,6.3,No,Yes,Unknown,Medium,8,6.0,58.79,Alto,21.82,75.64,8.48
S5095,Ali,Smith,student4095@university.com,Male,24,Engineering,99.25,70.8,95.63,51.47,71.33,7.53,54.78,83.27,A,8.6,No,Yes,High School,Low,6,7.1,30.83,Medio,24.83,63.22,9.68
S5096,Ali,Brown,student4096@university.com,Male,23,Business,80.4,44.18,82.64,60.97,63.67,6.27,57.78,69.98,D,17.6,Yes,Yes,High School,Medium,2,8.6,32.03,Medio,38.46,61.28,3.98
S5097,Sara,Jones,student4097@university.com,Male,19,Business,75.04,53.4,96.21,68.7,50.4,3.65,92.32,62.68,A,27.3,No,Yes,Master'S,Low,4,4.7,30.73,Medio,42.81,61.98,2.3
S5098,Emma,Brown,student4098@university.com,Female,20,Cs,69.11,66.39,79.6,80.39,98.53,1.01,58.58,93.84,D,21.4,No,Yes,High School,Medium,7,7.2,38.53,Medio,13.21,61.9,4.39
S5099,Emma,Brown,student4099@university.com,Male,18,Business,94.93,68.43,40.43,99.3,91.22,4.61,55.57,59.18,A,10.0,Yes,Yes,Unknown,Low,9,8.6,39.02,Medio,-28.0,73.05,5.92
S5100,Emma,Johnson,student4100@university.com,Female,19,Cs,62.2,73.92,55.94,67.72,80.78,9.25,94.0,75.75,B,22.5,No,Yes,Phd,Medium,7,8.2,38.14,Medio,-17.98,83.75,3.37
S5101,Sara,Davis,student4101@university.com,Male,24,Engineering,64.29,82.34,94.35,52.78,91.53,5.83,72.19,89.79,A,27.4,No,Yes,Unknown,Medium,2,5.4,21.32,Bajo,12.01,68.7,3.28
S5102,Ali,Jones,student4102@university.com,Female,24,Engineering,56.12,42.83,78.61,59.75,90.51,1.85,57.86,92.45,C,5.8,Yes,Yes,Unknown,Low,1,8.8,44.61,Medio,35.78,56.66,15.94
S5103,Sara,Brown,student4103@university.com,Male,20,Cs,87.96,44.84,98.9,94.89,96.59,6.49,79.08,90.94,A,11.1,No,Yes,Unknown,Low,10,5.0,50.21,Medio,54.06,83.86,8.19
S5104,Ahmed,Brown,student4104@university.com,Male,18,Mathematics,79.78,43.65,49.36,74.81,69.3,4.65,52.08,94.83,B,8.8,No,Yes,Unknown,Low,7,5.0,47.92,Medio,5.71,60.67,10.78
S5105,Ahmed,Jones,student4105@university.com,Female,23,Engineering,80.45,65.39,57.8,89.51,77.74,9.31,71.37,57.12,F,24.6,Yes,Yes,Unknown,Medium,9,4.5,37.7,Medio,-7.59,82.93,2.32
S5106,Sara,Jones,student4106@university.com,Male,19,Cs,60.92,42.51,61.74,56.21,54.93,1.61,79.52,97.02,F,27.3,No,Yes,High School,High,2,4.6,34.5,Medio,19.23,51.69,3.55
S5107,Emma,Smith,student4107@university.com,Female,19,Mathematics,82.56,84.76,59.59,74.81,98.27,7.12,97.86,50.54,D,18.9,No,Yes,High School,High,3,7.8,20.67,Bajo,-25.17,85.54,2.67
S5108,Liam,Johnson,student4108@university.com,Male,18,Engineering,88.27,53.38,55.12,55.61,99.26,6.82,66.32,62.8,B,26.2,No,Yes,Unknown,Medium,4,5.4,26.66,Bajo,1.74,72.35,2.4
S5109,Ali,Jones,student4109@university.com,Male,19,Engineering,67.89,96.35,66.61,92.86,89.45,9.84,88.25,54.2,F,21.4,No,Yes,Unknown,High,9,8.3,34.41,Medio,-29.74,92.24,2.53
S5110,Sara,Jones,student4110@university.com,Female,23,Engineering,90.07,69.18,78.54,60.5,72.71,5.65,56.63,97.28,A,21.4,No,No,Bachelor'S,High,7,8.3,30.35,Medio,9.36,61.58,4.55
S5111,Sara,Williams,student4111@university.com,Male,23,Business,67.44,66.78,58.68,82.16,74.83,8.72,71.68,71.2,F,19.5,No,Yes,Bachelor'S,Medium,2,4.6,28.83,Bajo,-8.1,78.97,3.65
S5112,Sara,Davis,student4112@university.com,Female,23,Cs,87.91,86.83,44.78,75.81,71.77,0.25,61.16,65.76,A,6.3,Yes,Yes,Bachelor'S,Low,4,6.7,26.7,Bajo,-42.05,52.81,10.44
S5113,Liam,Jones,student4113@university.com,Male,18,Cs,51.69,82.79,82.51,77.22,64.67,1.23,74.62,58.35,D,28.4,Yes,Yes,High School,High,4,7.7,29.54,Bajo,-0.28,57.2,2.05
S5114,Liam,Johnson,student4114@university.com,Male,21,Engineering,75.725,76.44,67.54,59.77,76.39,3.46,70.86,57.79,D,13.9,Yes,Yes,Unknown,Low,4,7.4,30.28,Medio,-8.9,60.4,4.16
S5115,John,Davis,student4115@university.com,Male,21,Cs,98.48,96.11,73.39,81.76,52.67,6.19,98.99,80.7,A,25.1,Yes,Yes,Unknown,Medium,10,4.5,24.15,Bajo,-22.72,73.83,3.22
S5116,Ahmed,Davis,student4116@university.com,Male,24,Business,99.06,65.34,67.32,52.16,99.59,4.49,95.87,52.35,B,25.2,Yes,Yes,Unknown,Medium,7,5.6,26.46,Bajo,1.98,73.13,2.08
S5117,Omar,Brown,student4117@university.com,Male,24,Cs,64.09,88.51,93.42,99.67,71.2,2.03,79.11,79.72,C,29.1,Yes,Yes,Unknown,High,6,7.1,27.58,Bajo,4.91,67.57,2.74
S5118,Emma,Brown,student4118@university.com,Male,19,Cs,72.07,62.81,73.52,51.34,96.37,5.89,58.83,88.73,D,13.2,No,Yes,Bachelor'S,Medium,2,6.9,31.55,Medio,10.71,66.36,6.72
S5119,Maria,Brown,student4119@university.com,Male,23,Cs,53.15,90.3,95.4,52.51,86.21,5.67,77.85,80.05,D,29.9,No,Yes,Bachelor'S,Low,10,8.1,39.36,Medio,5.1,68.32,2.68
S5120,Liam,Brown,student4120@university.com,Female,19,Business,93.67,55.57,70.63,66.23,64.5,5.24,89.6,91.33,B,12.5,No,Yes,Unknown,Low,2,4.3,26.52,Bajo,15.06,68.18,7.31
S5121,Omar,Williams,student4121@university.com,Male,18,Business,78.43,57.36,57.56,91.58,61.1,0.91,51.9,63.26,C,16.3,Yes,No,Phd,Low,3,6.4,31.64,Medio,0.2,53.42,3.88
S5122,Liam,Jones,student4122@university.com,Male,19,Cs,69.26,80.67,61.33,62.86,99.78,9.27,71.7,53.86,A,22.7,No,Yes,Phd,Medium,10,8.2,40.21,Medio,-19.34,81.76,2.37
S5123,Emma,Brown,student4123@university.com,Male,22,Engineering,55.64,52.76,71.33,73.6,88.61,5.92,52.13,86.05,C,8.9,Yes,Yes,Bachelor'S,Low,1,9.0,40.25,Medio,18.57,68.38,9.67
S5124,Maria,Smith,student4124@university.com,Female,21,Cs,97.34,53.75,71.8,74.81,62.48,2.64,62.2,91.41,B,11.7,No,Yes,Unknown,Medium,9,4.6,41.73,Medio,18.05,56.47,7.81
S5125,John,Brown,student4125@university.com,Female,19,Engineering,76.51,58.32,81.24,74.81,53.37,6.87,54.61,75.08,B,23.2,No,No,Phd,Medium,7,7.2,37.46,Medio,22.92,62.87,3.24
S5126,Sara,Jones,student4126@university.com,Male,19,Cs,64.15,80.74,53.47,80.4,84.85,3.18,98.03,91.03,B,29.4,Yes,Yes,Bachelor'S,Medium,7,4.0,31.96,Medio,-27.27,73.77,3.1
S5127,John,Brown,student4127@university.com,Male,20,Engineering,67.51,93.36,79.53,74.81,65.15,5.06,58.44,72.9,B,23.3,Yes,Yes,Unknown,Low,9,5.7,34.49,Medio,-13.83,62.25,3.13
S5128,Liam,Williams,student4128@university.com,Male,19,Engineering,63.53,80.47,86.72,84.71,61.07,3.41,57.51,59.93,C,26.6,No,No,Unknown,Medium,7,6.2,33.66,Medio,6.25,59.35,2.25
S5129,John,Johnson,student4129@university.com,Female,22,Mathematics,80.09,89.67,80.6,89.27,86.75,8.8,98.6,73.72,D,5.9,Yes,Yes,Unknown,Medium,1,5.7,22.12,Bajo,-9.07,90.66,12.49
S5130,Omar,Johnson,student4130@university.com,Male,21,Cs,96.5,72.61,68.91,92.52,83.96,9.94,75.8,60.8,A,19.4,No,No,Master'S,Medium,4,7.1,21.41,Bajo,-3.7,87.92,3.13
S5131,Ali,Jones,student4131@university.com,Female,20,Business,75.725,44.14,99.5,56.69,74.07,1.61,87.9,73.6,A,27.9,Yes,Yes,Phd,High,9,4.1,44.08,Medio,55.36,58.69,2.64
S5132,Liam,Johnson,student4132@university.com,Male,18,Engineering,73.02,46.03,64.29,72.78,97.13,0.24,66.37,57.38,B,22.1,No,No,High School,Low,6,8.5,40.7,Medio,18.26,59.67,2.6
S5133,Liam,Johnson,student4133@university.com,Female,24,Mathematics,91.32,73.26,46.4,97.35,83.98,2.19,76.64,59.28,A,21.9,No,Yes,High School,Low,8,5.6,30.67,Medio,-26.86,69.97,2.71
S5134,Omar,Smith,student4134@university.com,Female,18,Cs,71.16,59.67,89.29,88.6,94.67,5.9,50.34,94.15,F,10.1,No,Yes,High School,Medium,3,4.8,36.59,Medio,29.62,73.15,9.32
S5135,Ahmed,Jones,student4135@university.com,Male,21,Cs,62.62,53.23,52.73,55.85,59.53,1.74,70.44,55.79,F,26.5,Yes,Yes,High School,High,6,6.2,39.98,Medio,-0.5,50.8,2.11
S5136,Maria,Jones,student4136@university.com,Male,24,Business,99.17,67.98,82.8,75.13,64.83,8.11,77.75,61.21,A,26.6,No,Yes,Master'S,Low,4,6.6,18.26,Bajo,14.82,74.7,2.3
S5137,Sara,Johnson,student4137@university.com,Male,18,Cs,65.19,79.99,50.74,96.12,55.23,4.09,75.72,99.78,A,20.4,No,Yes,Unknown,Medium,8,4.3,38.54,Medio,-29.25,66.99,4.89
S5138,Omar,Johnson,student4138@university.com,Male,22,Cs,66.19,63.1,41.01,72.0,65.23,6.11,70.29,78.8,A,15.7,No,Yes,Unknown,Low,3,8.0,34.5,Medio,-22.09,67.16,5.02
S5139,Maria,Johnson,student4139@university.com,Male,19,Cs,99.48,88.15,49.59,91.87,98.59,4.56,89.4,79.29,B,25.6,No,Yes,High School,Low,5,7.7,14.83,Bajo,-38.56,81.37,3.1
S5140,Emma,Davis,student4140@university.com,Male,21,Business,56.7,84.31,62.62,74.79,98.14,9.03,75.08,92.25,F,16.6,No,Yes,Unknown,High,2,6.6,28.78,Bajo,-21.69,84.58,5.56
S5141,Maria,Williams,student4141@university.com,Male,24,Cs,88.03,84.09,46.4,55.34,88.02,0.35,81.81,76.22,B,25.6,No,Yes,Phd,Medium,7,4.9,24.5,Bajo,-37.69,57.17,2.98
S5142,Emma,Brown,student4142@university.com,Female,20,Business,96.79,99.11,51.86,57.39,76.05,7.29,59.23,61.09,A,17.1,No,Yes,Phd,Medium,9,8.6,25.62,Bajo,-47.25,66.39,3.57
S5143,Omar,Williams,student4143@university.com,Male,19,Engineering,75.59,57.71,85.88,52.33,89.04,6.52,93.08,71.12,C,19.5,No,Yes,Unknown,Medium,5,8.0,35.37,Medio,28.17,74.91,3.65
S5144,Liam,Jones,student4144@university.com,Male,18,Cs,50.13,78.68,86.19,59.77,77.67,6.5,68.14,87.75,D,23.7,No,Yes,Phd,Medium,9,5.2,44.78,Medio,7.51,67.64,3.7
S5145,Liam,Smith,student4145@university.com,Female,18,Engineering,68.75,91.33,89.05,94.68,50.18,4.14,74.11,93.62,F,11.6,No,Yes,Bachelor'S,Low,2,7.7,24.96,Bajo,-2.28,65.09,8.07
S5146,Ahmed,Brown,student4146@university.com,Male,20,Cs,55.58,74.77,90.47,82.51,75.08,0.16,67.61,63.66,D,11.2,No,Yes,Unknown,High,8,4.5,48.07,Medio,15.7,56.7,5.68
S5147,Omar,Smith,student4147@university.com,Male,22,Engineering,70.81,87.37,65.23,86.94,79.95,6.89,94.6,63.1,D,21.7,No,Yes,Phd,Medium,3,4.6,22.6,Bajo,-22.14,82.6,2.91
S5148,Emma,Davis,student4148@university.com,Male,20,Engineering,75.725,64.87,92.05,81.08,63.29,8.29,95.04,66.38,B,28.8,No,Yes,Master'S,Low,10,6.2,39.64,Medio,27.18,80.58,2.3
S5149,Maria,Jones,student4149@university.com,Male,21,Engineering,71.94,75.43,71.56,69.33,60.16,0.85,61.21,79.81,F,16.2,Yes,Yes,Bachelor'S,Low,5,7.5,32.98,Medio,-3.87,49.8,4.93
S5150,Maria,Davis,student4150@university.com,Female,20,Cs,71.6,43.34,68.24,60.84,63.69,4.42,87.64,63.93,D,27.5,No,Yes,Unknown,Low,3,8.6,32.63,Medio,24.9,64.09,2.32
S5151,Emma,Jones,student4151@university.com,Female,18,Engineering,75.725,99.15,83.11,96.28,81.18,1.63,55.14,94.66,D,18.0,No,Yes,High School,Low,5,8.9,23.64,Bajo,-16.04,62.22,5.26
S5152,John,Smith,student4152@university.com,Male,22,Business,79.08,88.0,52.83,75.74,57.3,6.11,51.49,98.9,A,29.3,No,Yes,Phd,Low,5,7.5,20.16,Bajo,-35.17,61.41,3.38
S5153,Ahmed,Smith,student4153@university.com,Male,22,Business,92.81,92.13,87.37,74.05,86.02,7.86,91.83,83.96,A,24.8,Yes,Yes,Unknown,Low,1,7.9,7.48,Bajo,-4.76,82.62,3.39
S5154,Ali,Smith,student4154@university.com,Female,23,Business,65.42,81.66,65.77,99.81,71.13,6.67,56.56,98.51,B,26.5,No,Yes,Unknown,Medium,8,6.6,34.91,Medio,-15.89,73.55,3.72
S5155,Liam,Jones,student4155@university.com,Male,20,Cs,91.08,51.16,47.64,69.2,67.67,3.18,57.74,64.39,A,22.0,Yes,No,High School,High,7,4.3,35.11,Medio,-3.52,56.6,2.93
S5156,Sara,Johnson,student4156@university.com,Female,21,Business,78.3,41.86,47.16,92.71,90.36,1.4,80.33,90.76,C,26.7,No,Yes,Unknown,Medium,8,4.6,42.24,Medio,5.3,69.35,3.4
S5157,Maria,Smith,student4157@university.com,Female,18,Cs,65.03,91.88,49.89,93.12,75.3,7.94,90.84,83.92,C,19.8,No,Yes,Phd,Medium,3,8.9,24.22,Bajo,-41.99,84.66,4.24
S5158,Sara,Davis,student4158@university.com,Female,19,Cs,64.76,63.78,93.43,61.63,68.92,3.24,59.48,63.16,A,19.2,No,Yes,Bachelor'S,Low,7,6.0,41.93,Medio,29.65,55.61,3.29
S5159,Ali,Brown,student4159@university.com,Male,22,Business,68.06,55.83,99.46,54.74,93.91,0.22,55.71,65.92,D,26.8,No,No,Phd,Low,7,7.9,39.36,Medio,43.63,51.64,2.46
S5160,Omar,Jones,student4160@university.com,Male,20,Mathematics,81.13,73.7,61.42,74.81,68.41,5.71,53.87,74.43,F,5.4,No,Yes,Master'S,Low,2,5.1,29.02,Bajo,-12.28,63.55,13.78
S5161,Sara,Davis,student4161@university.com,Male,23,Engineering,61.54,65.25,57.53,71.29,92.95,2.47,51.24,89.58,C,17.0,No,Yes,Unknown,High,3,6.7,34.83,Medio,-7.72,60.04,5.27
S5162,Ali,Williams,student4162@university.com,Female,21,Cs,96.02,79.1,53.13,50.11,75.21,8.41,55.82,93.61,A,26.8,No,No,High School,High,6,4.8,20.37,Bajo,-25.97,66.31,3.49
S5163,Liam,Williams,student4163@university.com,Male,21,Cs,78.75,69.03,89.43,74.95,60.4,1.43,97.13,81.7,B,9.9,No,Yes,Master'S,Medium,4,8.0,33.45,Medio,20.4,61.7,8.25
S5164,Emma,Brown,student4164@university.com,Male,24,Engineering,96.0,81.83,52.55,80.97,80.64,4.35,54.76,86.08,A,29.0,No,Yes,Unknown,Low,4,4.8,14.02,Bajo,-29.28,64.97,2.97
S5165,John,Johnson,student4165@university.com,Female,18,Business,52.32,91.21,95.45,88.8,64.27,2.53,79.88,63.19,C,23.5,No,Yes,Unknown,Medium,1,7.5,22.58,Bajo,4.24,64.56,2.69
S5166,Liam,Smith,student4166@university.com,Male,22,Cs,67.13,51.73,80.04,97.15,57.36,6.9,96.05,87.05,C,24.1,Yes,No,Bachelor'S,Medium,8,4.8,44.49,Medio,28.31,79.89,3.61
S5167,Maria,Jones,student4167@university.com,Male,18,Business,51.14,59.77,93.83,74.81,54.33,5.49,81.39,80.25,C,21.6,No,No,High School,High,2,8.1,35.59,Medio,34.06,66.36,3.72
S5168,Ali,Davis,student4168@university.com,Male,23,Cs,63.61,66.21,73.24,97.01,62.08,7.91,51.64,61.15,F,16.2,No,Yes,Phd,Medium,6,6.5,40.88,Medio,7.03,72.46,3.77
S5169,Sara,Smith,student4169@university.com,Female,19,Business,93.1,97.72,81.44,51.61,86.83,4.59,79.82,97.51,A,16.5,Yes,Yes,Unknown,Medium,10,6.1,29.85,Bajo,-16.28,66.04,5.91
S5170,Maria,Davis,student4170@university.com,Male,19,Mathematics,51.83,61.92,77.17,85.59,91.9,0.05,95.15,75.64,D,26.0,Yes,Yes,Master'S,Medium,10,5.7,50.28,Medio,15.25,68.28,2.91
S5171,John,Jones,student4171@university.com,Female,19,Engineering,71.81,62.87,89.87,74.81,93.09,2.15,66.13,89.72,B,8.5,No,Yes,Unknown,Medium,1,7.4,31.76,Medio,27.0,63.88,10.56
S5172,Emma,Williams,student4172@university.com,Female,21,Cs,55.88,79.21,90.15,59.38,63.51,9.99,65.68,76.28,D,18.1,No,Yes,Phd,Medium,1,4.4,27.63,Bajo,10.94,72.12,4.21
S5173,Omar,Smith,student4173@university.com,Female,22,Business,70.84,65.15,75.39,90.02,83.05,4.05,62.44,96.65,D,12.7,Yes,Yes,Master'S,Medium,10,8.3,49.31,Medio,10.24,69.0,7.61
S5174,Maria,Brown,student4174@university.com,Male,18,Engineering,91.94,97.07,77.95,70.86,61.52,6.2,75.28,57.06,A,29.6,No,Yes,High School,High,2,7.8,6.12,Bajo,-19.12,67.41,1.93
S5175,Omar,Johnson,student4175@university.com,Male,18,Engineering,81.15,93.67,95.31,95.83,81.14,9.05,61.9,77.31,F,5.1,No,Yes,Bachelor'S,Low,6,5.9,32.06,Medio,1.64,82.34,15.16
S5176,Ali,Brown,student4176@university.com,Male,23,Engineering,86.84,70.8,95.79,52.12,94.36,0.21,86.19,51.26,B,6.6,No,Yes,Master'S,High,4,8.9,31.73,Medio,24.99,58.69,7.77
S5177,John,Johnson,student4177@university.com,Female,19,Cs,67.46,78.69,79.85,90.11,52.04,6.6,82.24,59.87,B,29.2,No,Yes,Unknown,Medium,8,8.2,33.74,Medio,1.16,72.6,2.05
S5178,Sara,Davis,student4178@university.com,Female,22,Business,97.22,43.48,40.47,74.81,99.26,2.88,70.04,64.05,A,18.6,Yes,Yes,Phd,Medium,7,5.4,36.96,Medio,-3.01,68.23,3.44
S5179,John,Smith,student4179@university.com,Male,22,Cs,85.46,81.74,46.26,58.83,91.35,2.79,86.13,73.63,B,8.5,No,Yes,Unknown,High,4,8.4,27.98,Bajo,-35.48,66.05,8.66
S5180,John,Smith,student4180@university.com,Female,23,Mathematics,71.09,82.43,91.48,73.87,88.08,2.25,54.92,91.01,C,16.2,Yes,Yes,High School,High,4,4.5,28.96,Bajo,9.05,59.84,5.62
S5181,Ahmed,Johnson,student4181@university.com,Male,20,Cs,71.32,61.55,45.08,69.78,84.57,8.23,87.48,73.33,A,13.1,No,Yes,Master'S,Medium,5,7.4,38.91,Medio,-16.47,81.03,5.6
S5182,John,Williams,student4182@university.com,Male,22,Business,95.93,53.18,52.81,74.31,88.51,3.73,80.15,78.06,A,27.8,No,Yes,Phd,High,7,4.7,29.9,Bajo,-0.37,70.07,2.81
S5183,John,Jones,student4183@university.com,Male,22,Cs,78.82,94.9,53.83,97.0,99.73,0.67,81.5,96.2,C,22.2,No,Yes,Unknown,Low,10,8.9,32.84,Medio,-41.07,71.23,4.33
S5184,Liam,Brown,student4184@university.com,Male,18,Cs,75.725,65.6,76.01,82.87,88.51,0.97,53.23,87.83,F,8.3,Yes,Yes,Phd,Medium,9,4.2,47.44,Medio,10.41,58.58,10.58
S5185,Maria,Davis,student4185@university.com,Male,23,Cs,75.725,79.22,74.6,64.52,67.58,1.49,80.91,52.51,C,18.4,No,Yes,Unknown,Low,5,5.2,29.42,Bajo,-4.62,56.98,2.85
S5186,Sara,Brown,student4186@university.com,Male,22,Business,61.18,42.0,57.37,58.65,80.7,8.99,74.71,58.82,C,8.4,No,Yes,Bachelor'S,Low,3,6.7,46.23,Medio,15.37,75.99,7.0
S5187,Liam,Brown,student4187@university.com,Male,22,Engineering,86.18,64.84,52.46,71.0,66.85,4.27,74.29,51.91,A,21.6,No,Yes,Bachelor'S,High,9,6.9,37.36,Medio,-12.38,63.71,2.4
S5188,Liam,Davis,student4188@university.com,Female,18,Business,80.39,89.04,85.87,72.58,98.5,9.16,66.09,53.45,B,23.2,No,Yes,Unknown,Low,1,6.6,13.55,Bajo,-3.17,82.19,2.3
S5189,Maria,Davis,student4189@university.com,Male,22,Cs,75.07,63.25,96.13,74.81,95.01,8.17,50.38,66.94,D,19.1,No,Yes,Unknown,Medium,2,7.7,27.42,Bajo,32.88,75.47,3.5
S5190,Maria,Smith,student4190@university.com,Female,18,Engineering,81.2,76.19,43.17,74.81,78.38,8.38,71.13,86.39,C,29.1,No,Yes,Unknown,Low,4,4.0,20.84,Bajo,-33.02,77.03,2.97
S5191,Ali,Brown,student4191@university.com,Female,20,Business,60.41,52.59,47.99,88.38,89.06,2.87,70.05,62.22,F,28.6,Yes,Yes,Unknown,Medium,6,6.8,39.89,Medio,-4.6,69.05,2.18
S5192,Maria,Jones,student4192@university.com,Male,21,Cs,89.7,64.99,78.53,54.92,95.48,2.71,71.14,69.61,A,10.1,No,Yes,High School,Low,3,7.1,28.5,Bajo,13.54,62.16,6.89
S5193,Ahmed,Jones,student4193@university.com,Female,24,Engineering,97.41,95.66,88.27,78.02,62.18,5.6,80.6,69.69,A,5.0,No,No,Bachelor'S,Medium,10,5.0,34.71,Medio,-7.39,69.2,13.94
S5194,Ahmed,Johnson,student4194@university.com,Female,18,Engineering,94.56,73.99,87.47,81.18,78.97,4.18,65.0,79.52,A,21.6,No,Yes,Bachelor'S,Medium,3,7.3,18.35,Bajo,13.48,66.74,3.68
S5195,Liam,Davis,student4195@university.com,Female,18,Cs,66.07,94.12,83.18,60.34,74.09,5.09,63.47,94.65,B,16.9,No,Yes,Unknown,Medium,9,7.3,37.97,Medio,-10.94,62.2,5.6
S5196,Omar,Smith,student4196@university.com,Male,22,Cs,70.3,94.12,93.25,91.3,88.58,0.53,74.89,99.16,D,13.4,No,Yes,Unknown,High,3,6.7,24.9,Bajo,-0.87,65.02,7.4
S5197,Ali,Jones,student4197@university.com,Male,18,Engineering,75.725,96.65,53.04,80.77,68.95,9.72,79.62,80.23,A,27.9,Yes,Yes,Master'S,Low,5,5.3,19.44,Bajo,-43.61,81.64,2.88
S5198,Omar,Williams,student4198@university.com,Male,23,Cs,79.76,93.72,46.44,82.29,85.45,0.58,78.37,75.25,B,29.5,No,Yes,High School,Medium,3,6.1,13.66,Bajo,-47.28,62.98,2.55
S5199,Omar,Smith,student4199@university.com,Male,19,Business,77.4,40.2,76.92,74.89,70.15,1.79,94.08,84.09,F,28.3,No,Yes,Unknown,Medium,1,5.4,26.7,Bajo,36.72,64.26,2.97
S5200,Liam,Smith,student4200@university.com,Male,19,Mathematics,96.33,96.04,89.34,95.48,55.55,6.78,88.46,83.4,B,17.5,Yes,Yes,Unknown,Medium,5,7.8,17.61,Bajo,-6.7,76.82,4.77
S5201,Emma,Jones,student4201@university.com,Female,20,Engineering,75.725,48.25,74.92,84.7,55.36,1.56,52.61,76.2,B,22.6,No,Yes,Bachelor'S,High,5,7.1,36.61,Medio,26.67,52.07,3.37
S5202,Liam,Williams,student4202@university.com,Female,18,Engineering,75.75,42.4,97.78,69.09,55.95,1.07,78.17,86.85,D,9.3,No,Yes,Phd,Medium,3,4.8,40.56,Medio,55.38,53.48,9.34
S5203,Sara,Johnson,student4203@university.com,Male,23,Cs,52.1,43.32,87.73,61.93,51.63,1.54,70.89,74.56,F,28.8,Yes,No,Unknown,High,9,6.8,52.15,Medio,44.41,49.96,2.59
S5204,Sara,Jones,student4204@university.com,Female,22,Business,53.47,60.93,82.05,53.55,76.65,0.62,68.05,99.82,D,12.1,No,No,Unknown,Medium,10,8.5,56.96,Alto,21.12,51.11,8.25
S5205,Maria,Williams,student4205@university.com,Female,22,Cs,50.37,77.25,43.62,58.27,83.6,2.51,97.89,52.45,D,9.8,No,Yes,Unknown,Medium,4,8.2,40.96,Medio,-33.63,66.22,5.35
S5206,Maria,Smith,student4206@university.com,Female,24,Engineering,95.66,64.14,46.46,99.63,56.34,2.71,72.84,72.16,A,6.5,No,Yes,Phd,Low,3,8.5,28.47,Bajo,-17.68,63.98,11.1
S5207,Emma,Williams,student4207@university.com,Female,21,Mathematics,70.42,41.53,87.09,70.34,80.59,4.99,85.97,69.85,F,18.8,Yes,Yes,Master'S,High,5,8.6,42.38,Medio,45.56,71.7,3.72
S5208,Maria,Smith,student4208@university.com,Male,20,Engineering,73.43,68.59,51.89,94.93,79.89,4.39,98.35,88.52,C,28.7,No,Yes,Bachelor'S,Low,7,4.9,32.71,Medio,-16.7,79.27,3.08
S5209,Sara,Jones,student4209@university.com,Male,23,Business,75.725,66.53,41.73,74.81,57.35,4.74,57.55,59.54,F,8.4,No,Yes,Master'S,High,2,7.6,31.56,Medio,-24.8,59.28,7.09
S5210,Omar,Davis,student4210@university.com,Male,23,Engineering,80.46,85.41,94.65,71.27,70.2,6.16,52.73,71.7,A,8.0,No,Yes,High School,Medium,5,7.2,31.1,Medio,9.24,63.95,8.96
S5211,Liam,Jones,student4211@university.com,Female,24,Cs,80.48,56.78,93.45,98.03,87.76,2.31,65.68,84.9,C,11.8,Yes,Yes,Phd,Medium,3,4.2,33.34,Medio,36.67,68.64,7.19
S5212,John,Brown,student4212@university.com,Female,24,Business,64.83,53.05,53.11,54.56,50.84,1.35,52.22,80.16,B,21.6,No,Yes,High School,Low,9,7.9,48.37,Medio,0.06,42.78,3.71
S5213,Ahmed,Brown,student4213@university.com,Male,22,Cs,91.7,55.36,86.81,74.81,57.35,8.79,55.84,77.26,B,18.7,No,Yes,Unknown,Low,8,5.0,37.5,Medio,31.45,68.97,4.13
S5214,John,Brown,student4214@university.com,Male,21,Business,58.29,58.22,42.88,95.96,99.79,6.34,99.59,71.75,F,7.4,No,Yes,Master'S,Low,9,8.6,56.21,Alto,-15.34,89.68,9.7
S5215,John,Jones,student4215@university.com,Female,22,Cs,52.66,75.95,57.1,97.48,86.68,0.61,98.01,87.6,F,16.1,No,Yes,Unknown,High,6,8.2,41.85,Medio,-18.85,72.07,5.44
S5216,Sara,Johnson,student4216@university.com,Male,21,Business,59.58,68.29,77.42,92.3,73.21,9.61,84.56,82.32,C,6.7,Yes,Yes,High School,Low,4,7.8,41.98,Medio,9.13,86.54,12.29
S5217,John,Jones,student4217@university.com,Male,19,Cs,63.39,60.21,85.79,74.81,81.49,6.93,87.65,93.74,D,26.3,No,No,Unknown,Low,9,7.5,44.38,Medio,25.58,78.31,3.56
S5218,Liam,Davis,student4218@university.com,Female,23,Engineering,64.12,62.46,40.62,82.61,92.31,1.52,57.02,86.65,C,7.7,Yes,Yes,Master'S,Low,4,6.4,41.64,Medio,-21.84,61.78,11.25
S5219,Emma,Williams,student4219@university.com,Female,24,Engineering,83.53,62.26,59.57,61.02,92.12,9.69,79.76,57.02,C,16.8,No,No,Phd,High,4,8.0,30.35,Medio,-2.69,82.45,3.39
S5220,Ali,Jones,student4220@university.com,Male,19,Engineering,60.89,98.34,52.86,86.53,66.24,3.65,57.72,80.98,A,17.8,No,Yes,Unknown,Medium,2,8.1,22.51,Bajo,-45.48,61.75,4.55
S5221,Maria,Jones,student4221@university.com,Female,22,Cs,83.83,53.98,99.93,98.92,74.56,9.85,68.92,52.23,F,18.3,No,Yes,Unknown,Low,1,4.5,25.32,Bajo,45.95,85.22,2.85
S5222,Ali,Smith,student4222@university.com,Male,20,Engineering,54.56,89.08,80.26,76.3,81.9,1.03,67.27,69.37,F,20.2,No,Yes,Master'S,Medium,10,5.7,44.08,Medio,-8.82,58.94,3.43
S5223,Omar,Smith,student4223@university.com,Female,18,Cs,57.36,82.49,64.34,74.81,53.59,1.6,80.7,70.6,D,22.5,No,No,Unknown,Low,4,5.6,30.59,Medio,-18.15,56.28,3.14
S5224,Liam,Smith,student4224@university.com,Female,20,Engineering,75.44,40.33,44.54,78.67,97.29,6.57,53.98,92.74,A,5.1,Yes,Yes,High School,Low,6,4.6,50.06,Medio,4.21,73.91,18.18
S5225,Liam,Jones,student4225@university.com,Male,20,Cs,75.725,99.59,75.92,84.53,71.64,0.22,55.17,59.02,F,5.8,No,Yes,Unknown,Medium,4,8.9,27.39,Bajo,-23.67,53.39,10.18
S5226,Ahmed,Johnson,student4226@university.com,Female,18,Engineering,92.98,85.39,78.5,60.41,68.54,0.19,80.5,82.18,A,20.3,No,Yes,Unknown,Low,4,6.9,18.36,Bajo,-6.89,52.84,4.05
S5227,Liam,Williams,student4227@university.com,Male,23,Cs,98.44,80.95,88.98,85.96,95.36,7.92,81.81,59.62,A,9.6,No,Yes,Unknown,Low,2,6.9,18.68,Bajo,8.03,85.58,6.21
S5228,Maria,Williams,student4228@university.com,Female,19,Mathematics,82.52,64.32,57.31,79.37,55.91,1.68,66.99,97.43,F,25.8,Yes,Yes,High School,Low,3,5.9,23.37,Bajo,-7.01,54.77,3.78
S5229,Liam,Davis,student4229@university.com,Male,19,Engineering,83.79,73.31,98.89,80.62,51.96,9.19,57.34,76.47,C,20.7,No,Yes,Master'S,Medium,3,7.8,22.77,Bajo,25.58,70.46,3.69
S5230,John,Johnson,student4230@university.com,Female,23,Cs,81.25,55.2,66.37,65.3,84.25,4.26,94.3,85.41,D,29.5,Yes,Yes,Unknown,High,7,6.4,33.59,Medio,11.17,71.61,2.9
S5231,Ahmed,Johnson,student4231@university.com,Female,18,Engineering,75.725,42.13,57.76,57.76,69.25,8.74,52.65,82.33,D,23.2,No,Yes,Bachelor'S,Medium,4,7.7,35.92,Medio,15.63,66.76,3.55
S5232,Maria,Williams,student4232@university.com,Male,21,Business,57.36,90.16,60.91,81.17,88.22,4.18,85.87,65.18,D,7.3,No,No,Bachelor'S,Low,3,8.4,33.67,Medio,-29.25,74.26,8.93
S5233,Emma,Brown,student4233@university.com,Female,20,Cs,77.19,93.79,71.18,79.31,53.43,5.3,57.0,95.06,A,9.3,No,Yes,Unknown,Medium,5,7.3,29.09,Bajo,-22.61,60.68,10.22
S5234,Emma,Smith,student4234@university.com,Male,22,Engineering,69.3,49.75,96.2,66.9,69.19,3.17,81.87,81.36,C,6.2,No,Yes,Unknown,Low,4,7.1,44.39,Medio,46.45,62.42,13.12
S5235,Emma,Smith,student4235@university.com,Female,19,Engineering,72.13,87.22,84.11,64.79,61.77,6.58,83.18,75.52,A,23.5,No,Yes,High School,Medium,1,7.9,16.84,Bajo,-3.11,68.89,3.21
S5236,Emma,Williams,student4236@university.com,Female,23,Cs,76.18,84.47,74.63,67.36,86.98,3.18,90.21,76.42,C,8.2,Yes,Yes,Unknown,Medium,6,6.5,35.01,Medio,-9.84,69.09,9.32
S5237,John,Johnson,student4237@university.com,Male,22,Business,56.42,50.7,49.77,74.49,61.36,2.23,69.75,94.53,D,21.6,Yes,Yes,Unknown,Medium,5,8.1,43.13,Medio,-0.93,56.98,4.38
S5238,Liam,Davis,student4238@university.com,Female,24,Cs,67.97,65.31,48.96,98.74,72.9,0.81,51.09,52.96,D,18.9,No,Yes,Master'S,Low,7,4.5,40.5,Medio,-16.35,57.71,2.8
S5239,Ali,Brown,student4239@university.com,Female,18,Cs,53.17,65.37,70.13,88.18,90.94,0.58,90.55,69.45,D,20.8,No,Yes,High School,High,8,5.2,46.94,Medio,4.76,68.87,3.34
S5240,Maria,Williams,student4240@university.com,Male,22,Business,98.98,85.6,83.72,92.59,95.77,3.06,72.2,92.08,B,17.7,Yes,Yes,Unknown,Low,3,8.6,15.27,Bajo,-1.88,72.79,5.2
S5241,John,Smith,student4241@university.com,Female,22,Engineering,55.93,90.26,85.06,75.28,86.13,7.36,92.35,51.88,D,5.3,Yes,Yes,Master'S,Low,4,4.9,37.36,Medio,-5.2,81.84,9.79
S5242,Emma,Jones,student4242@university.com,Male,20,Business,62.93,45.69,53.55,76.31,71.46,2.06,88.8,81.96,A,11.3,Yes,Yes,Phd,High,5,6.3,47.51,Medio,7.86,64.29,7.25
S5243,Omar,Johnson,student4243@university.com,Male,18,Engineering,94.56,73.78,46.01,60.22,78.6,2.99,74.92,70.16,A,27.1,No,Yes,Master'S,High,8,6.4,26.78,Bajo,-27.77,60.91,2.59
S5244,Liam,Jones,student4244@university.com,Male,22,Business,74.14,85.7,63.07,74.81,84.48,9.05,99.97,60.23,F,28.2,Yes,Yes,Unknown,Low,10,6.1,34.24,Medio,-22.63,87.44,2.14
S5245,Ali,Davis,student4245@university.com,Female,19,Business,56.78,87.17,95.09,71.08,93.75,6.39,73.1,80.57,C,7.4,No,No,Bachelor'S,Medium,7,8.3,43.61,Medio,7.92,75.46,10.89
S5246,Omar,Williams,student4246@university.com,Female,18,Cs,69.21,48.88,72.72,87.12,94.43,9.2,84.83,91.55,D,28.8,No,Yes,Bachelor'S,Low,7,7.7,40.05,Medio,23.84,89.6,3.18
S5247,Ahmed,Smith,student4247@university.com,Male,19,Business,55.79,71.53,59.21,74.81,96.55,9.11,83.49,73.37,C,21.8,Yes,Yes,Bachelor'S,High,5,8.1,37.0,Medio,-12.32,86.49,3.37
S5248,Omar,Brown,student4248@university.com,Female,23,Engineering,60.01,91.45,59.42,55.43,90.54,0.63,75.9,57.34,F,28.1,No,Yes,Bachelor'S,Medium,4,9.0,24.18,Bajo,-32.03,57.04,2.04
S5249,Ahmed,Jones,student4249@university.com,Male,23,Cs,52.6,59.11,47.93,58.65,57.34,9.55,79.27,65.31,D,15.0,No,Yes,Unknown,Medium,1,8.9,36.36,Medio,-11.18,72.69,4.35
S5250,Ahmed,Brown,student4250@university.com,Female,24,Engineering,71.91,65.51,68.39,90.58,87.38,0.51,89.93,99.07,F,7.5,No,Yes,Unknown,Low,6,8.5,42.54,Medio,2.88,68.25,13.21
S5251,Emma,Davis,student4251@university.com,Male,21,Cs,90.33,88.26,87.48,74.81,90.73,9.26,78.58,55.55,A,12.6,No,Yes,Master'S,Medium,9,6.8,33.38,Medio,-0.78,84.18,4.41
S5252,Ahmed,Smith,student4252@university.com,Male,23,Business,79.3,45.36,98.11,63.22,93.89,5.47,72.51,58.04,C,22.2,No,Yes,High School,Medium,2,5.5,29.76,Bajo,52.75,71.08,2.61
S5253,Sara,Jones,student4253@university.com,Female,22,Engineering,80.32,91.57,70.1,96.47,96.24,5.33,83.1,99.51,F,24.9,No,Yes,High School,Low,1,7.6,11.97,Bajo,-21.47,82.28,4.0
S5254,Maria,Davis,student4254@university.com,Male,18,Mathematics,60.03,58.67,50.03,82.88,75.46,7.13,51.78,94.11,D,6.3,Yes,No,Unknown,High,10,8.7,58.24,Alto,-8.64,70.35,14.94
S5255,Maria,Brown,student4255@university.com,Male,23,Cs,67.19,40.09,80.98,55.72,82.75,8.79,55.46,85.36,B,17.2,No,Yes,High School,Low,5,9.0,44.75,Medio,40.89,70.46,4.96
S5256,Emma,Brown,student4256@university.com,Female,19,Engineering,92.26,54.05,85.41,57.18,50.48,6.17,56.27,57.55,A,6.6,No,Yes,Phd,High,4,7.1,34.86,Medio,31.36,56.41,8.72
S5257,Sara,Jones,student4257@university.com,Male,22,Cs,54.39,45.37,44.3,63.62,78.64,4.25,71.29,62.03,F,26.6,No,Yes,Unknown,Medium,4,7.5,40.72,Medio,-1.07,64.01,2.33
S5258,Omar,Smith,student4258@university.com,Male,23,Engineering,75.725,45.54,91.01,79.7,73.66,1.12,93.59,59.01,D,16.9,Yes,Yes,Bachelor'S,High,1,5.4,31.38,Medio,45.47,64.54,3.49
S5259,John,Brown,student4259@university.com,Female,20,Business,74.18,81.57,89.76,74.81,98.12,7.89,82.16,81.55,D,27.9,No,Yes,Unknown,Medium,1,5.0,15.62,Bajo,8.19,83.5,2.92
S5260,Omar,Williams,student4260@university.com,Male,19,Business,91.86,52.84,68.35,63.72,95.09,1.28,98.63,69.94,B,7.0,No,Yes,Master'S,Medium,1,7.2,28.5,Bajo,15.51,67.56,9.99
S5261,Liam,Davis,student4261@university.com,Male,24,Business,65.9,96.08,73.63,93.53,89.88,7.26,52.0,52.39,D,13.3,No,Yes,Master'S,Low,8,5.1,37.02,Medio,-22.45,77.0,3.94
S5262,John,Jones,student4262@university.com,Male,24,Business,66.94,70.99,82.8,55.46,52.85,5.28,86.1,64.56,F,21.9,Yes,Yes,Master'S,Medium,1,6.0,24.32,Bajo,11.81,61.8,2.95
S5263,Ahmed,Johnson,student4263@university.com,Male,24,Cs,87.58,67.61,80.6,60.38,70.1,3.86,65.71,93.03,A,12.3,No,Yes,Bachelor'S,Low,5,6.5,31.8,Medio,12.99,58.7,7.56
S5264,Ali,Johnson,student4264@university.com,Male,19,Cs,89.25,66.06,40.99,98.52,84.8,6.13,51.16,89.8,A,26.0,No,Yes,Unknown,Low,10,8.7,35.94,Medio,-25.07,73.94,3.45
S5265,John,Smith,student4265@university.com,Male,24,Engineering,61.48,81.56,47.35,56.74,51.48,7.72,91.3,82.15,C,29.7,Yes,Yes,High School,Low,6,8.9,30.28,Medio,-34.21,69.18,2.77
S5266,Ali,Williams,student4266@university.com,Male,21,Engineering,98.64,67.14,49.76,94.41,61.79,9.41,58.13,54.28,A,12.0,No,Yes,High School,Medium,7,5.2,32.67,Medio,-17.38,77.11,4.52
S5267,Maria,Brown,student4267@university.com,Male,20,Cs,54.22,47.72,85.34,85.2,94.38,2.65,60.7,94.14,C,14.0,No,Yes,Bachelor'S,Medium,5,4.7,48.6,Medio,37.62,66.69,6.72
S5268,Ali,Johnson,student4268@university.com,Female,21,Engineering,53.43,92.81,66.41,53.65,56.49,9.47,67.02,76.73,D,29.2,No,Yes,Phd,Low,9,5.1,36.63,Medio,-26.4,67.96,2.63
S5269,Maria,Smith,student4269@university.com,Male,23,Engineering,79.78,65.7,72.73,74.19,52.57,9.61,89.42,74.73,B,14.0,Yes,No,Unknown,Low,1,6.6,25.37,Bajo,7.03,78.07,5.34
S5270,Sara,Davis,student4270@university.com,Male,20,Cs,75.725,44.44,86.36,75.95,79.03,8.14,81.23,96.7,D,18.9,No,Yes,Phd,Medium,7,7.9,44.05,Medio,41.92,79.4,5.12
S5271,Sara,Williams,student4271@university.com,Female,19,Business,98.04,71.76,60.46,96.61,97.32,8.81,63.24,50.44,A,24.2,No,Yes,High School,Low,6,6.6,23.17,Bajo,-11.3,86.32,2.08
S5272,Emma,Williams,student4272@university.com,Male,21,Engineering,70.25,78.84,84.93,74.81,91.73,6.92,58.42,77.79,C,16.0,Yes,Yes,Bachelor'S,Medium,9,8.7,41.54,Medio,6.09,73.54,4.86
S5273,Emma,Smith,student4273@university.com,Male,22,Cs,51.26,56.53,66.54,72.34,98.74,0.39,55.48,89.56,C,14.3,No,Yes,Phd,Low,6,7.2,49.06,Medio,10.01,57.61,6.26
S5274,Ahmed,Smith,student4274@university.com,Male,20,Cs,75.725,88.02,62.63,55.62,87.68,5.75,57.49,53.18,A,17.4,No,Yes,Unknown,Low,2,6.4,20.61,Bajo,-25.39,64.57,3.06
S5275,John,Brown,student4275@university.com,Male,19,Business,64.48,80.19,59.98,81.96,71.87,7.47,93.41,67.86,D,24.5,No,No,Unknown,Low,9,7.9,38.9,Medio,-20.21,80.48,2.77
S5276,Ahmed,Smith,student4276@university.com,Male,18,Mathematics,71.65,79.02,97.9,60.54,97.33,9.42,96.13,98.87,B,12.8,Yes,Yes,Master'S,Low,4,8.8,31.48,Medio,18.88,87.05,7.72
S5277,Maria,Brown,student4277@university.com,Male,20,Engineering,75.725,65.25,86.32,53.88,71.33,5.7,98.4,60.59,A,13.8,Yes,Yes,Unknown,Low,9,5.7,44.8,Medio,21.07,70.15,4.39
S5278,Ahmed,Brown,student4278@university.com,Female,20,Cs,75.725,97.71,41.21,99.85,67.5,7.94,91.74,76.56,C,9.7,No,Yes,Unknown,High,3,5.4,23.78,Bajo,-56.5,84.62,7.89
S5279,Ali,Jones,student4279@university.com,Female,23,Mathematics,74.3,56.45,97.44,63.48,72.41,7.05,94.37,87.3,C,22.5,No,Yes,Unknown,Medium,3,5.1,30.25,Medio,40.99,75.19,3.88
S5280,Maria,Williams,student4280@university.com,Female,22,Engineering,71.32,74.66,86.53,74.81,90.7,2.81,90.81,69.52,A,27.5,No,Yes,Bachelor'S,Low,5,6.7,27.78,Bajo,11.87,71.1,2.53
S5281,Emma,Davis,student4281@university.com,Female,23,Business,85.63,58.54,48.95,74.81,95.88,1.55,97.9,70.39,A,9.6,No,Yes,High School,Medium,8,6.3,43.22,Medio,-9.59,71.02,7.33
S5282,Sara,Williams,student4282@university.com,Female,24,Business,75.725,84.69,44.58,91.08,67.88,7.51,92.28,53.16,B,5.9,No,Yes,Master'S,Low,9,5.2,42.92,Medio,-40.11,81.58,9.01
S5283,Emma,Williams,student4283@university.com,Male,20,Cs,59.26,42.87,58.49,53.2,73.11,2.34,73.1,59.5,C,14.5,Yes,Yes,Master'S,Medium,4,7.6,45.81,Medio,15.62,55.7,4.1
S5284,John,Jones,student4284@university.com,Male,20,Engineering,75.725,42.75,77.45,55.27,94.92,2.45,66.16,94.03,D,15.3,No,Yes,Bachelor'S,High,8,5.5,48.58,Medio,34.7,60.21,6.15
S5285,Maria,Brown,student4285@university.com,Male,24,Cs,75.725,88.65,76.99,54.51,52.35,6.44,79.21,90.92,F,21.1,Yes,Yes,Unknown,Medium,10,7.8,36.35,Medio,-11.66,62.62,4.31
S5286,Maria,Brown,student4286@university.com,Male,22,Cs,58.95,66.06,56.55,52.35,89.19,7.89,80.41,65.23,F,7.1,No,Yes,Unknown,Medium,5,8.2,44.89,Medio,-9.51,75.21,9.19
S5287,Ali,Smith,student4287@university.com,Male,22,Business,75.725,60.47,66.74,82.97,72.71,5.82,78.75,69.09,C,25.5,No,Yes,Unknown,Low,9,8.3,40.38,Medio,6.27,73.16,2.71
S5288,John,Jones,student4288@university.com,Female,21,Business,99.72,76.45,52.71,79.42,68.83,8.85,85.34,72.02,A,19.3,No,No,Unknown,Medium,3,4.7,16.96,Bajo,-23.74,80.52,3.73
S5289,Sara,Smith,student4289@university.com,Female,19,Business,82.61,82.11,43.03,83.14,72.35,2.11,84.95,67.3,A,18.6,No,Yes,Unknown,Low,8,5.5,32.71,Medio,-39.08,65.39,3.62
S5290,Omar,Jones,student4290@university.com,Male,19,Engineering,80.33,52.07,71.02,75.28,70.93,2.52,54.36,82.7,A,12.9,No,Yes,High School,Medium,5,6.6,38.7,Medio,18.95,56.44,6.41
S5291,Maria,Smith,student4291@university.com,Male,21,Cs,75.725,51.13,60.82,90.88,87.83,6.37,64.28,50.64,F,14.1,No,Yes,Phd,High,8,8.2,46.66,Medio,9.69,76.67,3.59
S5292,Maria,Johnson,student4292@university.com,Male,19,Cs,65.63,97.49,72.57,77.33,96.4,8.29,94.49,94.01,D,6.4,No,Yes,Bachelor'S,Medium,10,6.0,44.58,Medio,-24.92,87.78,14.69
S5293,Ali,Williams,student4293@university.com,Female,20,Cs,75.725,75.38,96.79,95.94,74.57,5.39,79.5,65.03,A,23.8,Yes,Yes,Master'S,High,1,7.3,18.98,Bajo,21.41,75.98,2.73
S5294,Ahmed,Williams,student4294@university.com,Female,21,Engineering,98.45,63.41,48.6,74.28,91.64,0.1,66.43,93.62,A,20.1,Yes,Yes,Phd,Low,9,6.3,34.25,Medio,-14.81,58.34,4.66
S5295,Liam,Davis,student4295@university.com,Male,21,Engineering,74.84,88.09,40.12,89.53,86.6,6.77,92.52,72.72,B,29.4,Yes,Yes,Unknown,Medium,5,4.1,21.57,Bajo,-47.97,84.09,2.47
S5296,Sara,Brown,student4296@university.com,Female,19,Cs,64.51,71.51,44.61,70.37,66.53,8.14,62.45,88.82,B,13.8,Yes,Yes,Phd,High,3,5.6,33.51,Medio,-26.9,70.19,6.44
S5297,Emma,Davis,student4297@university.com,Male,18,Mathematics,88.51,54.5,67.76,71.76,79.37,2.77,70.46,91.29,A,21.7,No,No,High School,Low,2,7.8,24.04,Bajo,13.26,62.32,4.21
S5298,John,Johnson,student4298@university.com,Female,19,Cs,75.725,52.4,82.42,92.45,83.34,0.54,63.81,65.06,D,28.0,Yes,Yes,High School,High,3,7.7,28.22,Bajo,30.02,61.25,2.32
S5299,Maria,Davis,student4299@university.com,Female,23,Business,75.725,63.81,74.85,74.81,51.17,5.18,93.57,82.02,F,22.8,No,Yes,Unknown,Low,1,8.4,22.95,Bajo,11.04,67.84,3.6
S5300,Maria,Williams,student4300@university.com,Male,18,Engineering,90.95,91.59,69.69,78.25,69.8,0.42,86.41,80.37,A,6.0,No,Yes,Unknown,High,6,7.0,28.8,Bajo,-21.9,59.66,13.4
S5301,Emma,Brown,student4301@university.com,Female,21,Cs,56.25,43.69,61.24,86.32,99.63,4.16,73.01,73.8,D,20.8,Yes,Yes,Bachelor'S,Low,7,7.8,50.14,Medio,17.55,75.14,3.55
S5302,Sara,Johnson,student4302@university.com,Female,18,Business,98.84,53.11,58.6,87.52,81.86,0.18,96.62,73.48,A,18.6,No,Yes,Master'S,Low,10,6.1,40.17,Medio,5.49,66.95,3.95
S5303,Liam,Williams,student4303@university.com,Male,20,Business,99.28,93.59,62.58,79.57,66.71,2.25,96.37,65.26,A,17.5,No,Yes,Unknown,Low,7,5.7,21.76,Bajo,-31.01,66.29,3.73
S5304,Ahmed,Smith,student4304@university.com,Female,22,Engineering,96.84,47.3,76.7,72.4,62.5,3.89,85.58,65.51,A,18.8,No,No,Phd,Low,2,5.7,24.74,Bajo,29.4,64.84,3.48
S5305,Maria,Jones,student4305@university.com,Male,18,Engineering,74.8,77.78,50.07,63.04,60.47,1.12,94.6,77.41,C,16.5,Yes,Yes,Unknown,High,3,4.8,26.68,Bajo,-27.71,57.33,4.69
S5306,Liam,Johnson,student4306@university.com,Female,23,Cs,62.3,52.81,86.28,95.47,70.08,1.14,85.97,51.61,A,22.3,No,Yes,Unknown,Low,4,6.2,37.87,Medio,33.47,65.73,2.31
S5307,Sara,Brown,student4307@university.com,Male,22,Engineering,79.1,76.35,74.52,68.49,59.66,8.27,81.41,96.68,D,5.4,No,Yes,Phd,Medium,10,8.1,46.71,Medio,-1.83,73.06,17.9
S5308,Emma,Davis,student4308@university.com,Male,20,Mathematics,71.0,62.99,56.15,89.95,56.76,0.41,71.04,82.5,D,9.7,No,Yes,Master'S,High,7,4.1,44.74,Medio,-6.84,55.46,8.51
S5309,Ali,Davis,student4309@university.com,Female,23,Cs,60.3,46.1,70.07,74.81,68.2,6.89,63.67,72.17,F,14.1,Yes,Yes,Unknown,High,10,6.9,58.02,Alto,23.97,68.9,5.12
S5310,Ahmed,Johnson,student4310@university.com,Female,24,Cs,71.18,74.95,97.77,61.61,80.35,8.14,53.01,53.09,B,16.3,No,Yes,Unknown,High,8,4.9,40.01,Medio,22.82,69.09,3.26
S5311,John,Brown,student4311@university.com,Male,22,Mathematics,75.725,80.98,41.23,67.28,57.32,1.31,90.04,81.5,B,8.3,No,Yes,Unknown,High,9,7.7,42.83,Medio,-39.75,56.94,9.82
S5312,Maria,Johnson,student4312@university.com,Female,24,Cs,53.55,80.82,51.97,74.81,52.22,1.95,56.11,50.89,F,25.5,Yes,Yes,Master'S,Low,6,4.7,35.37,Medio,-28.85,50.66,2.0
S5313,Sara,Brown,student4313@university.com,Female,20,Engineering,66.67,78.22,66.9,65.97,51.73,6.41,70.52,83.99,A,28.2,No,Yes,Bachelor'S,High,7,4.8,32.43,Medio,-11.32,63.08,2.98
S5314,Ali,Davis,student4314@university.com,Female,22,Engineering,50.89,70.01,78.31,52.07,63.37,3.16,61.73,53.63,D,23.8,Yes,Yes,Bachelor'S,Low,8,4.2,44.84,Medio,8.3,52.19,2.25
S5315,John,Williams,student4315@university.com,Male,22,Engineering,87.47,71.17,52.73,58.69,59.51,4.76,72.73,82.81,B,28.2,No,Yes,High School,Low,7,6.2,27.27,Bajo,-18.44,59.63,2.94
S5316,Omar,Smith,student4316@university.com,Male,19,Engineering,75.725,78.14,95.88,62.96,76.96,8.36,65.75,70.29,D,23.6,No,Yes,Unknown,Low,7,7.2,31.59,Medio,17.74,72.32,2.98
S5317,Sara,Williams,student4317@university.com,Male,23,Cs,53.13,81.42,78.55,58.8,72.79,1.38,91.48,83.13,F,16.0,No,No,Unknown,Medium,9,5.4,46.76,Medio,-2.87,59.22,5.2
S5318,Sara,Smith,student4318@university.com,Female,23,Cs,75.725,79.29,92.65,60.19,66.24,6.2,98.91,56.92,D,14.8,No,Yes,Master'S,Low,10,4.2,42.31,Medio,13.36,71.84,3.85
S5319,John,Davis,student4319@university.com,Female,18,Business,51.13,75.22,59.76,88.45,91.68,9.42,97.08,55.87,F,9.2,No,Yes,Master'S,Low,6,8.7,46.05,Medio,-15.46,92.85,6.07
S5320,Ali,Williams,student4320@university.com,Male,24,Business,79.5,49.35,89.74,70.6,75.25,0.57,81.12,62.37,A,7.2,No,Yes,Bachelor'S,Medium,1,8.3,33.77,Medio,40.39,58.17,8.66
S5321,Omar,Williams,student4321@university.com,Male,24,Engineering,88.82,52.64,62.69,74.81,54.58,0.6,98.96,70.58,B,10.5,Yes,No,Unknown,Medium,3,6.3,32.32,Medio,10.05,58.59,6.72
S5322,Liam,Johnson,student4322@university.com,Female,23,Engineering,89.39,55.61,55.17,98.33,64.79,5.55,70.04,62.65,A,18.3,Yes,Yes,Unknown,Low,5,8.1,31.77,Medio,-0.44,72.17,3.42
S5323,Liam,Jones,student4323@university.com,Female,23,Cs,51.71,95.18,94.7,72.34,98.67,9.6,76.12,54.1,F,8.4,No,Yes,Bachelor'S,Medium,9,8.0,46.93,Medio,-0.48,85.78,6.44
S5324,Emma,Davis,student4324@university.com,Female,22,Cs,95.32,85.56,45.53,96.38,98.85,2.2,62.84,66.25,A,28.8,No,Yes,Unknown,Low,1,6.8,6.57,Bajo,-40.03,70.02,2.3
S5325,Ali,Brown,student4325@university.com,Female,24,Business,75.725,73.17,96.57,64.95,62.73,3.31,94.9,85.29,B,10.5,No,Yes,High School,Medium,2,6.6,28.52,Bajo,23.4,63.92,8.12
S5326,Ahmed,Davis,student4326@university.com,Male,21,Engineering,78.07,55.12,67.51,70.03,58.36,0.99,58.99,79.15,B,25.8,No,Yes,Unknown,Medium,3,7.3,27.68,Bajo,12.39,49.32,3.07
S5327,Maria,Brown,student4327@university.com,Female,19,Cs,74.1,46.65,99.56,69.81,74.78,3.62,80.52,98.17,B,25.5,No,Yes,High School,High,4,7.6,33.99,Medio,52.91,65.33,3.85
S5328,John,Brown,student4328@university.com,Female,18,Cs,52.24,93.93,72.38,77.3,74.07,0.44,89.97,71.8,C,8.5,No,Yes,Unknown,High,6,8.1,40.4,Medio,-21.55,61.44,8.45
S5329,Emma,Smith,student4329@university.com,Male,19,Cs,78.1,93.56,85.45,79.21,70.51,3.89,79.77,66.64,D,22.8,No,Yes,Unknown,Low,7,6.9,26.53,Bajo,-8.11,67.1,2.92
S5330,Omar,Brown,student4330@university.com,Male,18,Cs,70.47,46.64,40.42,62.41,76.47,5.55,53.94,84.68,A,25.6,Yes,Yes,Unknown,Low,7,7.7,41.88,Medio,-6.22,62.08,3.31
S5331,John,Brown,student4331@university.com,Female,20,Business,88.64,87.83,69.8,89.68,61.61,9.75,80.57,70.6,A,27.1,No,No,Master'S,High,2,4.9,11.3,Bajo,-18.03,82.34,2.61
S5332,John,Johnson,student4332@university.com,Male,22,Mathematics,75.725,66.8,84.25,74.83,55.75,8.18,88.35,80.92,C,28.8,Yes,Yes,Bachelor'S,Medium,3,7.7,23.5,Bajo,17.45,75.18,2.81
S5333,Ali,Williams,student4333@university.com,Female,23,Business,84.18,59.44,86.97,50.35,78.52,8.22,59.39,97.31,D,28.3,Yes,Yes,Unknown,Medium,1,4.3,18.56,Bajo,27.53,67.61,3.44
S5334,Maria,Davis,student4334@university.com,Female,23,Mathematics,55.07,84.35,49.48,79.57,96.63,2.28,86.85,74.96,D,12.8,No,Yes,Unknown,Medium,1,7.3,29.02,Bajo,-34.87,71.46,5.86
S5335,Ahmed,Davis,student4335@university.com,Male,21,Mathematics,56.65,76.86,65.14,89.9,56.89,0.87,93.93,74.91,D,11.7,No,Yes,High School,Medium,6,7.6,42.38,Medio,-11.72,62.36,6.4
S5336,Liam,Brown,student4336@university.com,Male,24,Engineering,56.99,86.8,65.14,62.52,85.24,6.03,99.32,88.76,D,14.9,Yes,Yes,Master'S,Low,4,8.8,33.23,Medio,-21.66,76.84,5.96
S5337,Sara,Jones,student4337@university.com,Female,24,Cs,52.28,44.46,46.22,51.89,71.89,5.21,70.5,87.8,D,16.6,No,Yes,Bachelor'S,Medium,10,6.1,60.06,Alto,1.76,61.6,5.29
S5338,Sara,Davis,student4338@university.com,Male,19,Business,77.07,59.12,66.58,90.36,64.7,5.17,51.26,75.81,B,10.8,No,Yes,Unknown,High,4,4.6,36.56,Medio,7.46,64.5,7.02
S5339,John,Brown,student4339@university.com,Female,19,Cs,89.7,59.16,88.43,98.81,92.66,1.09,70.95,53.24,A,7.2,No,Yes,Phd,Low,9,5.7,45.03,Medio,29.27,68.33,7.39
S5340,Liam,Smith,student4340@university.com,Female,19,Cs,80.52,59.79,58.01,53.83,72.82,4.94,83.01,99.04,F,21.4,Yes,Yes,Unknown,Low,8,6.1,38.74,Medio,-1.78,64.76,4.63
S5341,Liam,Smith,student4341@university.com,Female,24,Cs,78.75,70.15,65.95,96.9,79.17,1.5,94.57,68.87,F,9.4,No,No,High School,Medium,3,7.8,31.14,Medio,-4.2,71.41,7.33
S5342,Maria,Smith,student4342@university.com,Male,23,Engineering,84.03,56.98,97.66,67.96,72.15,4.22,96.91,65.84,C,27.9,No,Yes,Phd,High,3,4.9,23.99,Bajo,40.68,69.81,2.36
S5343,Omar,Brown,student4343@university.com,Female,24,Cs,66.98,66.66,41.9,97.07,54.06,0.62,95.48,99.08,A,12.2,No,Yes,Unknown,High,8,4.8,46.01,Medio,-24.76,63.2,8.12
S5344,Omar,Johnson,student4344@university.com,Female,19,Cs,68.1,62.07,75.49,82.44,79.75,8.57,82.9,93.61,D,9.9,No,Yes,Master'S,Medium,2,5.1,34.82,Medio,13.42,82.7,9.46
S5345,Emma,Jones,student4345@university.com,Female,22,Engineering,65.71,84.12,84.61,94.51,70.94,0.13,84.13,66.51,D,9.9,No,Yes,High School,Medium,10,5.2,46.82,Medio,0.49,62.72,6.72
S5346,Ali,Brown,student4346@university.com,Male,18,Business,85.61,76.21,85.65,89.29,54.34,9.39,50.12,65.42,B,12.2,No,Yes,Master'S,High,5,8.6,29.96,Bajo,9.44,71.91,5.36
S5347,Maria,Johnson,student4347@university.com,Female,23,Engineering,58.08,79.22,82.96,51.4,79.79,8.63,68.19,86.05,D,20.3,No,Yes,Unknown,Low,6,4.8,36.87,Medio,3.74,71.42,4.24
S5348,Maria,Johnson,student4348@university.com,Female,22,Business,50.65,52.64,83.59,53.27,50.49,7.53,95.34,66.72,F,29.5,No,No,Bachelor'S,High,5,6.1,40.62,Medio,30.95,68.6,2.26
S5349,Ali,Davis,student4349@university.com,Female,20,Cs,79.81,59.53,43.54,76.29,60.43,9.83,84.48,62.57,B,17.2,No,Yes,Phd,Low,1,6.0,25.61,Bajo,-15.99,79.88,3.64
S5350,Liam,Brown,student4350@university.com,Male,22,Cs,97.12,41.27,72.05,56.48,89.05,0.54,73.4,98.98,B,20.0,No,Yes,High School,Medium,5,4.6,32.52,Medio,30.78,56.08,4.95
S5351,Omar,Brown,student4351@university.com,Female,22,Engineering,80.47,46.5,86.98,73.05,51.9,6.42,55.21,78.29,B,26.1,Yes,Yes,Unknown,High,9,4.5,42.61,Medio,40.48,61.09,3.0
S5352,Omar,Johnson,student4352@university.com,Female,20,Engineering,89.15,55.9,45.64,97.73,82.33,8.49,62.32,88.12,A,13.4,No,Yes,High School,Medium,10,8.5,45.33,Medio,-10.26,81.82,6.58
S5353,Liam,Johnson,student4353@university.com,Male,22,Engineering,83.64,43.93,40.72,74.81,97.49,1.27,77.75,85.65,F,9.5,Yes,Yes,Phd,Low,2,8.2,35.02,Medio,-3.21,65.69,9.02
S5354,Omar,Johnson,student4354@university.com,Male,18,Business,74.87,76.16,88.87,74.45,58.56,5.85,94.88,87.78,B,15.8,No,No,Bachelor'S,High,3,8.7,27.49,Bajo,12.71,71.6,5.56
S5355,John,Davis,student4355@university.com,Female,23,Business,85.92,99.89,82.74,69.21,70.86,3.94,54.79,95.17,A,13.0,No,Yes,Unknown,Medium,6,5.6,24.57,Bajo,-17.15,58.56,7.32
S5356,Maria,Brown,student4356@university.com,Female,21,Mathematics,91.21,46.05,64.73,81.49,78.77,4.36,57.69,75.04,A,26.7,Yes,No,Phd,Low,3,6.6,25.36,Bajo,18.68,65.39,2.81
S5357,Sara,Johnson,student4357@university.com,Female,24,Cs,61.24,89.27,96.42,59.69,72.52,9.13,82.75,87.67,B,29.4,Yes,Yes,Unknown,Low,6,5.3,28.2,Bajo,7.15,76.56,2.98
S5358,Ali,Smith,student4358@university.com,Male,20,Cs,75.725,47.13,86.0,74.81,81.02,5.39,64.71,89.84,D,22.2,No,Yes,High School,Low,7,6.0,41.59,Medio,38.87,68.61,4.05
S5359,Omar,Brown,student4359@university.com,Male,23,Engineering,61.19,80.19,98.07,92.94,70.2,0.93,58.49,97.32,A,21.3,No,Yes,Unknown,Low,3,8.0,28.32,Bajo,17.88,57.73,4.57
S5360,Emma,Davis,student4360@university.com,Female,19,Cs,72.61,78.59,95.76,90.57,57.43,9.37,58.92,85.65,D,22.9,Yes,Yes,Phd,Medium,4,6.4,26.23,Bajo,17.17,75.16,3.74
S5361,Omar,Smith,student4361@university.com,Male,18,Cs,75.725,94.16,68.88,89.46,54.45,1.85,74.63,94.63,C,16.7,No,Yes,Phd,Medium,6,4.5,28.01,Bajo,-25.28,59.26,5.67
S5362,Omar,Williams,student4362@university.com,Female,21,Cs,67.26,46.84,85.28,88.55,87.22,8.93,79.19,54.75,B,20.7,Yes,Yes,Bachelor'S,High,1,4.0,32.06,Medio,38.44,86.06,2.64
S5363,Ahmed,Brown,student4363@university.com,Female,18,Cs,75.725,58.93,80.15,72.97,61.93,9.71,95.22,56.3,B,6.8,Yes,Yes,Phd,Medium,1,5.2,32.42,Medio,21.22,81.81,8.28
S5364,John,Williams,student4364@university.com,Male,18,Cs,93.02,45.45,88.69,86.44,92.37,8.78,76.49,57.92,A,17.3,No,Yes,Unknown,Low,5,4.9,34.05,Medio,43.24,85.78,3.35
S5365,Ali,Johnson,student4365@university.com,Female,19,Cs,75.77,64.44,87.26,69.36,87.15,6.77,84.56,57.24,A,13.3,Yes,Yes,Phd,Low,8,8.0,43.05,Medio,22.82,77.19,4.3
S5366,Ahmed,Davis,student4366@university.com,Male,21,Engineering,76.77,94.7,49.19,55.04,52.47,7.44,59.03,54.38,F,6.3,No,Yes,Unknown,Low,1,7.3,21.57,Bajo,-45.51,60.24,8.63
S5367,Ahmed,Johnson,student4367@university.com,Male,24,Engineering,93.04,86.89,54.02,74.81,60.06,7.0,85.67,56.13,A,18.6,No,Yes,Bachelor'S,High,1,8.2,12.07,Bajo,-32.87,72.64,3.02
S5368,Emma,Davis,student4368@university.com,Female,18,Business,74.53,83.37,55.94,57.93,64.6,4.61,82.43,99.8,C,14.0,Yes,Yes,Unknown,Low,1,6.1,21.9,Bajo,-27.43,62.76,7.13
S5369,Maria,Jones,student4369@university.com,Male,19,Engineering,84.08,71.98,89.11,69.54,79.72,2.74,60.81,63.61,A,19.8,Yes,Yes,Unknown,Medium,10,6.9,39.08,Medio,17.13,59.37,3.21
S5370,Emma,Johnson,student4370@university.com,Female,20,Cs,54.28,93.01,88.64,64.87,90.49,2.85,83.47,73.9,F,17.8,No,Yes,Unknown,Medium,1,6.1,24.2,Bajo,-4.37,66.83,4.15
S5371,Maria,Williams,student4371@university.com,Male,19,Cs,58.93,66.97,69.72,79.96,53.02,7.31,60.57,91.08,C,11.9,No,No,Unknown,High,9,5.1,51.11,Medio,2.75,66.66,7.65
S5372,Maria,Davis,student4372@university.com,Female,22,Cs,70.22,48.98,74.85,68.08,62.48,6.26,79.68,55.92,B,18.5,No,Yes,Master'S,Low,2,7.2,33.7,Medio,25.87,68.21,3.02
S5373,Ali,Johnson,student4373@university.com,Female,23,Business,74.74,90.26,89.62,85.28,68.81,5.85,83.44,65.87,B,14.5,No,Yes,Unknown,Low,6,5.9,30.62,Medio,-0.64,74.01,4.54
S5374,Omar,Brown,student4374@university.com,Female,19,Business,98.29,56.78,58.76,75.61,59.17,6.53,84.67,57.96,A,28.0,No,Yes,Phd,Low,2,5.2,16.79,Bajo,1.98,71.19,2.07
S5375,Ali,Davis,student4375@university.com,Male,19,Cs,98.53,43.22,43.01,95.97,77.26,7.75,95.46,53.13,A,14.4,No,Yes,Master'S,Low,5,8.7,34.24,Medio,-0.21,86.55,3.69
S5376,John,Davis,student4376@university.com,Female,19,Cs,92.56,47.56,68.96,74.81,73.9,7.48,97.39,98.04,B,6.0,Yes,Yes,Unknown,Medium,5,4.5,39.22,Medio,21.4,80.23,16.34
S5377,Maria,Johnson,student4377@university.com,Male,24,Mathematics,65.78,76.54,94.82,84.39,65.82,1.05,90.51,92.92,D,24.1,No,Yes,Unknown,Medium,9,7.9,39.74,Medio,18.28,62.8,3.86
S5378,Ahmed,Jones,student4378@university.com,Male,18,Engineering,98.2,76.42,87.43,74.81,75.84,3.63,93.94,93.96,A,29.1,No,Yes,Bachelor'S,Medium,4,6.7,14.82,Bajo,11.01,70.22,3.23
S5379,Omar,Johnson,student4379@university.com,Male,24,Business,75.725,55.61,62.0,74.81,67.79,2.64,50.97,93.43,C,9.2,No,Yes,Unknown,Low,6,7.8,43.32,Medio,6.39,54.99,10.16
S5380,Sara,Williams,student4380@university.com,Male,21,Cs,69.65,83.63,43.89,68.58,67.16,5.38,68.13,57.73,A,29.3,Yes,Yes,Unknown,Medium,4,4.4,22.55,Bajo,-39.74,64.42,1.97
S5381,John,Williams,student4381@university.com,Male,19,Cs,85.08,86.42,78.22,65.27,63.27,0.61,51.99,89.25,A,20.4,No,Yes,Bachelor'S,Low,6,6.0,25.21,Bajo,-8.2,46.66,4.38
S5382,Ali,Davis,student4382@university.com,Female,19,Business,50.83,95.23,90.07,74.81,77.02,7.62,61.24,86.39,D,26.2,No,Yes,Master'S,High,3,8.0,24.98,Bajo,-5.16,72.32,3.3
S5383,Emma,Davis,student4383@university.com,Male,22,Engineering,57.31,75.1,79.9,63.26,72.21,1.07,69.09,96.27,D,16.8,Yes,Yes,Master'S,High,4,8.1,35.68,Medio,4.8,53.82,5.73
S5384,John,Johnson,student4384@university.com,Female,22,Engineering,91.48,86.77,65.5,75.09,59.82,2.71,93.38,60.97,A,20.6,No,Yes,Unknown,Medium,9,7.9,29.43,Bajo,-21.27,63.85,2.96
S5385,John,Williams,student4385@university.com,Female,20,Engineering,82.28,85.19,47.4,74.81,50.65,7.83,75.59,70.7,D,26.0,Yes,Yes,Phd,Low,1,7.7,12.64,Bajo,-37.79,69.84,2.72
S5386,Omar,Williams,student4386@university.com,Male,20,Engineering,68.21,55.47,94.65,74.81,57.55,0.52,82.44,64.75,B,29.6,No,Yes,Phd,High,7,5.9,38.02,Medio,39.18,55.0,2.19
S5387,John,Jones,student4387@university.com,Female,22,Business,75.03,58.61,56.56,57.89,52.14,6.6,68.14,62.9,F,9.6,No,Yes,High School,High,3,7.6,35.8,Medio,-2.05,61.04,6.55
S5388,John,Brown,student4388@university.com,Female,21,Cs,95.26,68.71,53.46,63.61,71.58,9.24,80.15,82.62,B,27.5,No,Yes,Bachelor'S,Low,9,4.5,30.07,Medio,-15.25,76.94,3.0
S5389,Sara,Jones,student4389@university.com,Male,20,Cs,81.58,41.14,88.96,55.05,61.25,6.18,90.78,58.2,B,21.7,No,Yes,Master'S,Medium,7,4.8,41.59,Medio,47.82,67.22,2.68
S5390,Liam,Smith,student4390@university.com,Female,23,Business,69.91,57.84,98.87,96.33,71.02,7.13,65.06,73.24,C,28.7,No,Yes,High School,Low,2,6.7,26.05,Bajo,41.03,75.93,2.55
S5391,Emma,Jones,student4391@university.com,Male,23,Cs,56.02,68.43,79.61,93.63,66.47,7.92,96.61,82.33,D,13.0,No,Yes,Phd,Low,5,6.7,42.25,Medio,11.18,83.98,6.33
S5392,Emma,Johnson,student4392@university.com,Male,21,Engineering,75.725,46.48,77.49,65.42,76.9,2.22,60.67,56.52,D,11.1,Yes,Yes,Bachelor'S,Low,1,6.4,34.0,Medio,31.01,56.3,5.09
S5393,Emma,Brown,student4393@university.com,Male,22,Business,98.92,47.58,59.17,62.35,86.19,5.81,95.97,62.85,A,14.1,Yes,Yes,Phd,Medium,1,7.7,24.05,Bajo,11.59,75.65,4.46
S5394,Maria,Johnson,student4394@university.com,Female,20,Mathematics,71.87,67.79,41.22,95.27,73.97,3.09,51.41,98.37,D,27.1,No,Yes,Unknown,Low,7,6.8,34.29,Medio,-26.57,62.89,3.63
S5395,Ahmed,Smith,student4395@university.com,Female,19,Engineering,73.59,83.86,51.51,50.09,53.1,2.49,77.14,89.77,A,16.5,No,Yes,Phd,Low,7,4.3,34.17,Medio,-32.35,51.31,5.44
S5396,Liam,Brown,student4396@university.com,Female,22,Engineering,74.93,90.02,75.07,80.03,50.88,1.92,99.26,83.85,B,28.8,No,No,Unknown,Low,8,8.4,27.92,Bajo,-14.95,62.34,2.91
S5397,Emma,Davis,student4397@university.com,Female,20,Business,94.21,72.78,49.08,95.8,60.66,5.85,80.49,92.8,A,11.1,No,Yes,Master'S,Low,8,7.1,35.2,Medio,-23.7,73.86,8.36
S5398,John,Williams,student4398@university.com,Male,21,Business,80.2,68.48,93.03,74.81,71.25,7.95,77.74,50.7,D,10.5,No,Yes,Bachelor'S,Medium,7,8.5,39.47,Medio,24.55,75.82,4.83
S5399,John,Jones,student4399@university.com,Male,23,Business,84.68,63.06,51.29,50.15,52.25,8.76,84.12,50.3,F,22.0,No,Yes,Master'S,Medium,3,6.1,24.89,Bajo,-11.77,68.53,2.29
S5400,Emma,Johnson,student4400@university.com,Female,21,Engineering,69.47,51.58,71.33,60.94,66.39,4.29,64.47,57.7,B,12.3,No,Yes,Bachelor'S,Low,3,4.0,38.51,Medio,19.75,58.68,4.69
S5401,Omar,Smith,student4401@university.com,Male,20,Cs,51.45,48.79,70.72,96.12,94.35,3.73,52.7,74.76,D,8.2,Yes,Yes,Bachelor'S,Low,2,7.8,45.48,Medio,21.93,70.12,9.12
S5402,Emma,Williams,student4402@university.com,Female,21,Engineering,96.55,87.51,76.24,50.85,54.5,6.87,62.55,78.5,A,14.4,No,Yes,Master'S,Medium,1,6.8,12.75,Bajo,-11.27,59.15,5.45
S5403,John,Jones,student4403@university.com,Male,20,Business,97.46,67.9,59.65,69.74,97.43,7.8,58.81,55.68,B,11.7,No,Yes,Unknown,High,8,4.1,35.22,Medio,-8.25,76.0,4.76
S5404,Maria,Williams,student4404@university.com,Male,20,Business,97.46,87.42,92.41,89.49,92.83,2.53,96.18,53.61,A,15.3,No,Yes,Bachelor'S,Medium,6,6.9,23.12,Bajo,4.99,75.95,3.5
S5405,Ali,Jones,student4405@university.com,Male,21,Cs,75.725,82.24,66.66,74.81,91.59,2.97,92.61,91.42,F,9.7,No,Yes,Bachelor'S,Low,5,8.7,32.86,Medio,-15.58,72.18,9.42
S5406,Ali,Davis,student4406@university.com,Male,18,Engineering,90.76,51.63,82.01,73.88,93.18,5.33,65.89,73.22,B,28.9,Yes,Yes,High School,Medium,1,5.0,18.29,Bajo,30.38,71.56,2.53
S5407,Liam,Brown,student4407@university.com,Male,19,Engineering,84.23,70.62,78.15,61.62,54.0,4.44,91.8,99.62,B,25.0,Yes,Yes,Phd,Low,5,5.4,25.72,Bajo,7.53,62.96,3.98
S5408,Liam,Williams,student4408@university.com,Female,22,Mathematics,92.23,66.64,47.03,79.99,57.56,7.06,60.59,61.47,A,26.0,No,Yes,High School,Low,10,7.2,34.73,Medio,-19.61,67.18,2.36
S5409,Emma,Williams,student4409@university.com,Female,23,Engineering,80.03,65.43,77.36,63.19,56.72,5.04,59.98,82.36,F,12.4,No,Yes,Bachelor'S,Medium,8,8.1,41.72,Medio,11.93,57.57,6.64
S5410,Sara,Williams,student4410@university.com,Male,19,Engineering,75.725,72.55,73.04,62.76,55.56,1.12,88.38,90.22,A,26.4,Yes,Yes,Bachelor'S,Low,8,7.2,34.09,Medio,0.49,54.47,3.42
S5411,Emma,Brown,student4411@university.com,Female,22,Cs,69.56,98.92,93.92,90.38,66.39,1.66,66.35,93.63,B,19.8,No,Yes,Unknown,High,10,7.4,36.08,Medio,-5.0,59.93,4.73
S5412,Omar,Smith,student4412@university.com,Male,22,Engineering,98.56,88.77,92.85,57.71,91.51,9.02,53.24,65.32,B,6.4,Yes,Yes,Unknown,High,6,5.6,26.78,Bajo,4.08,73.16,10.21
S5413,Emma,Jones,student4413@university.com,Male,23,Cs,67.56,94.22,49.06,50.28,62.6,2.27,86.0,59.66,C,8.8,Yes,Yes,High School,Low,2,4.1,25.91,Bajo,-45.16,55.4,6.78
S5414,Liam,Davis,student4414@university.com,Male,19,Business,75.725,41.78,44.9,66.84,62.21,0.5,99.48,61.3,A,16.1,No,Yes,Phd,High,2,8.2,35.13,Medio,3.12,58.38,3.81
S5415,Ali,Williams,student4415@university.com,Male,23,Business,54.66,48.42,57.68,74.55,83.79,7.31,78.3,83.34,C,14.8,No,Yes,Unknown,Low,2,9.0,41.17,Medio,9.26,77.44,5.63
S5416,John,Brown,student4416@university.com,Female,20,Engineering,66.71,45.09,99.2,85.25,54.85,6.84,63.18,76.12,F,24.9,No,Yes,Master'S,Medium,8,8.3,46.23,Medio,54.11,67.92,3.06
S5417,Emma,Smith,student4417@university.com,Male,23,Engineering,67.55,55.79,41.29,89.06,68.01,6.0,68.65,79.95,C,26.8,No,Yes,Bachelor'S,Medium,8,6.0,41.78,Medio,-14.5,71.43,2.98
S5418,John,Jones,student4418@university.com,Female,21,Business,52.58,66.51,80.37,83.18,64.77,5.02,82.43,51.03,F,26.6,Yes,Yes,Unknown,Medium,8,5.8,43.9,Medio,13.86,70.14,1.92
S5419,John,Brown,student4419@university.com,Male,18,Cs,55.95,78.52,76.51,81.33,92.37,9.7,85.07,69.55,D,14.4,Yes,No,Master'S,Low,1,8.8,29.66,Bajo,-2.01,88.94,4.83
S5420,Sara,Davis,student4420@university.com,Male,18,Cs,75.725,70.05,78.79,83.29,75.73,1.2,94.32,65.51,A,20.9,Yes,No,Unknown,High,9,8.9,39.81,Medio,8.74,66.34,3.13
S5421,John,Davis,student4421@university.com,Female,18,Mathematics,75.725,94.19,53.1,63.58,82.32,5.1,95.44,93.19,F,17.4,No,Yes,Unknown,Low,10,7.1,36.54,Medio,-41.09,73.08,5.36
S5422,Ali,Jones,student4422@university.com,Male,19,Business,53.17,96.39,53.6,74.81,56.45,5.64,93.06,88.81,F,27.2,Yes,Yes,Bachelor'S,Medium,4,6.6,25.54,Bajo,-42.79,70.18,3.27
S5423,Maria,Williams,student4423@university.com,Male,19,Business,64.94,49.81,65.84,80.82,96.45,0.22,82.42,71.48,A,27.2,No,Yes,High School,Medium,9,6.6,46.51,Medio,16.03,65.47,2.63
S5424,Maria,Davis,student4424@university.com,Female,20,Cs,50.51,91.17,45.75,53.28,66.12,4.12,72.49,81.53,F,6.3,Yes,Yes,Bachelor'S,High,7,5.0,45.15,Medio,-45.42,58.27,12.94
S5425,Ahmed,Smith,student4425@university.com,Female,24,Cs,84.78,68.9,44.48,74.81,85.34,7.83,83.97,52.38,C,19.3,No,Yes,Unknown,Medium,3,7.6,24.45,Bajo,-24.42,80.6,2.71
S5426,Omar,Brown,student4426@university.com,Female,18,Cs,81.02,67.2,45.3,70.32,97.73,4.71,83.33,81.86,F,17.6,No,Yes,Phd,Medium,10,4.9,42.68,Medio,-21.9,74.62,4.65
S5427,Emma,Smith,student4427@university.com,Male,20,Cs,82.25,87.1,74.38,76.67,75.43,8.75,60.9,54.86,F,24.3,No,Yes,Bachelor'S,Low,10,5.0,32.93,Medio,-12.72,75.12,2.26
S5428,Omar,Williams,student4428@university.com,Male,24,Business,68.72,45.59,63.86,74.32,75.38,6.45,75.38,85.7,F,9.9,No,Yes,Unknown,Medium,3,7.4,41.77,Medio,18.27,72.4,8.66
S5429,Ali,Smith,student4429@university.com,Female,18,Cs,60.41,92.95,57.62,85.91,55.86,7.66,60.41,78.69,A,22.4,Yes,Yes,Master'S,Medium,2,8.3,21.99,Bajo,-35.33,69.69,3.51
S5430,John,Smith,student4430@university.com,Female,19,Business,86.02,80.25,58.95,73.67,69.51,8.04,94.96,65.02,A,23.5,Yes,Yes,Master'S,Medium,7,7.3,27.4,Bajo,-21.3,79.63,2.77
S5431,Maria,Johnson,student4431@university.com,Male,24,Cs,75.725,92.52,52.44,74.81,92.62,6.9,66.16,68.54,C,5.7,No,Yes,Phd,Low,8,6.4,38.45,Medio,-40.08,75.65,12.02
S5432,Omar,Smith,student4432@university.com,Male,21,Cs,56.93,99.67,64.69,69.02,56.76,7.49,90.27,54.5,F,15.8,Yes,Yes,Phd,Low,1,7.5,22.27,Bajo,-34.98,72.74,3.45
S5433,Ali,Jones,student4433@university.com,Female,21,Mathematics,74.34,71.08,52.18,76.27,95.88,6.95,68.86,66.14,C,29.5,Yes,Yes,Unknown,Low,7,6.3,31.24,Medio,-18.9,77.63,2.24
S5434,Maria,Brown,student4434@university.com,Female,21,Cs,62.44,45.6,81.88,50.16,83.37,5.5,88.19,98.34,F,12.5,No,Yes,Unknown,Medium,2,7.3,40.44,Medio,36.28,69.18,7.87
S5435,John,Johnson,student4435@university.com,Female,23,Cs,75.725,49.99,47.44,65.52,71.05,5.67,61.05,74.31,C,27.1,No,Yes,Phd,High,7,7.9,38.28,Medio,-2.55,63.58,2.74
S5436,Omar,Brown,student4436@university.com,Female,21,Cs,86.72,59.42,96.89,74.81,77.32,1.9,88.19,73.71,A,19.7,No,Yes,Unknown,Medium,6,4.1,33.08,Medio,37.47,64.83,3.74
S5437,Maria,Brown,student4437@university.com,Male,22,Cs,76.9,46.21,45.39,66.68,57.52,8.27,58.98,81.46,D,12.4,No,Yes,Bachelor'S,Medium,9,5.1,50.8,Medio,-0.82,66.47,6.57
S5438,Emma,Williams,student4438@university.com,Male,18,Engineering,60.81,88.92,96.61,62.66,60.87,3.12,74.54,74.22,A,25.9,No,Yes,Unknown,High,7,7.5,32.42,Medio,7.69,57.32,2.87
S5439,Liam,Williams,student4439@university.com,Male,21,Cs,65.5,57.81,90.0,77.18,64.32,5.36,55.68,67.78,F,29.8,No,Yes,High School,Medium,9,6.0,42.61,Medio,32.19,62.7,2.27
S5440,Emma,Johnson,student4440@university.com,Male,24,Engineering,98.33,98.55,80.84,74.81,69.24,2.5,76.39,56.98,A,23.6,No,Yes,Phd,Low,5,6.6,13.11,Bajo,-17.71,61.36,2.41
S5441,Ahmed,Davis,student4441@university.com,Female,22,Business,92.43,82.16,94.74,76.58,95.78,6.96,91.04,81.52,A,6.5,Yes,No,Bachelor'S,Medium,6,7.4,30.86,Medio,12.58,83.25,12.54
S5442,Ahmed,Williams,student4442@university.com,Male,22,Engineering,94.0,50.41,48.35,65.18,68.38,9.75,87.78,87.45,A,6.3,No,Yes,Unknown,Medium,6,6.6,39.94,Medio,-2.06,79.71,13.88
S5443,Maria,Williams,student4443@university.com,Female,22,Cs,73.0,68.56,50.58,69.16,76.19,8.02,52.54,96.16,D,17.3,No,Yes,Master'S,High,3,8.2,29.68,Bajo,-17.98,69.52,5.56
S5444,Liam,Williams,student4444@university.com,Male,20,Engineering,81.19,68.01,55.13,89.57,58.1,6.19,74.61,50.15,C,5.2,No,No,Phd,High,3,5.9,33.02,Medio,-12.88,71.04,9.64
S5445,Ali,Brown,student4445@university.com,Male,24,Cs,68.84,69.55,54.69,74.81,86.8,5.68,92.61,53.33,F,21.9,No,Yes,Master'S,High,1,7.5,24.09,Bajo,-14.86,77.76,2.44
S5446,Emma,Johnson,student4446@university.com,Male,20,Engineering,53.89,72.14,58.65,72.31,78.01,4.9,82.51,94.97,F,5.4,Yes,No,Unknown,Low,4,6.1,43.46,Medio,-13.49,70.46,17.59
S5447,Ali,Brown,student4447@university.com,Female,22,Engineering,70.05,41.87,74.54,78.88,72.0,2.05,52.96,81.56,C,29.3,No,Yes,Master'S,Low,3,6.6,32.72,Medio,32.67,56.08,2.78
S5448,Liam,Jones,student4448@university.com,Male,23,Cs,79.7,81.18,41.69,88.34,97.36,3.48,66.28,97.9,B,27.0,Yes,No,Phd,Medium,7,4.6,27.58,Bajo,-39.49,71.69,3.63
S5449,Ali,Brown,student4449@university.com,Female,21,Business,64.36,69.23,62.94,87.29,94.53,4.06,77.83,71.54,B,25.4,No,Yes,Unknown,Low,6,8.2,35.12,Medio,-6.29,75.06,2.82
S5450,Liam,Jones,student4450@university.com,Female,18,Mathematics,92.4,87.46,54.78,59.27,82.98,9.45,58.63,70.83,B,25.3,No,Yes,High School,Medium,9,5.6,26.55,Bajo,-32.68,73.84,2.8
S5451,Maria,Smith,student4451@university.com,Male,24,Business,57.56,88.92,76.4,74.81,96.09,4.26,84.1,67.21,C,25.9,No,Yes,Bachelor'S,Medium,10,5.5,40.23,Medio,-12.52,74.4,2.59
S5452,Ali,Smith,student4452@university.com,Female,23,Cs,68.36,53.83,99.11,67.41,78.24,5.86,81.74,57.14,C,15.9,No,Yes,High School,Medium,3,4.4,36.42,Medio,45.28,71.5,3.59
S5453,Emma,Jones,student4453@university.com,Male,19,Engineering,56.25,42.91,71.06,59.38,91.35,9.22,60.12,68.93,C,24.8,No,Yes,Bachelor'S,Medium,6,6.5,46.15,Medio,28.15,75.76,2.78
S5454,John,Jones,student4454@university.com,Female,20,Mathematics,70.24,82.19,65.54,50.61,70.47,5.18,77.52,50.73,C,14.2,Yes,Yes,High School,Medium,9,6.1,41.44,Medio,-16.65,62.6,3.57
S5455,Ahmed,Brown,student4455@university.com,Male,21,Cs,51.98,98.67,62.09,58.7,54.34,2.51,90.59,75.47,C,26.2,Yes,Yes,Phd,Medium,10,4.5,39.11,Medio,-36.58,57.18,2.88
S5456,John,Jones,student4456@university.com,Female,21,Business,63.63,66.8,87.1,90.41,99.71,3.81,68.74,92.36,B,20.4,No,Yes,Phd,Medium,3,7.8,31.93,Medio,20.3,74.24,4.53
S5457,Ali,Johnson,student4457@university.com,Female,19,Cs,70.04,55.58,44.32,77.3,58.28,3.76,62.35,66.06,D,14.0,No,Yes,Master'S,High,9,4.3,49.59,Medio,-11.26,58.88,4.72
S5458,John,Smith,student4458@university.com,Male,19,Cs,75.725,49.4,97.59,67.08,62.58,7.15,85.06,54.73,C,23.6,Yes,Yes,Bachelor'S,High,3,4.7,31.32,Medio,48.19,71.56,2.32
S5459,Emma,Smith,student4459@university.com,Male,24,Business,77.18,57.25,65.08,80.42,58.16,2.96,53.54,98.69,B,11.1,No,Yes,Unknown,Low,1,6.3,30.26,Medio,7.83,55.43,8.89
S5460,Emma,Davis,student4460@university.com,Male,21,Business,63.75,59.68,58.82,74.81,66.87,7.3,91.63,56.45,A,29.1,No,Yes,Phd,High,3,5.8,29.68,Bajo,-0.86,76.58,1.94
S5461,Ali,Jones,student4461@university.com,Male,19,Business,76.15,65.43,98.44,67.72,64.46,8.89,97.17,76.43,B,21.6,Yes,Yes,Bachelor'S,Low,5,5.4,31.81,Medio,33.01,79.56,3.54
S5462,Maria,Williams,student4462@university.com,Female,21,Mathematics,75.45,79.32,96.15,73.3,80.06,3.36,98.24,90.46,F,15.0,Yes,Yes,Phd,Medium,8,6.8,37.85,Medio,16.83,71.3,6.03
S5463,John,Williams,student4463@university.com,Female,23,Cs,65.81,56.39,78.52,53.21,99.82,1.35,71.63,62.62,C,18.8,No,Yes,Unknown,High,1,6.6,30.65,Medio,22.13,59.54,3.33
S5464,Maria,Jones,student4464@university.com,Female,24,Cs,91.51,43.06,41.11,79.85,52.63,6.39,81.16,92.07,B,23.4,Yes,Yes,Bachelor'S,Medium,4,6.2,30.02,Medio,-1.95,69.38,3.93
S5465,Maria,Johnson,student4465@university.com,Female,19,Mathematics,77.28,62.4,84.91,67.82,88.92,3.61,92.87,77.85,B,24.9,Yes,Yes,Master'S,Low,10,7.9,41.78,Medio,22.51,71.43,3.13
S5466,Liam,Williams,student4466@university.com,Male,23,Cs,66.61,91.34,60.13,71.68,56.4,5.34,61.17,66.6,B,29.4,No,Yes,Bachelor'S,Medium,8,6.5,30.14,Medio,-31.21,60.66,2.27
S5467,Sara,Davis,student4467@university.com,Female,23,Engineering,97.37,69.9,63.3,71.13,50.99,6.34,51.39,93.28,A,10.2,No,Yes,Unknown,High,6,8.9,30.96,Medio,-6.6,59.23,9.15
S5468,Ali,Jones,student4468@university.com,Male,19,Engineering,92.26,97.89,49.52,81.62,81.93,4.08,69.23,81.1,A,17.6,No,Yes,Unknown,Medium,4,8.0,16.21,Bajo,-48.37,68.4,4.61
S5469,Ahmed,Johnson,student4469@university.com,Female,24,Cs,99.13,70.22,71.41,78.62,93.67,9.25,94.22,80.77,A,7.3,No,Yes,Phd,High,3,4.5,25.03,Bajo,1.19,89.75,11.06
S5470,Emma,Johnson,student4470@university.com,Male,21,Cs,84.61,56.55,84.67,71.11,58.81,4.0,75.25,75.2,B,7.1,No,Yes,Master'S,Medium,1,5.4,29.87,Bajo,28.12,61.29,10.59
S5471,Emma,Brown,student4471@university.com,Male,22,Engineering,68.91,51.6,56.38,50.85,67.08,3.07,76.51,63.74,D,7.6,Yes,Yes,Phd,High,10,6.7,56.6,Alto,4.78,56.28,8.39
S5472,Ali,Johnson,student4472@university.com,Male,21,Business,64.04,81.67,96.32,81.05,58.44,8.86,84.57,65.24,C,11.5,No,Yes,Unknown,Low,8,6.3,42.89,Medio,14.65,78.16,5.67
S5473,Liam,Williams,student4473@university.com,Male,18,Business,83.17,72.18,51.68,93.98,95.33,1.36,78.73,54.4,B,22.4,No,Yes,Unknown,Medium,2,4.2,20.26,Bajo,-20.5,70.41,2.43
S5474,Omar,Williams,student4474@university.com,Male,19,Engineering,99.04,76.24,43.98,88.48,63.52,1.24,52.72,62.19,B,26.5,No,Yes,High School,Low,7,6.6,22.55,Bajo,-32.26,54.28,2.35
S5475,Omar,Jones,student4475@university.com,Female,20,Engineering,81.34,85.31,78.66,99.08,72.24,9.36,78.04,63.89,B,15.9,No,Yes,Unknown,Medium,3,7.0,22.43,Bajo,-6.65,85.74,4.02
S5476,Omar,Jones,student4476@university.com,Male,24,Cs,94.08,83.55,90.96,56.95,94.74,2.09,82.4,52.94,A,18.9,Yes,Yes,Phd,Low,5,6.3,21.45,Bajo,7.41,63.75,2.8
S5477,Liam,Johnson,student4477@university.com,Female,19,Cs,66.46,42.6,97.19,61.13,77.64,1.48,82.08,55.52,B,10.2,Yes,Yes,Master'S,Low,6,8.3,49.97,Medio,54.59,58.91,5.44
S5478,Ahmed,Davis,student4478@university.com,Female,18,Engineering,75.725,88.15,86.03,76.96,96.64,5.35,86.42,63.51,A,24.8,No,Yes,Phd,High,3,6.8,19.1,Bajo,-2.12,78.38,2.56
S5479,Emma,Smith,student4479@university.com,Male,23,Cs,95.31,71.96,51.98,61.79,96.32,0.47,76.0,83.86,B,27.2,No,Yes,Unknown,Medium,6,7.9,22.56,Bajo,-19.98,59.7,3.08
S5480,Ali,Brown,student4480@university.com,Female,20,Cs,87.84,63.5,98.66,51.73,73.08,6.2,95.0,59.21,A,17.1,No,Yes,Unknown,Low,7,6.9,34.99,Medio,35.16,70.45,3.46
S5481,Liam,Smith,student4481@university.com,Female,20,Engineering,75.725,72.25,95.17,70.11,79.12,4.53,73.21,76.09,C,9.0,No,No,Bachelor'S,Medium,10,8.5,47.32,Medio,22.92,66.94,8.45
S5482,Emma,Johnson,student4482@university.com,Female,21,Engineering,88.74,76.75,49.79,64.38,61.52,6.4,75.91,75.4,B,5.1,No,Yes,High School,Medium,7,5.1,36.7,Medio,-26.96,66.45,14.78
S5483,Maria,Johnson,student4483@university.com,Male,22,Cs,72.43,48.97,73.53,63.19,99.53,2.84,89.02,91.7,F,18.4,Yes,Yes,Unknown,Medium,2,8.2,32.98,Medio,24.56,70.04,4.98
S5484,John,Smith,student4484@university.com,Male,21,Engineering,76.55,65.04,73.33,97.66,63.92,9.05,91.66,80.46,F,17.4,Yes,Yes,Unknown,Medium,2,6.2,27.22,Bajo,8.29,85.94,4.62
S5485,John,Brown,student4485@university.com,Male,24,Engineering,95.03,60.14,66.55,61.92,89.17,2.71,82.42,95.85,A,28.1,No,No,Phd,Medium,3,7.5,19.09,Bajo,6.41,65.15,3.41
S5486,Liam,Smith,student4486@university.com,Male,20,Cs,77.58,61.02,99.06,56.47,65.65,6.38,56.32,81.41,C,5.9,No,Yes,Bachelor'S,Low,7,6.8,44.92,Medio,38.04,60.56,13.8
S5487,Emma,Jones,student4487@university.com,Female,20,Mathematics,62.77,45.48,43.58,56.27,65.65,9.45,66.6,51.28,C,8.7,Yes,Yes,High School,Medium,1,4.5,40.04,Medio,-1.9,70.76,5.89
S5488,Sara,Williams,student4488@university.com,Female,22,Cs,71.78,49.59,77.63,90.32,55.19,4.01,51.01,69.07,D,9.9,No,Yes,Unknown,Medium,8,6.2,50.61,Medio,28.04,59.15,6.98
S5489,Ahmed,Davis,student4489@university.com,Female,24,Business,75.725,49.71,52.32,85.74,77.99,1.61,64.77,84.95,A,18.7,No,Yes,Unknown,Medium,4,7.4,35.9,Medio,2.61,61.15,4.54
S5490,Omar,Jones,student4490@university.com,Female,19,Cs,54.84,62.39,71.64,56.47,62.24,0.68,78.51,73.76,D,12.1,Yes,Yes,Unknown,High,6,8.5,47.15,Medio,9.25,51.0,6.1
S5491,Ahmed,Williams,student4491@university.com,Female,22,Business,87.19,93.67,86.78,74.81,57.42,9.63,90.26,70.97,A,10.1,No,Yes,Unknown,Medium,5,5.1,25.22,Bajo,-6.89,79.7,7.03
S5492,Ahmed,Davis,student4492@university.com,Female,23,Cs,55.47,52.36,54.8,87.37,61.33,7.64,79.28,83.58,D,17.9,No,Yes,Phd,Low,1,5.8,35.93,Medio,2.44,76.1,4.67
S5493,Liam,Davis,student4493@university.com,Male,21,Business,75.725,64.97,63.6,63.73,62.55,9.19,51.99,64.29,B,6.0,No,No,Phd,Low,5,5.8,39.89,Medio,-1.37,67.54,10.72
S5494,Maria,Davis,student4494@university.com,Female,19,Cs,90.23,58.7,97.05,99.08,75.2,6.99,62.96,95.45,A,29.4,No,Yes,Unknown,Medium,5,6.6,25.0,Bajo,38.35,76.78,3.25
S5495,Ahmed,Johnson,student4495@university.com,Female,21,Business,73.38,87.24,85.69,77.03,69.3,3.42,78.9,70.66,C,26.5,No,Yes,Unknown,Medium,7,8.3,28.23,Bajo,-1.55,64.86,2.67
S5496,John,Davis,student4496@university.com,Female,22,Engineering,92.1,43.01,74.36,59.6,53.77,1.23,85.45,81.56,A,11.8,No,Yes,Bachelor'S,Low,9,6.0,46.74,Medio,31.35,52.78,6.91
S5497,Maria,Brown,student4497@university.com,Male,19,Cs,67.09,51.79,53.32,92.94,76.8,9.29,93.32,99.12,A,13.4,No,Yes,Master'S,Medium,9,4.7,52.06,Medio,1.53,88.99,7.4
S5498,Ali,Smith,student4498@university.com,Female,22,Business,97.88,52.64,65.52,65.97,89.39,4.9,98.38,89.27,A,11.1,No,Yes,High School,Low,1,6.5,24.4,Bajo,12.88,75.68,8.04
S5499,Ahmed,Brown,student4499@university.com,Female,23,Cs,60.47,99.58,86.44,64.44,78.71,3.97,94.59,76.58,F,28.2,No,Yes,Unknown,Low,5,4.2,23.75,Bajo,-13.14,69.36,2.72
S5500,Ahmed,Smith,student4500@university.com,Male,18,Mathematics,51.91,74.25,89.23,66.37,98.73,5.78,73.37,92.97,F,21.3,No,Yes,Master'S,Medium,4,5.7,35.57,Medio,14.98,74.07,4.36
S5501,Ali,Jones,student4501@university.com,Female,20,Cs,93.62,48.34,54.68,88.41,54.96,1.07,87.35,78.02,A,18.0,No,Yes,Unknown,High,7,6.6,37.06,Medio,6.34,60.36,4.33
S5502,Ahmed,Jones,student4502@university.com,Male,24,Engineering,87.61,56.33,79.72,58.66,91.06,3.09,62.03,72.08,A,17.7,Yes,Yes,Unknown,Low,5,6.6,32.48,Medio,23.39,60.66,4.07
S5503,Ali,Smith,student4503@university.com,Male,19,Business,61.6,50.07,45.7,69.09,75.28,6.38,53.19,93.67,F,9.1,Yes,Yes,Bachelor'S,Low,2,8.1,41.09,Medio,-4.37,65.34,10.29
S5504,Maria,Brown,student4504@university.com,Female,20,Cs,99.24,47.48,41.39,51.54,76.08,1.0,52.75,51.36,B,29.1,No,Yes,Unknown,Medium,4,8.0,23.14,Bajo,-6.09,47.59,1.76
S5505,John,Smith,student4505@university.com,Female,18,Cs,75.11,87.83,72.92,91.33,75.95,1.35,62.07,70.37,C,27.9,No,Yes,Master'S,Low,10,5.4,33.41,Medio,-14.91,60.71,2.52
S5506,Ali,Davis,student4506@university.com,Male,19,Business,97.55,69.75,53.46,67.04,66.27,5.11,51.88,67.15,B,28.8,Yes,Yes,Bachelor'S,Low,4,5.5,17.2,Bajo,-16.29,59.07,2.33
S5507,Sara,Johnson,student4507@university.com,Female,20,Business,75.25,77.87,44.73,62.41,66.23,6.23,92.51,85.7,F,12.3,No,Yes,Phd,High,10,8.9,44.15,Medio,-33.14,70.86,6.97
S5508,Liam,Jones,student4508@university.com,Female,20,Mathematics,73.59,59.88,83.79,78.99,81.59,1.87,74.5,50.63,A,16.9,No,Yes,Unknown,High,3,6.0,32.27,Medio,23.91,63.44,3.0
S5509,Liam,Johnson,student4509@university.com,Male,19,Cs,72.46,73.22,69.88,85.25,52.24,0.33,90.55,83.04,F,18.0,No,Yes,Bachelor'S,Medium,5,4.7,32.56,Medio,-3.34,57.84,4.61
S5510,Ali,Davis,student4510@university.com,Male,20,Engineering,66.74,55.45,87.78,90.64,79.44,9.58,96.99,67.32,C,17.2,Yes,Yes,Unknown,Low,8,7.3,46.96,Medio,32.33,90.72,3.91
S5511,Liam,Davis,student4511@university.com,Female,20,Cs,76.69,58.48,79.84,67.39,86.23,0.27,99.7,54.89,A,5.5,No,Yes,Phd,Low,2,5.2,35.09,Medio,21.36,64.0,9.98
S5512,Ahmed,Jones,student4512@university.com,Male,19,Cs,72.63,79.13,83.79,90.62,67.82,0.02,96.86,99.02,B,25.8,Yes,Yes,Bachelor'S,Medium,2,7.0,20.16,Bajo,4.66,63.88,3.84
S5513,Omar,Jones,student4513@university.com,Female,24,Business,51.84,49.02,58.44,73.24,60.87,3.23,85.83,60.61,D,23.7,No,Yes,High School,Medium,9,8.1,53.08,Medio,9.42,63.06,2.56
S5514,Omar,Davis,student4514@university.com,Female,20,Cs,63.02,77.03,55.8,55.06,60.67,2.22,72.1,67.46,F,16.9,No,No,Unknown,Medium,5,4.9,35.27,Medio,-21.23,52.51,3.99
S5515,Liam,Williams,student4515@university.com,Female,20,Engineering,60.66,91.13,76.05,92.32,54.09,5.74,79.9,60.35,F,11.7,No,Yes,Unknown,Low,2,6.3,27.8,Bajo,-15.08,70.93,5.16
S5516,Maria,Johnson,student4516@university.com,Female,24,Engineering,93.37,47.23,52.0,77.38,54.49,8.94,90.82,83.1,A,20.9,No,Yes,High School,Medium,2,5.9,24.92,Bajo,4.77,78.02,3.98
S5517,Emma,Johnson,student4517@university.com,Male,21,Business,79.94,93.85,88.92,80.12,58.33,4.81,94.88,89.13,D,8.5,No,Yes,Bachelor'S,Low,3,9.0,24.06,Bajo,-4.93,70.36,10.49
S5518,Maria,Williams,student4518@university.com,Female,23,Mathematics,88.18,44.77,71.38,96.87,50.96,7.73,97.82,93.03,B,29.9,No,Yes,Phd,High,9,7.6,38.53,Medio,26.61,80.74,3.11
S5519,Emma,Brown,student4519@university.com,Male,21,Engineering,97.84,60.93,53.62,77.96,63.31,9.09,86.53,65.55,B,8.1,Yes,Yes,Master'S,Medium,6,4.4,34.54,Medio,-7.31,79.68,8.09
S5520,Omar,Johnson,student4520@university.com,Female,18,Engineering,82.2,76.63,77.51,50.28,65.32,1.89,77.0,76.23,B,6.5,No,Yes,Unknown,Low,1,5.1,24.99,Bajo,0.88,52.88,11.73
S5521,Omar,Smith,student4521@university.com,Female,21,Business,99.13,73.56,96.7,74.81,99.76,4.88,98.42,83.16,A,20.3,No,Yes,Unknown,High,10,4.8,33.09,Medio,23.14,80.45,4.1
S5522,Ali,Davis,student4522@university.com,Male,21,Engineering,65.59,45.78,44.93,64.24,99.58,6.42,97.93,81.48,C,16.6,No,Yes,Bachelor'S,High,3,4.1,39.45,Medio,-0.85,81.49,4.91
S5523,John,Davis,student4523@university.com,Female,18,Cs,59.31,87.93,46.56,75.09,59.35,3.32,73.88,85.8,D,23.0,Yes,Yes,Unknown,Medium,5,5.6,30.25,Medio,-41.37,60.38,3.73
S5524,Sara,Williams,student4524@university.com,Male,20,Cs,70.17,98.39,90.63,60.24,60.65,7.4,82.43,88.49,C,8.2,Yes,Yes,Unknown,Medium,4,5.6,28.49,Bajo,-7.76,69.33,10.79
S5525,Maria,Johnson,student4525@university.com,Male,20,Cs,73.54,50.87,46.58,64.85,74.6,7.05,90.46,54.87,D,14.1,No,Yes,Phd,Low,5,5.2,40.84,Medio,-4.29,75.1,3.89
S5526,Ahmed,Brown,student4526@university.com,Female,21,Engineering,94.77,93.71,42.36,84.33,57.44,4.21,71.65,58.42,A,17.5,No,Yes,Phd,Low,1,6.8,9.97,Bajo,-51.35,63.88,3.34
S5527,Emma,Johnson,student4527@university.com,Female,18,Business,78.0,73.41,60.88,71.48,75.2,0.88,91.47,86.72,B,16.2,No,Yes,High School,Medium,1,5.1,22.58,Bajo,-12.53,61.74,5.35
S5528,Liam,Davis,student4528@university.com,Female,20,Cs,64.61,96.16,68.0,81.36,69.97,0.12,55.57,73.83,C,19.6,No,Yes,Unknown,High,2,8.7,20.96,Bajo,-28.16,52.02,3.77
S5529,Ahmed,Jones,student4529@university.com,Female,22,Cs,75.725,50.57,74.17,91.18,66.23,3.69,74.06,71.35,D,7.5,No,Yes,Master'S,Medium,9,7.7,52.35,Medio,23.6,67.09,9.51
S5530,John,Smith,student4530@university.com,Male,19,Mathematics,75.29,87.52,70.44,67.04,91.13,0.82,74.13,72.77,A,17.6,No,Yes,Unknown,Medium,3,4.6,23.04,Bajo,-17.08,60.12,4.13
S5531,Emma,Williams,student4531@university.com,Female,19,Business,58.11,43.59,94.79,78.42,91.41,7.82,84.23,68.6,F,18.9,Yes,Yes,Unknown,Medium,8,5.3,52.69,Medio,51.2,83.06,3.63
S5532,Maria,Jones,student4532@university.com,Female,23,Engineering,78.84,92.99,86.12,88.88,99.39,3.34,55.82,79.55,C,27.0,No,Yes,Master'S,High,10,8.9,31.01,Medio,-6.87,69.37,2.95
S5533,Ali,Brown,student4533@university.com,Female,19,Cs,95.57,80.45,99.03,85.76,61.15,6.66,55.16,66.17,B,19.3,No,Yes,Unknown,Medium,3,5.0,17.21,Bajo,18.58,67.17,3.43
S5534,Ahmed,Jones,student4534@university.com,Female,21,Cs,92.13,62.22,68.59,76.99,94.41,3.46,95.03,81.84,A,18.7,No,Yes,Bachelor'S,Low,3,4.6,24.18,Bajo,6.37,75.26,4.38
S5535,John,Jones,student4535@university.com,Female,19,Cs,79.34,51.43,45.06,69.17,76.89,7.96,65.19,60.13,C,25.3,No,Yes,Bachelor'S,High,9,5.2,41.93,Medio,-6.37,72.71,2.38
S5536,Maria,Brown,student4536@university.com,Male,19,Cs,68.85,88.99,97.33,70.38,79.57,8.88,66.35,87.88,B,6.6,No,No,Unknown,Low,9,7.6,43.68,Medio,8.34,76.28,13.32
S5537,Omar,Jones,student4537@university.com,Female,22,Cs,54.35,76.19,40.25,71.66,94.81,8.38,88.84,89.08,C,21.2,No,Yes,Unknown,Medium,2,6.6,29.74,Bajo,-35.94,84.78,4.2
S5538,Omar,Williams,student4538@university.com,Male,20,Engineering,73.48,61.62,86.57,67.44,97.13,4.84,70.75,78.93,A,25.3,Yes,Yes,Master'S,High,8,4.3,38.7,Medio,24.95,70.93,3.12
S5539,Maria,Davis,student4539@university.com,Female,22,Cs,87.6,66.63,41.88,84.95,86.34,0.84,91.65,68.47,B,7.4,No,Yes,Unknown,Medium,9,5.8,43.43,Medio,-24.75,67.84,9.25
S5540,Maria,Johnson,student4540@university.com,Female,21,Cs,68.01,89.59,85.67,56.27,67.39,3.72,70.07,50.72,F,25.3,No,No,Phd,Medium,7,4.4,30.0,Medio,-3.92,57.73,2.0
S5541,Maria,Jones,student4541@university.com,Female,19,Cs,75.725,60.34,96.28,74.81,74.48,4.24,88.03,56.08,B,24.7,Yes,Yes,Unknown,Low,8,5.5,38.6,Medio,35.94,69.93,2.27
S5542,Emma,Williams,student4542@university.com,Male,24,Engineering,96.57,45.38,63.36,88.95,80.75,9.6,76.27,53.98,A,5.0,No,Yes,Unknown,Medium,1,4.9,30.09,Medio,17.98,85.49,10.8
S5543,Maria,Johnson,student4543@university.com,Female,20,Engineering,91.08,94.68,54.46,64.91,91.43,5.65,96.79,50.51,A,11.2,Yes,Yes,Phd,High,2,5.1,16.34,Bajo,-40.22,77.41,4.51
S5544,Ahmed,Johnson,student4544@university.com,Male,23,Engineering,75.725,63.24,53.58,52.13,82.9,6.41,66.37,86.11,D,8.8,Yes,Yes,Unknown,Low,8,7.9,45.68,Medio,-9.66,66.38,9.79
S5545,John,Jones,student4545@university.com,Male,23,Cs,56.84,60.9,69.5,85.57,68.27,7.82,68.13,97.8,F,17.8,No,Yes,High School,Low,3,7.9,37.38,Medio,8.6,75.04,5.49
S5546,Emma,Williams,student4546@university.com,Female,19,Cs,57.25,52.26,50.25,86.72,70.89,5.68,98.5,50.56,F,27.9,Yes,Yes,Phd,Low,7,7.7,43.67,Medio,-2.01,78.23,1.81
S5547,Maria,Davis,student4547@university.com,Male,19,Cs,55.16,93.85,80.38,98.18,52.52,5.98,86.88,55.63,F,20.1,No,Yes,Bachelor'S,Low,7,7.4,35.82,Medio,-13.47,74.34,2.77
S5548,Sara,Jones,student4548@university.com,Female,23,Cs,80.81,53.05,62.1,62.69,96.21,2.45,88.63,93.03,D,20.0,Yes,Yes,Bachelor'S,Medium,8,5.2,41.36,Medio,9.05,68.01,4.65
S5549,Liam,Brown,student4549@university.com,Female,23,Business,55.78,78.2,59.39,54.14,54.41,0.59,64.8,84.43,C,8.1,No,Yes,High School,Low,8,6.2,48.52,Medio,-18.81,44.81,10.42
S5550,Sara,Johnson,student4550@university.com,Male,24,Mathematics,92.13,92.85,67.68,95.76,79.0,7.21,76.6,70.24,B,21.7,No,Yes,Unknown,Medium,8,6.3,24.61,Bajo,-25.17,80.86,3.24
S5551,John,Jones,student4551@university.com,Female,21,Engineering,99.65,42.09,72.56,62.93,93.58,8.49,65.68,99.64,B,27.2,No,Yes,Phd,Medium,5,6.7,27.78,Bajo,30.47,76.77,3.66
S5552,Omar,Johnson,student4552@university.com,Female,19,Mathematics,68.32,89.73,48.52,86.08,71.04,4.12,62.99,78.68,F,15.7,No,Yes,Master'S,Medium,1,8.3,21.32,Bajo,-41.21,65.33,5.01
S5553,Ali,Williams,student4553@university.com,Male,23,Engineering,72.68,64.64,82.47,53.03,90.01,5.49,76.76,83.48,A,22.0,No,Yes,Unknown,Low,9,8.4,41.95,Medio,17.83,68.68,3.79
S5554,Ali,Smith,student4554@university.com,Male,24,Cs,85.58,79.48,92.98,88.03,90.19,3.07,99.39,82.66,A,12.4,No,Yes,Phd,Medium,9,5.1,37.78,Medio,13.5,77.08,6.67
S5555,Liam,Jones,student4555@university.com,Male,18,Mathematics,96.86,62.34,56.68,56.35,52.99,4.5,60.73,61.14,A,11.7,No,Yes,Master'S,Medium,6,6.2,32.66,Medio,-5.66,53.77,5.23
S5556,Omar,Davis,student4556@university.com,Male,23,Cs,94.7,81.73,50.82,84.78,70.61,2.09,62.13,74.41,A,9.6,No,Yes,High School,Medium,9,4.7,35.31,Medio,-30.91,59.6,7.75
S5557,Emma,Jones,student4557@university.com,Male,20,Engineering,52.88,55.26,85.63,76.62,84.55,7.6,62.16,60.82,F,11.0,Yes,Yes,High School,High,7,7.2,52.75,Medio,30.37,74.83,5.53
S5558,Emma,Johnson,student4558@university.com,Male,20,Cs,75.725,41.32,51.01,74.81,71.12,4.92,89.59,75.47,B,13.6,No,Yes,High School,High,4,6.9,40.97,Medio,9.69,71.18,5.55
S5559,Emma,Williams,student4559@university.com,Female,18,Cs,87.73,96.87,42.48,51.85,77.26,5.47,75.52,51.54,A,19.2,No,Yes,Unknown,High,10,8.3,30.63,Medio,-54.39,64.83,2.68
S5560,Ali,Brown,student4560@university.com,Male,21,Engineering,84.44,40.98,77.15,64.6,79.72,0.37,69.24,69.1,A,24.5,Yes,No,Bachelor'S,High,10,6.6,45.9,Medio,36.17,54.32,2.82
S5561,Sara,Davis,student4561@university.com,Male,19,Engineering,56.66,89.45,54.39,53.48,57.56,6.22,92.19,68.61,D,12.2,Yes,Yes,High School,Low,4,7.9,33.9,Medio,-35.06,66.36,5.62
S5562,Ali,Williams,student4562@university.com,Female,19,Cs,75.1,50.15,50.31,93.96,70.6,2.03,64.87,64.58,B,9.2,No,Yes,Master'S,Medium,1,5.6,34.07,Medio,0.16,62.43,7.02
S5563,Ahmed,Jones,student4563@university.com,Female,23,Cs,89.04,63.53,98.9,79.7,51.42,3.83,69.61,53.96,A,16.2,No,Yes,Master'S,Low,9,7.5,39.45,Medio,35.37,59.76,3.33
S5564,Maria,Brown,student4564@university.com,Male,20,Cs,60.94,89.35,57.51,76.75,57.48,4.13,53.68,88.55,B,24.7,No,Yes,Unknown,High,6,4.2,30.63,Medio,-31.84,57.3,3.59
S5565,Emma,Williams,student4565@university.com,Male,21,Mathematics,75.725,52.36,94.21,56.57,75.61,4.49,55.95,71.02,D,14.7,No,Yes,High School,High,7,4.8,43.77,Medio,41.85,58.26,4.83
S5566,Sara,Smith,student4566@university.com,Female,21,Business,52.65,91.94,50.69,74.45,78.68,2.27,56.84,90.7,F,27.8,No,Yes,Bachelor'S,Low,2,6.2,22.31,Bajo,-41.25,58.17,3.26
S5567,John,Davis,student4567@university.com,Male,21,Engineering,89.11,69.87,89.14,69.94,57.31,8.5,67.35,91.79,A,11.2,No,Yes,Unknown,Medium,3,8.4,26.69,Bajo,19.27,69.9,8.2
S5568,Liam,Johnson,student4568@university.com,Male,23,Cs,80.79,61.97,70.12,65.79,87.78,4.28,76.2,60.68,A,24.0,No,Yes,Bachelor'S,High,4,8.4,27.8,Bajo,8.15,68.14,2.53
S5569,John,Williams,student4569@university.com,Female,19,Business,65.76,79.75,44.72,88.61,68.65,6.12,50.04,71.07,C,16.7,No,Yes,Bachelor'S,Medium,3,7.0,29.15,Bajo,-35.03,67.12,4.26
S5570,Maria,Williams,student4570@university.com,Male,21,Cs,86.05,60.48,84.02,53.06,96.03,6.14,59.5,86.05,A,7.7,No,No,Unknown,Medium,10,4.6,47.89,Medio,23.54,67.5,11.18
S5571,Sara,Smith,student4571@university.com,Female,23,Cs,89.12,60.84,93.52,82.33,69.38,6.07,58.78,74.97,B,12.0,No,Yes,Unknown,Low,9,7.4,42.33,Medio,32.68,67.8,6.25
S5572,Ali,Jones,student4572@university.com,Male,23,Cs,96.69,84.01,49.78,91.15,57.49,5.59,62.67,92.75,A,26.5,Yes,Yes,Unknown,Medium,8,4.9,23.26,Bajo,-34.23,66.8,3.5
S5573,Ali,Davis,student4573@university.com,Female,18,Business,68.39,58.59,83.54,95.37,87.9,8.23,58.3,78.58,F,5.1,No,Yes,Bachelor'S,Low,2,5.8,38.16,Medio,24.95,80.97,15.41
S5574,Ahmed,Davis,student4574@university.com,Female,22,Cs,84.3,52.05,66.7,87.3,78.39,8.13,59.76,81.48,D,23.9,No,Yes,Bachelor'S,Medium,9,5.6,40.71,Medio,14.65,76.69,3.41
S5575,Ahmed,Johnson,student4575@university.com,Female,21,Cs,80.13,88.46,85.23,64.12,69.33,4.17,99.19,89.35,B,25.3,Yes,Yes,Unknown,High,8,8.4,28.32,Bajo,-3.23,68.58,3.53
S5576,Ali,Williams,student4576@university.com,Male,22,Engineering,76.26,88.32,82.84,80.03,67.8,6.36,79.74,56.11,C,8.0,No,Yes,Master'S,Medium,4,7.5,29.48,Bajo,-5.48,72.79,7.01
S5577,John,Brown,student4577@university.com,Female,19,Cs,94.52,69.86,41.6,57.07,57.54,1.03,88.13,79.21,A,29.1,No,Yes,Master'S,Medium,3,4.4,15.85,Bajo,-28.26,53.26,2.72
S5578,Liam,Williams,student4578@university.com,Male,23,Engineering,50.16,71.6,50.72,55.85,67.04,0.91,90.97,54.27,F,26.8,No,Yes,Bachelor'S,Medium,4,8.2,34.23,Medio,-20.88,55.74,2.02
S5579,Emma,Johnson,student4579@university.com,Female,24,Engineering,64.11,81.76,68.26,81.93,51.47,4.8,83.38,63.03,F,9.5,Yes,Yes,Unknown,Low,2,6.2,30.51,Medio,-13.5,66.19,6.63
S5580,John,Williams,student4580@university.com,Female,21,Engineering,76.91,70.56,96.02,92.56,75.12,9.0,85.2,60.63,B,11.0,No,Yes,Unknown,High,8,7.8,41.97,Medio,25.46,85.72,5.51
S5581,Liam,Smith,student4581@university.com,Female,24,Cs,58.91,65.02,60.52,53.36,94.84,6.5,81.61,78.35,F,25.5,No,Yes,Master'S,Low,6,7.9,38.24,Medio,-4.5,73.7,3.07
S5582,Ahmed,Williams,student4582@university.com,Male,20,Cs,95.39,99.69,77.73,55.3,89.77,6.69,82.47,92.2,B,18.7,No,Yes,Phd,Low,10,9.0,27.36,Bajo,-21.96,73.61,4.93
S5583,Maria,Williams,student4583@university.com,Male,19,Business,82.38,48.86,40.73,78.28,51.43,1.58,96.42,56.64,D,28.1,No,Yes,Unknown,High,1,5.7,22.46,Bajo,-8.13,60.48,2.02
S5584,Liam,Brown,student4584@university.com,Female,18,Business,73.89,75.56,82.67,60.91,94.06,4.53,59.29,88.42,F,29.5,No,No,Bachelor'S,Medium,7,8.3,30.05,Medio,7.11,64.89,3.0
S5585,Ali,Smith,student4585@university.com,Male,18,Cs,90.74,93.15,76.18,80.59,72.62,4.01,63.74,57.15,A,13.6,No,Yes,Phd,Low,4,5.4,20.16,Bajo,-16.97,64.26,4.2
S5586,Ahmed,Smith,student4586@university.com,Male,22,Cs,72.54,81.23,82.92,60.73,59.54,7.83,54.66,59.48,F,7.4,No,No,High School,Low,4,9.0,33.21,Medio,1.69,63.31,8.04
S5587,Ahmed,Williams,student4587@university.com,Male,23,Cs,77.93,92.86,94.28,55.82,87.62,1.38,91.87,95.85,F,22.6,No,Yes,Bachelor'S,Low,5,6.1,22.46,Bajo,1.42,62.28,4.24
S5588,Emma,Davis,student4588@university.com,Female,22,Engineering,50.14,60.18,48.79,77.28,66.14,5.39,72.44,50.49,F,28.1,Yes,Yes,High School,High,8,7.3,45.9,Medio,-11.39,67.44,1.8
S5589,Ali,Brown,student4589@university.com,Male,20,Business,68.29,56.32,55.7,93.11,62.67,9.11,95.36,59.86,A,9.1,No,Yes,Unknown,Low,10,9.0,54.65,Medio,-0.62,85.56,6.58
S5590,Emma,Williams,student4590@university.com,Female,20,Cs,56.94,91.08,99.75,84.26,58.07,8.92,70.58,60.78,C,29.6,Yes,Yes,Phd,High,2,5.0,20.17,Bajo,8.67,75.53,2.05
S5591,Ali,Williams,student4591@university.com,Female,18,Engineering,84.48,63.65,49.38,90.94,74.33,8.52,72.13,64.09,B,9.9,No,Yes,Phd,Low,7,7.1,39.72,Medio,-14.27,80.65,6.47
S5592,Emma,Johnson,student4592@university.com,Female,24,Business,73.95,82.58,83.24,63.32,54.67,3.75,72.42,68.17,B,7.2,Yes,No,Unknown,Medium,9,9.0,43.52,Medio,0.66,56.98,9.47
S5593,Liam,Johnson,student4593@university.com,Male,21,Mathematics,65.09,48.86,83.5,94.3,89.28,9.41,80.62,55.16,D,17.4,No,Yes,Unknown,Medium,8,8.7,49.42,Medio,34.64,89.57,3.17
S5594,John,Davis,student4594@university.com,Female,18,Cs,73.39,85.35,80.98,68.85,73.53,8.05,88.31,73.42,A,25.1,No,Yes,Bachelor'S,Low,10,5.1,36.16,Medio,-4.37,77.8,2.93
S5595,Maria,Brown,student4595@university.com,Male,18,Cs,60.48,72.94,53.65,92.62,72.35,8.51,67.56,69.97,F,13.9,No,Yes,Unknown,Low,10,4.5,50.0,Medio,-19.29,79.41,5.03
S5596,Maria,Jones,student4596@university.com,Male,24,Cs,96.25,56.12,52.91,73.56,50.09,9.32,81.51,81.25,A,13.3,Yes,Yes,Unknown,Low,2,6.1,25.05,Bajo,-3.21,74.59,6.11
S5597,Ali,Johnson,student4597@university.com,Female,24,Business,52.7,69.67,79.98,63.39,90.89,9.37,60.2,93.38,D,9.9,No,Yes,High School,Medium,4,7.8,42.37,Medio,10.31,77.04,9.43
S5598,Sara,Jones,student4598@university.com,Female,20,Business,93.27,81.82,51.18,74.81,74.64,2.4,77.7,64.89,A,29.7,Yes,No,Unknown,High,1,7.9,7.96,Bajo,-30.64,62.79,2.18
S5599,Omar,Smith,student4599@university.com,Female,24,Engineering,75.725,40.71,79.69,78.38,71.99,1.28,77.33,77.32,F,13.5,No,Yes,Master'S,High,4,7.0,41.2,Medio,38.98,60.12,5.73
S5600,Ahmed,Johnson,student4600@university.com,Male,22,Cs,80.95,78.25,69.55,53.95,88.07,6.91,94.44,68.57,F,21.7,No,Yes,Phd,Low,5,7.1,26.23,Bajo,-8.7,76.39,3.16
S5601,Ahmed,Johnson,student4601@university.com,Male,20,Cs,75.725,72.5,63.2,96.5,53.14,5.63,94.79,52.01,D,8.3,Yes,Yes,Unknown,High,6,4.6,38.71,Medio,-9.3,75.18,6.27
S5602,Ali,Brown,student4602@university.com,Female,24,Cs,98.33,53.22,58.01,63.57,68.33,3.27,74.36,91.05,A,16.2,No,Yes,Unknown,Low,2,6.2,23.74,Bajo,4.79,59.74,5.62
S5603,Liam,Davis,student4603@university.com,Female,23,Engineering,75.725,85.18,96.85,66.78,78.79,6.84,51.23,81.71,B,24.9,Yes,Yes,High School,High,5,6.9,24.38,Bajo,11.67,66.3,3.28
S5604,Emma,Jones,student4604@university.com,Male,20,Cs,79.44,58.21,70.49,61.67,73.03,0.62,92.23,50.11,C,29.3,Yes,Yes,Bachelor'S,Medium,5,7.4,28.97,Bajo,12.28,58.28,1.71
S5605,Sara,Johnson,student4605@university.com,Male,20,Cs,75.725,56.61,73.68,50.15,59.08,0.47,50.03,62.48,F,9.4,No,Yes,Unknown,High,4,4.5,38.48,Medio,17.07,40.99,6.65
S5606,John,Johnson,student4606@university.com,Female,18,Business,94.05,68.27,96.96,74.81,64.96,3.54,73.91,65.45,A,7.4,No,Yes,Unknown,Medium,8,7.5,38.46,Medio,28.69,62.27,8.84
S5607,Emma,Brown,student4607@university.com,Male,21,Cs,75.725,80.57,79.23,79.53,65.01,1.94,50.99,90.58,B,29.7,Yes,Yes,High School,Medium,10,8.7,34.48,Medio,-1.34,53.73,3.05
S5608,Emma,Brown,student4608@university.com,Male,18,Engineering,99.52,95.73,97.47,74.81,99.6,7.19,67.63,88.04,B,18.9,No,Yes,Master'S,Medium,7,7.9,20.33,Bajo,1.74,78.48,4.66
S5609,Ali,Davis,student4609@university.com,Male,19,Cs,85.07,48.48,46.38,52.05,66.31,9.48,81.84,69.81,A,13.6,No,Yes,High School,Medium,2,7.1,31.1,Medio,-2.1,73.75,5.13
S5610,Ali,Jones,student4610@university.com,Male,20,Business,60.44,63.79,90.8,96.43,60.26,6.62,68.56,57.87,D,29.0,No,Yes,Unknown,High,8,4.5,40.76,Medio,27.01,72.86,2.0
S5611,Liam,Smith,student4611@university.com,Male,24,Engineering,70.28,44.02,60.12,74.81,91.13,6.55,96.34,69.3,F,14.8,No,No,Bachelor'S,Low,8,8.0,50.35,Medio,16.1,81.94,4.68
S5612,Ahmed,Davis,student4612@university.com,Male,24,Mathematics,66.72,85.51,88.63,95.65,71.06,0.07,82.04,90.51,B,10.8,Yes,Yes,Unknown,High,5,7.3,34.48,Medio,3.12,62.36,8.38
S5613,Ali,Smith,student4613@university.com,Female,24,Engineering,75.725,66.86,91.34,55.36,72.19,5.12,82.32,72.62,B,25.1,No,Yes,Unknown,High,7,6.7,34.22,Medio,24.48,65.27,2.89
S5614,Ali,Williams,student4614@university.com,Male,20,Mathematics,88.02,82.42,56.29,87.2,77.44,8.17,68.72,55.79,A,12.8,No,Yes,Unknown,Medium,4,8.0,24.73,Bajo,-26.13,78.76,4.36
S5615,Ali,Johnson,student4615@university.com,Female,24,Business,79.21,59.33,64.53,74.81,79.78,6.54,51.93,51.93,F,13.0,No,Yes,Unknown,Low,5,7.4,36.87,Medio,5.2,67.98,3.99
S5616,Liam,Jones,student4616@university.com,Female,19,Engineering,51.9,90.66,83.56,67.91,79.53,2.28,86.91,66.67,F,16.1,No,Yes,Bachelor'S,Low,3,6.3,31.03,Medio,-7.1,64.29,4.14
S5617,Ahmed,Davis,student4617@university.com,Male,20,Mathematics,93.87,72.09,45.94,53.96,51.72,8.48,85.81,57.42,A,22.3,No,Yes,Unknown,High,4,5.2,21.04,Bajo,-26.15,69.07,2.57
S5618,John,Johnson,student4618@university.com,Female,24,Cs,64.84,96.62,85.33,80.24,90.94,9.64,76.51,87.25,D,26.0,Yes,Yes,Bachelor'S,Medium,4,6.5,21.99,Bajo,-11.29,86.02,3.36
S5619,John,Jones,student4619@university.com,Female,20,Cs,99.85,44.73,46.63,51.32,59.74,2.79,70.81,63.94,A,10.7,Yes,Yes,Master'S,High,7,4.8,39.62,Medio,1.9,52.44,5.98
S5620,Omar,Jones,student4620@university.com,Female,23,Cs,97.71,70.86,94.87,75.06,64.62,2.07,76.92,93.87,A,14.1,No,Yes,Unknown,Low,10,4.3,37.49,Medio,24.01,59.32,6.66
S5621,Omar,Jones,student4621@university.com,Male,20,Engineering,97.03,85.99,56.58,80.21,58.67,3.39,87.34,80.87,A,17.4,No,Yes,Bachelor'S,High,10,5.2,31.54,Medio,-29.41,65.03,4.65
S5622,Ali,Johnson,student4622@university.com,Female,19,Business,90.56,76.01,74.54,86.63,88.35,0.63,85.64,69.68,A,5.6,No,Yes,High School,High,10,5.8,42.7,Medio,-1.47,66.73,12.44
S5623,Omar,Davis,student4623@university.com,Male,18,Business,61.03,41.39,47.03,99.57,79.18,8.73,82.91,80.5,F,22.4,No,Yes,Bachelor'S,High,1,7.2,35.02,Medio,5.64,87.24,3.59
S5624,Ahmed,Brown,student4624@university.com,Female,20,Cs,76.63,98.34,56.17,63.0,87.76,9.29,95.19,64.76,B,19.1,Yes,Yes,Phd,Low,7,6.5,27.46,Bajo,-42.17,84.71,3.39
S5625,Liam,Johnson,student4625@university.com,Female,21,Engineering,61.22,57.9,64.24,66.12,82.67,6.33,80.49,57.07,D,8.3,No,Yes,Master'S,Medium,5,7.7,45.94,Medio,6.34,73.15,6.88
S5626,John,Jones,student4626@university.com,Female,19,Cs,62.98,54.96,69.22,67.06,55.21,7.64,50.73,98.21,C,8.3,No,Yes,Master'S,Low,8,7.7,52.87,Medio,14.26,62.35,11.83
S5627,Emma,Davis,student4627@university.com,Female,22,Engineering,80.55,69.14,40.0,86.58,65.07,6.69,80.9,78.16,A,27.4,No,Yes,Bachelor'S,Medium,8,7.5,32.92,Medio,-29.14,74.86,2.85
S5628,John,Williams,student4628@university.com,Male,23,Cs,52.04,72.53,93.32,96.59,75.36,3.77,80.63,50.37,F,22.1,No,Yes,High School,Medium,6,6.7,40.09,Medio,20.79,72.57,2.28
S5629,John,Smith,student4629@university.com,Female,19,Mathematics,98.47,85.98,40.46,98.72,65.25,6.32,53.48,65.52,B,14.7,Yes,Yes,Bachelor'S,Low,3,7.3,16.84,Bajo,-45.52,70.16,4.46
S5630,Ahmed,Jones,student4630@university.com,Female,18,Cs,95.93,63.6,86.42,97.29,60.37,8.36,71.39,57.98,A,13.5,Yes,Yes,Phd,Low,2,8.9,22.82,Bajo,22.82,78.16,4.29
S5631,Omar,Williams,student4631@university.com,Male,24,Cs,69.04,66.4,68.23,93.97,93.49,8.1,82.55,62.91,C,12.9,No,No,Phd,Medium,9,7.5,47.24,Medio,1.83,87.75,4.88
S5632,Emma,Brown,student4632@university.com,Male,24,Business,75.77,72.1,71.43,99.55,87.39,0.81,85.23,52.79,C,21.4,Yes,No,Unknown,Low,8,7.7,36.71,Medio,-0.67,70.07,2.47
S5633,Ahmed,Jones,student4633@university.com,Male,19,Engineering,73.31,63.66,52.5,68.8,67.26,4.63,94.65,62.25,B,9.5,No,Yes,Unknown,Medium,10,5.5,50.49,Medio,-11.16,69.25,6.55
S5634,Ali,Williams,student4634@university.com,Female,22,Cs,94.11,94.87,76.44,97.42,88.25,3.97,92.07,84.15,A,29.7,Yes,Yes,Master'S,Medium,5,6.4,12.64,Bajo,-18.43,79.36,2.83
S5635,Liam,Jones,student4635@university.com,Male,24,Engineering,75.725,91.08,72.23,88.05,81.38,7.52,55.83,91.03,C,22.2,Yes,Yes,Phd,Medium,10,6.2,35.07,Medio,-18.85,75.11,4.1
S5636,Maria,Johnson,student4636@university.com,Male,23,Cs,63.91,67.3,49.85,58.42,50.19,5.01,80.44,67.37,B,8.2,Yes,Yes,Phd,Low,3,5.8,37.79,Medio,-17.45,59.79,8.22
S5637,John,Davis,student4637@university.com,Male,21,Mathematics,72.34,40.01,54.29,52.27,69.01,3.5,79.82,76.12,D,8.5,Yes,Yes,High School,Medium,7,6.3,51.76,Medio,14.28,59.02,8.96
S5638,Maria,Williams,student4638@university.com,Male,22,Engineering,71.45,94.06,44.01,60.72,64.52,7.06,65.19,52.09,F,21.2,No,Yes,Bachelor'S,Low,2,7.0,18.4,Bajo,-50.05,65.26,2.46
S5639,Liam,Davis,student4639@university.com,Male,19,Cs,97.97,47.46,43.98,88.94,60.9,4.74,59.21,54.54,B,14.6,No,No,Unknown,Low,5,7.1,33.06,Medio,-3.48,64.11,3.74
S5640,Liam,Johnson,student4640@university.com,Male,22,Engineering,75.725,54.67,40.83,81.58,62.58,2.57,59.98,77.6,C,21.5,Yes,Yes,Phd,Medium,4,8.2,33.01,Medio,-13.84,57.46,3.61
S5641,Ahmed,Johnson,student4641@university.com,Female,24,Cs,75.725,49.14,53.23,61.22,97.12,8.9,58.88,92.03,A,23.1,No,Yes,Unknown,Medium,5,7.3,36.09,Medio,4.09,76.56,3.98
S5642,Ahmed,Davis,student4642@university.com,Male,24,Business,94.03,50.79,80.78,87.1,74.32,1.13,90.31,54.4,A,18.4,No,Yes,Master'S,Low,10,8.3,42.65,Medio,29.99,65.76,2.96
S5643,Ahmed,Williams,student4643@university.com,Female,19,Mathematics,94.83,88.17,58.97,57.07,92.39,0.18,57.42,70.93,A,11.4,No,Yes,Unknown,Low,5,7.3,23.55,Bajo,-29.2,52.17,6.22
S5644,Maria,Davis,student4644@university.com,Male,24,Business,93.59,74.77,60.56,91.09,60.71,1.44,63.22,98.52,A,18.8,No,Yes,Phd,Low,1,5.8,15.41,Bajo,-14.21,57.36,5.24
S5645,Ahmed,Davis,student4645@university.com,Male,24,Cs,75.55,97.37,47.91,74.81,58.72,1.64,60.89,86.94,F,15.5,No,Yes,Bachelor'S,Medium,10,7.2,36.6,Medio,-49.46,52.7,5.61
S5646,Liam,Smith,student4646@university.com,Male,21,Cs,82.99,53.89,74.53,98.63,94.44,5.38,85.64,59.88,F,27.3,Yes,Yes,Phd,Medium,8,7.6,36.69,Medio,20.64,83.13,2.19
S5647,Ali,Williams,student4647@university.com,Female,21,Cs,78.17,69.14,60.53,57.51,74.79,6.25,57.92,64.26,A,23.5,Yes,Yes,Unknown,High,2,7.4,22.37,Bajo,-8.61,63.18,2.73
S5648,Ahmed,Smith,student4648@university.com,Male,18,Engineering,53.47,98.65,80.58,95.33,94.76,4.49,51.2,97.4,F,20.5,No,No,Unknown,Low,9,8.2,39.22,Medio,-18.07,71.55,4.75
S5649,Sara,Jones,student4649@university.com,Male,21,Engineering,79.79,89.59,84.49,67.06,53.15,2.04,68.71,61.05,A,6.0,No,Yes,Unknown,Medium,4,8.5,28.86,Bajo,-5.1,52.33,10.17
S5650,Omar,Davis,student4650@university.com,Male,20,Engineering,50.68,83.72,75.08,70.8,95.82,1.32,65.25,72.05,D,29.8,Yes,No,Bachelor'S,Medium,8,5.7,37.8,Medio,-8.64,61.27,2.42
S5651,Maria,Jones,student4651@university.com,Male,22,Mathematics,66.25,51.34,56.56,73.42,70.77,4.92,69.89,67.78,B,19.2,No,Yes,Unknown,High,10,4.4,51.81,Medio,5.22,65.82,3.53
S5652,Sara,Williams,student4652@university.com,Female,22,Cs,96.61,86.16,70.52,81.35,57.77,5.65,87.69,74.5,A,11.5,No,Yes,Unknown,Low,3,7.3,19.03,Bajo,-15.64,70.83,6.48
S5653,Ahmed,Davis,student4653@university.com,Female,19,Cs,65.2,60.85,55.12,99.74,84.17,3.04,50.62,61.83,D,19.8,No,Yes,Unknown,Low,5,4.6,37.91,Medio,-5.73,66.23,3.12
S5654,Liam,Jones,student4654@university.com,Female,21,Cs,96.99,71.83,94.17,74.81,89.85,2.2,51.89,83.42,A,25.4,No,Yes,Master'S,Low,1,8.4,11.8,Bajo,22.34,59.64,3.28
S5655,Ali,Brown,student4655@university.com,Female,18,Cs,62.51,76.55,85.98,96.34,52.37,0.81,62.78,61.73,B,18.5,No,Yes,Bachelor'S,Medium,6,8.1,37.02,Medio,9.43,54.9,3.34
S5656,John,Johnson,student4656@university.com,Female,24,Cs,65.73,76.56,69.58,62.75,99.36,0.26,94.46,80.11,D,24.4,Yes,Yes,Phd,High,8,7.6,37.38,Medio,-6.98,64.79,3.28
S5657,Emma,Davis,student4657@university.com,Male,18,Engineering,81.42,83.59,97.93,69.92,84.85,1.06,58.45,67.89,F,15.3,No,Yes,Master'S,Low,4,8.6,25.44,Bajo,14.34,55.96,4.44
S5658,Omar,Johnson,student4658@university.com,Male,18,Cs,88.08,79.7,72.81,75.22,66.07,7.42,99.85,62.57,A,19.7,No,Yes,Unknown,Low,1,8.4,15.41,Bajo,-6.89,78.84,3.18
S5659,Emma,Smith,student4659@university.com,Male,23,Cs,75.07,44.1,59.71,66.15,57.56,3.44,90.28,84.75,B,15.6,No,Yes,Unknown,Low,10,8.6,52.7,Medio,15.61,62.1,5.43
S5660,Ahmed,Jones,student4660@university.com,Female,24,Business,75.725,67.44,45.73,98.84,69.63,0.27,72.81,98.26,D,18.2,No,Yes,Unknown,Low,10,7.7,44.16,Medio,-21.71,61.0,5.4
S5661,Omar,Smith,student4661@university.com,Male,20,Cs,52.01,79.84,72.62,86.28,61.03,5.08,87.39,93.47,F,9.2,No,Yes,Phd,High,8,5.8,48.8,Medio,-7.22,71.38,10.16
S5662,Omar,Davis,student4662@university.com,Female,21,Engineering,96.11,57.76,91.62,73.94,74.71,5.36,75.94,54.34,A,20.0,No,Yes,Unknown,Medium,6,4.2,30.14,Medio,33.86,69.55,2.72
S5663,Ali,Johnson,student4663@university.com,Male,24,Cs,59.82,58.78,92.0,87.57,89.09,4.29,78.3,72.72,D,29.5,No,Yes,High School,Low,10,4.3,46.68,Medio,33.22,74.46,2.47
S5664,Omar,Johnson,student4664@university.com,Female,18,Engineering,94.21,47.47,76.27,73.37,83.01,1.11,79.04,84.74,A,24.1,Yes,Yes,Master'S,Low,8,8.0,36.29,Medio,28.8,61.63,3.52
S5665,Maria,Jones,student4665@university.com,Male,24,Mathematics,70.04,65.12,63.61,50.86,71.8,7.55,82.44,78.13,C,13.0,No,Yes,High School,High,2,5.0,31.67,Medio,-1.51,70.15,6.01
S5666,Sara,Davis,student4666@university.com,Male,20,Cs,91.64,99.21,79.02,77.16,55.95,6.89,53.04,86.32,A,26.6,No,Yes,Phd,Medium,6,5.6,15.97,Bajo,-20.19,63.76,3.25
S5667,Sara,Brown,student4667@university.com,Male,22,Engineering,83.58,57.12,85.73,81.26,97.86,3.95,80.82,98.76,D,27.4,No,Yes,Bachelor'S,Medium,2,6.9,22.13,Bajo,28.61,74.86,3.6
S5668,Sara,Brown,student4668@university.com,Male,19,Business,58.8,71.89,64.7,99.06,63.52,3.81,85.85,67.11,D,9.4,No,Yes,Master'S,Medium,6,4.7,44.26,Medio,-7.19,71.63,7.14
S5669,Maria,Jones,student4669@university.com,Female,21,Engineering,95.9,84.59,68.58,52.04,63.89,1.56,65.54,88.54,B,6.3,No,Yes,High School,Medium,6,8.9,29.02,Bajo,-16.01,49.27,14.05
S5670,Emma,Davis,student4670@university.com,Male,21,Cs,62.28,40.81,80.84,75.6,82.28,7.54,98.93,54.7,D,19.3,No,Yes,Unknown,Low,10,8.1,56.31,Alto,40.03,83.05,2.83
S5671,Ali,Jones,student4671@university.com,Male,23,Cs,62.21,94.03,92.6,54.91,88.53,6.0,57.22,93.49,F,16.9,No,Yes,Master'S,Low,7,6.9,34.9,Medio,-1.43,65.16,5.53
S5672,Omar,Davis,student4672@university.com,Male,22,Engineering,90.71,63.19,87.46,57.45,99.21,0.86,95.52,88.92,B,22.9,Yes,Yes,Bachelor'S,High,1,8.5,17.84,Bajo,24.27,65.19,3.88
S5673,Maria,Smith,student4673@university.com,Female,21,Business,55.29,92.15,41.34,80.52,98.46,3.78,83.82,76.05,F,12.3,Yes,Yes,Unknown,Low,1,6.5,26.85,Bajo,-50.81,75.15,6.18
S5674,Sara,Jones,student4674@university.com,Male,23,Cs,61.1,42.34,47.46,61.58,95.69,9.04,83.22,91.05,B,14.5,No,Yes,Phd,Medium,1,8.5,38.66,Medio,5.12,82.72,6.28
S5675,Ahmed,Davis,student4675@university.com,Male,23,Cs,75.18,48.74,91.17,74.81,71.77,4.52,93.8,83.33,C,11.6,No,No,Unknown,High,5,8.1,42.15,Medio,42.43,71.4,7.18
S5676,John,Brown,student4676@university.com,Male,23,Cs,91.52,59.35,90.03,75.71,58.33,3.25,91.59,77.61,A,12.3,No,Yes,Unknown,Medium,1,4.1,24.01,Bajo,30.68,64.53,6.31
S5677,Omar,Davis,student4677@university.com,Male,21,Cs,57.37,60.73,63.33,60.91,79.22,6.44,67.27,97.3,C,5.2,No,Yes,Bachelor'S,Medium,3,8.0,43.55,Medio,2.6,67.95,18.71
S5678,Maria,Davis,student4678@university.com,Male,21,Cs,77.38,90.87,75.06,74.69,50.86,2.03,85.27,56.51,C,17.8,No,Yes,Phd,Medium,1,7.9,16.76,Bajo,-15.81,57.78,3.17
S5679,Liam,Jones,student4679@university.com,Female,21,Cs,75.725,40.67,94.35,50.04,59.81,5.24,52.53,99.65,F,16.8,No,Yes,High School,Low,7,5.6,46.23,Medio,53.68,53.7,5.93
S5680,Maria,Smith,student4680@university.com,Female,20,Cs,93.03,78.47,94.69,93.14,50.13,6.7,73.2,57.72,A,13.9,Yes,Yes,Phd,Medium,8,6.5,32.5,Medio,16.22,70.87,4.15
S5681,Ali,Smith,student4681@university.com,Female,23,Cs,96.78,47.88,86.99,50.63,59.03,8.55,96.89,74.01,A,18.5,No,Yes,Unknown,Low,4,4.7,29.18,Bajo,39.11,73.01,4.0
S5682,Ali,Smith,student4682@university.com,Male,20,Mathematics,89.23,89.39,52.58,74.81,73.74,6.93,63.7,61.57,B,14.8,No,Yes,Unknown,Low,9,7.3,32.33,Medio,-36.81,70.39,4.16
S5683,Maria,Smith,student4683@university.com,Female,19,Cs,82.64,86.71,83.82,80.58,69.67,3.84,52.5,63.6,B,15.8,No,Yes,High School,Medium,8,7.4,32.72,Medio,-2.89,60.29,4.03
S5684,Sara,Williams,student4684@university.com,Male,21,Cs,71.68,70.0,46.07,98.68,68.46,7.68,79.15,81.59,A,5.0,No,Yes,Master'S,Medium,7,8.9,44.75,Medio,-23.93,80.77,16.32
S5685,John,Jones,student4685@university.com,Male,24,Cs,55.61,52.76,93.64,92.8,91.55,8.98,67.75,51.74,D,6.7,No,Yes,Unknown,High,9,7.6,59.14,Alto,40.88,85.48,7.72
S5686,Omar,Johnson,student4686@university.com,Male,22,Mathematics,85.49,78.07,48.95,62.6,83.75,4.78,68.98,97.04,A,8.8,Yes,Yes,Unknown,Medium,10,6.2,42.26,Medio,-29.12,65.78,11.03
S5687,Ali,Jones,student4687@university.com,Male,18,Business,99.64,49.38,79.74,59.83,96.82,0.05,79.12,63.98,A,9.6,No,Yes,Bachelor'S,Low,3,4.9,29.96,Bajo,30.36,59.07,6.66
S5688,Omar,Williams,student4688@university.com,Female,19,Business,86.84,51.4,76.61,81.31,72.27,8.81,81.08,63.63,A,16.3,No,Yes,High School,High,2,7.9,28.26,Bajo,25.21,80.69,3.9
S5689,Sara,Smith,student4689@university.com,Female,24,Cs,50.84,77.6,86.61,91.13,63.61,1.65,71.87,93.18,C,26.9,Yes,Yes,High School,Low,10,5.8,45.48,Medio,9.01,60.78,3.46
S5690,Omar,Williams,student4690@university.com,Female,18,Business,74.81,99.47,73.09,68.1,56.13,1.26,75.38,88.24,C,15.2,No,Yes,Master'S,Medium,5,8.7,25.26,Bajo,-26.38,53.05,5.81
S5691,Ahmed,Brown,student4691@university.com,Male,18,Engineering,80.73,93.46,43.57,71.62,83.6,3.08,99.66,83.59,C,20.7,Yes,Yes,Unknown,Medium,10,5.4,33.36,Medio,-49.89,71.42,4.04
S5692,Ali,Brown,student4692@university.com,Female,21,Cs,75.725,75.59,82.35,55.77,92.09,3.8,97.86,57.32,F,5.6,No,Yes,Unknown,Low,9,5.0,45.8,Medio,6.76,70.93,10.24
S5693,Sara,Jones,student4693@university.com,Female,22,Engineering,85.99,72.31,62.99,74.81,59.19,7.99,85.37,88.48,A,26.4,No,Yes,Phd,Low,2,7.1,17.23,Bajo,-9.32,74.82,3.35
S5694,Sara,Jones,student4694@university.com,Male,18,Business,75.725,99.9,59.22,78.42,93.94,3.89,58.07,68.04,A,7.8,No,Yes,Bachelor'S,Medium,2,8.6,21.85,Bajo,-40.68,67.33,8.72
S5695,John,Johnson,student4695@university.com,Female,23,Business,61.17,72.84,99.5,55.13,76.31,0.49,68.0,99.69,D,12.1,No,Yes,Bachelor'S,High,5,4.7,39.58,Medio,26.66,51.08,8.24
S5696,John,Johnson,student4696@university.com,Male,24,Business,97.11,65.21,75.42,60.1,57.2,6.36,94.15,83.56,A,25.4,No,Yes,Phd,Medium,9,4.2,31.53,Medio,10.21,68.76,3.29
S5697,Ahmed,Brown,student4697@university.com,Female,18,Mathematics,84.83,94.57,82.64,61.73,82.14,6.71,71.18,91.79,C,11.6,No,Yes,Bachelor'S,Medium,9,8.8,33.92,Medio,-11.93,70.54,7.91
S5698,Sara,Smith,student4698@university.com,Female,19,Cs,61.84,54.05,71.58,72.2,76.0,8.14,97.77,86.69,F,11.4,No,Yes,Phd,Medium,10,4.7,56.44,Alto,17.53,81.84,7.6
S5699,Emma,Williams,student4699@university.com,Female,22,Engineering,66.12,45.85,86.2,52.28,51.41,3.99,74.42,79.71,D,20.1,Yes,Yes,Bachelor'S,Medium,4,7.0,39.72,Medio,40.35,54.5,3.97
S5700,Sara,Johnson,student4700@university.com,Male,22,Cs,96.1,78.05,85.12,74.81,69.96,0.86,93.09,85.82,A,27.6,No,Yes,High School,Medium,9,5.0,26.93,Bajo,7.07,61.61,3.11
S5701,John,Davis,student4701@university.com,Female,18,Business,94.37,45.75,79.43,96.43,89.24,5.53,51.77,79.87,A,10.3,No,Yes,Master'S,Low,1,4.8,28.1,Bajo,33.68,73.18,7.75
S5702,Emma,Johnson,student4702@university.com,Female,22,Cs,70.26,62.39,99.86,51.22,77.77,1.21,71.71,52.56,A,20.5,No,Yes,Unknown,High,9,4.8,44.22,Medio,37.47,53.2,2.56
S5703,Ali,Smith,student4703@university.com,Female,19,Business,51.92,65.41,67.59,81.55,64.1,0.17,85.01,67.28,F,20.0,No,No,Unknown,Medium,7,7.5,45.54,Medio,2.18,58.09,3.36
S5704,Ali,Smith,student4704@university.com,Female,24,Cs,52.42,72.85,82.37,91.79,96.43,7.79,93.18,65.82,F,21.5,No,Yes,Unknown,Low,9,7.8,46.83,Medio,9.52,89.82,3.06
S5705,Omar,Jones,student4705@university.com,Male,19,Cs,64.2,99.5,87.87,74.81,61.89,4.03,80.48,85.7,A,28.7,No,Yes,Unknown,Low,10,4.6,33.33,Medio,-11.63,64.37,2.99
S5706,Maria,Williams,student4706@university.com,Male,19,Cs,81.46,53.26,62.56,56.58,62.64,5.25,58.66,78.81,F,9.1,No,Yes,Unknown,Low,5,4.7,39.85,Medio,9.3,57.6,8.66
S5707,John,Smith,student4707@university.com,Female,23,Cs,79.21,62.55,67.43,52.17,67.73,6.63,94.29,80.52,C,21.4,No,Yes,Phd,Low,6,8.7,33.92,Medio,4.88,70.12,3.76
S5708,Maria,Johnson,student4708@university.com,Female,21,Business,81.69,47.93,98.15,74.81,94.73,4.01,78.74,92.35,C,9.6,No,Yes,High School,Low,1,6.9,32.23,Medio,50.22,72.1,9.62
S5709,Emma,Johnson,student4709@university.com,Female,18,Cs,85.86,76.46,41.94,77.61,75.38,0.51,55.4,76.27,A,12.9,No,Yes,Master'S,Medium,2,7.9,22.78,Bajo,-34.52,53.37,5.91
S5710,John,Brown,student4710@university.com,Male,24,Engineering,50.95,83.66,60.12,74.81,84.11,2.53,73.19,60.91,F,14.7,Yes,Yes,Unknown,Medium,1,4.4,29.72,Bajo,-23.54,64.35,4.14
S5711,Ahmed,Smith,student4711@university.com,Female,22,Cs,55.25,68.92,69.17,91.58,98.81,1.94,84.95,50.62,D,25.9,No,Yes,Bachelor'S,High,1,4.3,27.04,Bajo,0.25,73.68,1.95
S5712,Sara,Davis,student4712@university.com,Female,19,Cs,75.725,54.75,40.09,86.78,89.16,9.77,72.55,57.97,F,6.3,Yes,Yes,Bachelor'S,Low,7,6.0,47.25,Medio,-14.66,86.55,9.2
S5713,Ahmed,Jones,student4713@university.com,Male,18,Cs,57.74,77.25,93.95,63.82,58.63,7.4,93.54,51.53,F,23.3,No,Yes,Unknown,Medium,3,6.8,29.41,Bajo,16.7,72.5,2.21
S5714,Emma,Williams,student4714@university.com,Male,24,Cs,75.725,72.35,57.17,87.67,89.42,4.52,71.18,61.85,C,27.8,No,Yes,Unknown,High,1,5.9,17.89,Bajo,-15.18,73.37,2.22
S5715,John,Davis,student4715@university.com,Male,24,Business,75.725,50.27,55.46,62.25,87.42,0.63,79.17,81.75,A,7.0,No,Yes,Unknown,Medium,1,7.6,34.92,Medio,5.19,58.79,11.68
S5716,Liam,Jones,student4716@university.com,Female,18,Engineering,75.725,64.34,89.22,83.76,61.63,1.16,60.56,57.57,A,24.8,No,Yes,High School,Low,7,7.3,35.13,Medio,24.88,54.39,2.32
S5717,Emma,Johnson,student4717@university.com,Male,21,Cs,87.63,66.11,56.68,55.93,66.27,8.13,75.63,54.1,A,7.7,No,Yes,Bachelor'S,Medium,5,6.2,34.54,Medio,-9.43,69.78,7.03
S5718,Liam,Davis,student4718@university.com,Male,23,Engineering,75.725,98.96,79.46,84.61,85.51,9.45,61.14,98.54,F,29.1,No,Yes,Bachelor'S,Medium,1,4.4,9.26,Bajo,-19.5,81.44,3.39
S5719,Sara,Jones,student4719@university.com,Female,22,Cs,83.29,90.96,89.29,61.94,61.92,0.31,61.26,99.85,D,25.4,No,Yes,Phd,High,8,7.0,26.42,Bajo,-1.67,47.06,3.93
S5720,Ali,Johnson,student4720@university.com,Male,23,Cs,86.77,84.06,87.55,78.62,60.41,9.1,64.0,81.85,A,22.4,No,Yes,Unknown,Low,6,5.2,24.32,Bajo,3.49,73.51,3.65
S5721,Ali,Johnson,student4721@university.com,Female,24,Engineering,63.59,93.33,86.92,58.62,85.17,3.81,52.21,55.43,B,18.8,Yes,Yes,Unknown,Medium,5,5.9,29.23,Bajo,-6.41,58.52,2.95
S5722,Emma,Johnson,student4722@university.com,Female,22,Cs,99.65,84.13,45.32,86.3,94.03,2.14,58.17,91.08,A,28.0,No,Yes,Unknown,Medium,6,4.1,16.99,Bajo,-38.81,64.97,3.25
S5723,Maria,Johnson,student4723@university.com,Male,24,Engineering,59.16,94.2,44.79,53.04,53.75,1.02,71.22,76.96,D,8.0,No,Yes,Bachelor'S,Low,8,6.6,42.59,Medio,-49.41,47.05,9.62
S5724,John,Johnson,student4724@university.com,Female,19,Engineering,60.72,43.27,58.41,58.27,72.3,7.72,56.55,59.1,A,8.0,Yes,Yes,Phd,Low,9,7.5,59.54,Alto,15.14,66.08,7.39
S5725,John,Brown,student4725@university.com,Male,19,Business,64.45,67.36,42.16,59.21,80.36,4.69,56.67,78.78,C,25.6,No,Yes,Master'S,Low,9,6.9,42.21,Medio,-25.2,60.78,3.08
S5726,Ali,Davis,student4726@university.com,Male,18,Mathematics,98.77,84.81,70.03,52.07,83.81,8.32,98.4,51.97,B,17.1,Yes,Yes,Bachelor'S,Low,3,7.8,15.88,Bajo,-14.78,79.37,3.04
S5727,Omar,Jones,student4727@university.com,Male,22,Cs,99.41,75.0,63.69,87.25,99.81,2.26,71.35,98.62,A,26.1,No,Yes,Master'S,Low,1,9.0,9.66,Bajo,-11.31,70.25,3.78
S5728,Ahmed,Brown,student4728@university.com,Female,22,Cs,89.74,50.51,73.42,99.05,84.13,6.79,70.19,91.3,B,14.8,Yes,Yes,Bachelor'S,Medium,10,7.2,46.04,Medio,22.91,80.32,6.17
S5729,Omar,Brown,student4729@university.com,Male,24,Cs,81.45,60.43,57.93,88.92,81.01,1.18,63.39,63.04,B,16.3,No,No,Unknown,Medium,6,5.1,36.32,Medio,-2.5,61.28,3.87
S5730,Sara,Smith,student4730@university.com,Female,23,Cs,76.0,59.07,69.15,93.03,99.49,0.9,75.62,70.95,F,13.3,Yes,Yes,Unknown,High,7,6.9,42.36,Medio,10.08,69.28,5.33
S5731,Ahmed,Smith,student4731@university.com,Female,19,Business,98.53,55.68,60.08,50.3,53.03,1.33,79.8,69.76,B,28.8,No,Yes,Unknown,Low,6,5.2,25.52,Bajo,4.4,49.11,2.42
S5732,Ahmed,Smith,student4732@university.com,Female,20,Business,84.78,60.59,51.71,74.81,53.72,8.09,70.91,93.07,D,16.6,No,Yes,Master'S,Low,5,5.7,32.74,Medio,-8.88,70.09,5.61
S5733,Emma,Williams,student4733@university.com,Male,18,Engineering,97.24,70.89,78.96,77.95,78.03,6.56,69.69,67.73,A,23.9,Yes,No,Unknown,Low,10,5.8,32.75,Medio,8.07,72.82,2.83
S5734,Ali,Smith,student4734@university.com,Female,22,Engineering,65.83,91.29,80.41,98.89,67.93,1.66,85.02,52.4,D,22.4,No,Yes,Unknown,High,5,6.6,27.26,Bajo,-10.88,67.11,2.34
S5735,Omar,Jones,student4735@university.com,Female,21,Cs,75.725,84.52,89.75,83.04,54.83,3.85,97.49,60.73,A,10.9,Yes,Yes,Unknown,High,10,6.6,42.69,Medio,5.23,68.46,5.57
S5736,Omar,Brown,student4736@university.com,Male,21,Engineering,92.74,90.11,92.49,68.71,65.32,7.64,93.89,60.78,B,27.8,Yes,Yes,Phd,Low,3,7.3,11.05,Bajo,2.38,76.08,2.19
S5737,Ali,Jones,student4737@university.com,Male,20,Business,57.49,93.02,82.27,57.31,83.72,2.86,55.93,97.46,F,18.6,Yes,Yes,Master'S,Low,4,6.2,29.34,Bajo,-10.75,56.39,5.24
S5738,Omar,Davis,student4738@university.com,Female,19,Engineering,97.3,64.97,81.25,57.64,94.03,9.21,82.62,96.2,A,26.4,Yes,Yes,High School,High,10,4.9,33.25,Medio,16.28,81.6,3.64
S5739,Liam,Smith,student4739@university.com,Female,19,Cs,75.37,60.76,43.4,68.14,54.72,9.15,50.35,65.03,C,25.8,No,Yes,Phd,Medium,3,6.5,26.94,Bajo,-17.36,66.18,2.52
S5740,Ali,Williams,student4740@university.com,Male,19,Engineering,96.32,43.46,46.59,85.69,77.01,5.53,81.65,50.14,A,6.5,No,Yes,Unknown,Medium,9,8.0,47.78,Medio,3.13,74.91,7.71
S5741,Emma,Davis,student4741@university.com,Female,23,Cs,66.84,95.83,88.75,51.59,64.81,6.32,73.22,75.85,B,20.5,No,Yes,Bachelor'S,Medium,3,7.5,22.05,Bajo,-7.08,63.21,3.7
S5742,Maria,Williams,student4742@university.com,Female,24,Engineering,85.8,43.95,53.98,92.61,83.37,6.53,74.56,89.86,A,24.7,No,Yes,Bachelor'S,Medium,5,4.6,33.32,Medio,10.03,78.96,3.64
S5743,Ahmed,Davis,student4743@university.com,Female,21,Engineering,74.14,84.47,61.33,97.08,77.47,2.58,79.4,63.43,F,27.7,No,Yes,Unknown,Low,6,8.7,25.97,Bajo,-23.14,69.94,2.29
S5744,Emma,Brown,student4744@university.com,Female,19,Cs,81.34,62.69,48.72,94.44,96.34,3.65,87.13,71.95,C,17.7,No,Yes,High School,Low,8,5.5,39.43,Medio,-13.97,78.6,4.06
S5745,John,Jones,student4745@university.com,Male,21,Business,75.22,96.93,51.71,74.81,51.88,1.36,86.47,58.64,F,23.8,Yes,Yes,Master'S,Low,10,6.9,32.69,Medio,-45.22,56.69,2.46
S5746,Sara,Johnson,student4746@university.com,Female,20,Business,98.36,65.18,86.53,50.77,73.5,9.25,52.22,66.37,A,29.2,Yes,Yes,Unknown,Medium,6,4.2,22.53,Bajo,21.35,67.25,2.27
S5747,Maria,Jones,student4747@university.com,Male,18,Cs,84.61,89.0,55.71,98.89,59.64,7.24,86.82,87.94,D,25.7,No,Yes,Bachelor'S,High,6,8.5,21.95,Bajo,-33.29,79.44,3.42
S5748,John,Smith,student4748@university.com,Female,24,Mathematics,62.57,56.96,66.94,74.81,76.84,0.46,91.49,71.41,D,26.4,Yes,Yes,Unknown,Low,6,7.4,38.92,Medio,9.98,61.94,2.7
S5749,Ahmed,Johnson,student4749@university.com,Male,23,Engineering,95.48,57.95,49.1,93.46,92.68,5.49,53.41,72.36,A,15.2,No,Yes,High School,High,1,5.4,21.6,Bajo,-8.85,73.61,4.76
S5750,Omar,Williams,student4750@university.com,Female,22,Business,64.7,75.73,80.68,59.34,95.57,3.43,66.15,89.48,D,7.3,Yes,Yes,Unknown,Medium,10,7.4,50.99,Medio,4.95,63.84,12.26
S5751,Ali,Brown,student4751@university.com,Male,20,Business,68.58,99.88,83.7,72.33,69.91,8.15,89.6,88.15,A,29.2,No,Yes,Bachelor'S,Low,6,5.5,22.54,Bajo,-16.18,78.34,3.02
S5752,Ahmed,Brown,student4752@university.com,Female,24,Engineering,55.11,71.05,61.7,52.21,90.59,3.44,74.66,59.36,F,22.4,No,Yes,Unknown,Medium,1,5.3,28.2,Bajo,-9.35,62.96,2.65
S5753,Emma,Williams,student4753@university.com,Male,21,Business,95.0,96.18,87.08,52.0,64.03,6.44,84.74,70.76,B,9.3,No,Yes,Unknown,Low,2,6.2,15.47,Bajo,-9.1,66.29,7.61
S5754,Sara,Smith,student4754@university.com,Female,20,Cs,64.31,87.17,54.39,97.16,50.32,1.66,75.12,92.44,A,29.3,Yes,Yes,High School,Low,8,7.0,32.25,Medio,-32.78,59.8,3.15
S5755,Emma,Williams,student4755@university.com,Female,22,Cs,62.95,87.75,81.51,90.53,92.76,5.59,98.91,72.84,C,22.9,Yes,Yes,High School,Low,8,5.0,35.75,Medio,-6.24,84.52,3.18
S5756,Maria,Davis,student4756@university.com,Male,24,Engineering,96.01,66.16,83.8,76.49,55.97,2.94,96.81,83.09,B,7.3,No,Yes,Master'S,Low,2,7.7,25.12,Bajo,17.64,64.67,11.38
S5757,Maria,Smith,student4757@university.com,Male,23,Business,90.28,63.19,98.12,76.27,50.88,1.65,64.06,65.3,B,9.3,No,Yes,Bachelor'S,Medium,3,6.9,29.24,Bajo,34.93,51.93,7.02
S5758,Sara,Johnson,student4758@university.com,Male,18,Business,57.05,51.52,53.94,87.44,67.69,6.19,69.29,52.98,F,26.6,No,Yes,Bachelor'S,High,6,4.0,42.39,Medio,2.42,71.58,1.99
S5759,Liam,Williams,student4759@university.com,Male,22,Engineering,88.47,97.84,45.62,67.08,68.97,6.39,71.57,58.24,A,28.8,Yes,Yes,High School,Medium,4,6.7,11.95,Bajo,-52.22,67.88,2.02
S5760,John,Smith,student4760@university.com,Male,24,Engineering,75.725,97.56,55.78,88.09,53.86,9.83,55.21,70.09,F,14.1,Yes,Yes,Unknown,Medium,9,6.1,34.96,Medio,-41.78,73.86,4.97
S5761,John,Johnson,student4761@university.com,Female,23,Cs,53.93,84.82,47.37,74.25,90.71,6.69,70.2,67.67,C,15.3,No,Yes,High School,Medium,7,7.3,41.36,Medio,-37.45,75.52,4.42
S5762,Maria,Williams,student4762@university.com,Male,21,Mathematics,91.26,57.78,50.18,81.9,70.28,5.16,88.74,94.78,A,14.9,No,Yes,Unknown,Medium,10,8.5,43.27,Medio,-7.6,73.13,6.36
S5763,Maria,Brown,student4763@university.com,Male,22,Cs,77.37,54.71,60.05,98.24,74.5,9.13,92.34,77.28,F,25.9,Yes,Yes,Master'S,Low,9,5.3,41.34,Medio,5.34,89.1,2.98
S5764,Omar,Williams,student4764@university.com,Female,20,Business,83.46,99.32,64.84,73.57,63.23,8.28,94.31,81.36,C,16.3,Yes,Yes,Bachelor'S,Low,7,7.4,26.18,Bajo,-34.48,78.48,4.99
S5765,Ali,Jones,student4765@university.com,Male,19,Engineering,74.64,43.99,94.22,74.81,75.58,5.49,50.73,84.43,D,14.4,Yes,Yes,Bachelor'S,Medium,6,4.8,44.59,Medio,50.23,64.0,5.86
S5766,Omar,Williams,student4766@university.com,Male,20,Engineering,84.89,90.61,51.74,95.29,88.34,5.11,89.44,76.58,D,20.5,Yes,Yes,Bachelor'S,Medium,4,4.4,19.52,Bajo,-38.87,81.04,3.74
S5767,Omar,Jones,student4767@university.com,Male,21,Cs,51.7,61.33,98.31,95.13,95.31,9.42,75.13,88.48,D,17.3,No,Yes,Bachelor'S,High,8,8.7,50.41,Medio,36.98,89.94,5.11
S5768,Liam,Johnson,student4768@university.com,Female,24,Mathematics,88.14,65.13,88.61,99.62,98.53,6.17,60.31,89.16,A,18.3,No,Yes,Master'S,Low,6,8.3,31.57,Medio,23.48,80.04,4.87
S5769,John,Williams,student4769@university.com,Male,18,Engineering,51.67,89.92,92.89,77.54,71.34,7.14,74.94,67.57,D,15.2,Yes,Yes,High School,Medium,10,6.5,47.34,Medio,2.97,73.8,4.45
S5770,Liam,Johnson,student4770@university.com,Female,22,Mathematics,75.725,45.44,95.77,67.21,99.5,0.87,92.21,54.24,D,16.5,No,Yes,Bachelor'S,Low,5,4.7,40.5,Medio,50.33,66.9,3.29
S5771,Liam,Johnson,student4771@university.com,Female,24,Cs,57.55,61.25,85.19,74.81,64.75,7.18,71.71,99.32,F,5.9,Yes,Yes,Phd,High,6,5.3,49.64,Medio,23.94,70.77,16.83
S5772,Sara,Smith,student4772@university.com,Male,18,Engineering,91.18,97.12,87.33,51.7,50.35,2.65,99.52,82.13,A,28.1,No,Yes,Unknown,Medium,6,6.8,16.01,Bajo,-9.79,57.02,2.92
S5773,John,Johnson,student4773@university.com,Female,21,Business,65.68,81.94,66.27,86.34,88.38,1.16,80.83,85.45,F,5.8,No,Yes,Unknown,Medium,2,7.3,31.75,Medio,-15.67,66.79,14.73
S5774,Ali,Johnson,student4774@university.com,Male,22,Business,72.7,85.3,70.63,61.67,58.92,8.5,74.49,87.83,A,24.3,Yes,Yes,Unknown,Medium,3,7.5,21.26,Bajo,-14.67,70.02,3.61
S5775,Emma,Williams,student4775@university.com,Male,23,Mathematics,71.44,85.45,95.95,80.33,52.62,6.91,64.74,80.65,C,12.5,No,Yes,Unknown,Medium,10,7.7,43.11,Medio,10.5,66.7,6.45
S5776,Maria,Williams,student4776@university.com,Male,23,Cs,88.63,43.63,62.7,95.83,96.2,4.08,50.55,73.55,B,7.8,No,Yes,Unknown,Low,9,5.0,49.77,Medio,19.07,70.84,9.43
S5777,Maria,Brown,student4777@university.com,Male,24,Cs,74.06,52.19,42.52,97.51,89.59,4.31,80.53,99.23,B,20.2,No,Yes,Master'S,Medium,8,5.5,43.88,Medio,-9.67,77.68,4.91
S5778,Ali,Smith,student4778@university.com,Male,20,Engineering,89.45,69.48,85.77,50.22,55.13,1.97,78.87,86.38,A,22.7,Yes,Yes,Unknown,Medium,8,4.1,32.05,Medio,16.29,50.98,3.81
S5779,Liam,Johnson,student4779@university.com,Female,24,Cs,53.68,62.09,74.39,65.85,88.85,0.1,75.84,92.29,F,20.8,No,Yes,Master'S,Low,1,4.4,32.18,Medio,12.3,57.88,4.44
S5780,Omar,Smith,student4780@university.com,Female,20,Mathematics,75.725,64.65,88.89,91.87,92.2,3.49,76.89,71.98,B,19.4,No,Yes,Unknown,High,9,5.5,42.18,Medio,24.24,73.96,3.71
S5781,Sara,Jones,student4781@university.com,Female,21,Cs,77.58,86.89,44.53,76.82,95.27,1.48,92.18,95.24,F,18.4,No,Yes,Master'S,Low,4,4.9,24.25,Bajo,-42.36,69.77,5.18
S5782,Liam,Johnson,student4782@university.com,Female,23,Engineering,97.35,40.88,77.27,90.38,77.18,4.22,65.84,86.61,A,18.5,Yes,Yes,Unknown,Low,2,6.5,26.64,Bajo,36.39,68.9,4.68
S5783,Maria,Smith,student4783@university.com,Male,22,Cs,53.74,79.63,54.86,92.67,85.17,8.34,77.51,87.31,C,26.6,No,Yes,Phd,Low,7,8.2,37.34,Medio,-24.77,84.69,3.28
S5784,Ahmed,Brown,student4784@university.com,Male,23,Engineering,52.15,40.01,94.2,72.13,88.11,1.15,84.0,54.35,D,7.3,Yes,Yes,High School,High,6,7.6,57.21,Alto,54.19,63.94,7.45
S5785,Omar,Brown,student4785@university.com,Female,20,Cs,57.83,43.78,46.59,74.81,84.43,0.92,60.49,80.87,F,8.9,Yes,Yes,Master'S,Low,9,7.8,59.95,Alto,2.81,57.23,9.09
S5786,Maria,Johnson,student4786@university.com,Male,24,Cs,82.06,64.5,90.58,72.77,82.34,9.02,96.24,66.76,A,25.3,Yes,Yes,Phd,High,2,7.0,21.5,Bajo,26.08,85.39,2.64
S5787,Ahmed,Jones,student4787@university.com,Female,21,Cs,69.95,90.46,45.31,82.64,77.38,7.45,86.86,83.45,B,12.6,No,Yes,High School,Medium,6,7.5,33.19,Medio,-45.15,80.34,6.62
S5788,Liam,Brown,student4788@university.com,Female,23,Cs,91.28,48.7,41.51,68.36,73.96,0.53,52.66,78.41,A,24.3,No,No,High School,Low,8,4.9,36.85,Medio,-7.19,50.07,3.23
S5789,Ali,Brown,student4789@university.com,Female,21,Mathematics,53.6,73.28,54.1,88.75,99.81,0.8,93.26,55.56,C,13.8,No,Yes,Phd,Medium,6,6.8,43.47,Medio,-19.18,72.46,4.03
S5790,Ali,Jones,student4790@university.com,Female,23,Cs,59.82,80.71,59.98,95.2,66.88,6.85,96.49,76.5,F,28.1,Yes,Yes,Bachelor'S,High,8,6.9,36.36,Medio,-20.73,81.77,2.72
S5791,Omar,Smith,student4791@university.com,Male,24,Engineering,65.0,53.77,77.59,64.12,54.41,3.7,89.68,72.56,F,12.0,No,Yes,Bachelor'S,Medium,2,7.1,37.34,Medio,23.82,61.3,6.05
S5792,Maria,Brown,student4792@university.com,Male,18,Mathematics,81.34,70.74,47.9,98.25,88.25,7.24,71.31,88.82,D,15.7,Yes,Yes,Master'S,Low,9,7.9,40.24,Medio,-22.84,82.55,5.66
S5793,John,Williams,student4793@university.com,Female,24,Business,84.26,94.68,66.24,81.14,60.69,4.04,99.72,75.13,F,9.0,No,No,Unknown,Low,6,8.7,28.72,Bajo,-28.44,70.49,8.35
S5794,Ahmed,Davis,student4794@university.com,Female,23,Mathematics,56.21,70.73,52.26,93.91,76.63,9.68,56.22,74.06,D,21.7,No,Yes,Master'S,Low,7,7.6,41.59,Medio,-18.47,80.89,3.41
S5795,Sara,Davis,student4795@university.com,Female,20,Mathematics,97.19,49.44,91.32,55.2,54.79,6.94,76.83,85.97,A,15.1,No,Yes,Phd,Low,2,8.6,25.82,Bajo,41.88,64.06,5.69
S5796,Maria,Brown,student4796@university.com,Female,24,Engineering,67.05,77.67,42.7,62.57,80.96,0.47,58.52,83.43,B,28.5,No,Yes,Bachelor'S,Low,10,6.7,38.98,Medio,-34.97,51.69,2.93
S5797,Sara,Smith,student4797@university.com,Female,22,Engineering,85.66,75.53,61.36,66.05,97.2,3.31,71.97,99.59,A,5.4,No,Yes,Bachelor'S,Medium,8,5.4,40.22,Medio,-14.17,67.08,18.44
S5798,Maria,Smith,student4798@university.com,Male,20,Cs,76.21,41.62,77.88,65.14,86.14,5.64,96.37,67.6,F,14.7,No,Yes,Unknown,Low,9,7.3,51.27,Medio,36.26,76.01,4.6
S5799,John,Johnson,student4799@university.com,Female,20,Engineering,61.14,45.44,94.79,58.59,60.73,1.42,89.71,84.42,C,5.6,Yes,No,Unknown,Medium,3,8.9,46.61,Medio,49.35,55.81,15.08
S5800,John,Williams,student4800@university.com,Female,20,Business,92.31,49.41,92.08,93.41,98.56,0.03,89.1,58.36,A,13.2,No,Yes,Unknown,Low,4,7.5,32.94,Medio,42.67,70.34,4.42
S5801,Omar,Smith,student4801@university.com,Male,21,Engineering,90.91,48.18,93.71,70.93,65.35,0.79,67.69,90.23,A,14.5,No,Yes,Unknown,High,6,8.8,37.59,Medio,45.53,52.97,6.22
S5802,Omar,Jones,student4802@university.com,Male,19,Business,69.8,55.57,43.77,98.16,71.83,5.24,96.71,89.31,A,11.5,Yes,Yes,Phd,Medium,3,4.1,37.59,Medio,-11.8,79.78,7.77
S5803,John,Williams,student4803@university.com,Male,19,Business,79.43,67.25,90.46,79.17,74.91,6.32,68.41,86.29,F,11.4,No,Yes,Master'S,High,10,5.3,46.32,Medio,23.21,71.42,7.57
S5804,Emma,Davis,student4804@university.com,Male,18,Cs,62.89,62.3,86.79,56.92,99.54,0.93,52.0,55.95,A,11.5,No,Yes,Master'S,Medium,7,5.4,46.88,Medio,24.49,54.44,4.87
S5805,John,Williams,student4805@university.com,Male,20,Business,84.49,93.44,94.15,74.81,53.44,6.65,81.89,99.38,F,11.7,Yes,Yes,Unknown,Low,8,6.1,32.1,Medio,0.71,69.16,8.49
S5806,Ali,Jones,student4806@university.com,Male,19,Engineering,65.45,76.73,58.69,99.68,84.84,6.17,68.13,97.13,F,12.1,No,Yes,Unknown,High,5,4.2,36.91,Medio,-18.04,78.59,8.03
S5807,Ali,Brown,student4807@university.com,Male,18,Cs,92.2,92.57,94.71,78.26,68.1,9.4,57.69,68.5,A,26.3,No,No,Master'S,Medium,5,8.6,15.7,Bajo,2.14,74.51,2.6
S5808,Emma,Jones,student4808@university.com,Male,21,Business,60.87,71.62,64.16,50.09,53.92,8.41,96.73,78.87,D,6.0,No,Yes,High School,Low,3,7.5,38.65,Medio,-7.46,71.21,13.15
S5809,Liam,Jones,student4809@university.com,Male,20,Engineering,50.74,45.39,78.05,96.65,96.75,9.43,81.86,94.44,C,29.7,Yes,Yes,Unknown,Medium,4,4.4,40.44,Medio,32.66,92.39,3.18
S5810,Ahmed,Brown,student4810@university.com,Female,22,Business,63.43,67.8,65.45,74.81,79.49,9.66,97.03,74.73,D,12.0,No,Yes,High School,Low,3,4.9,35.9,Medio,-2.35,86.98,6.23
S5811,Liam,Brown,student4811@university.com,Male,21,Engineering,59.55,89.32,65.66,84.43,87.68,4.41,79.15,79.96,F,5.7,No,Yes,Phd,Low,8,7.0,45.07,Medio,-23.66,73.84,14.03
S5812,Sara,Brown,student4812@university.com,Female,18,Cs,75.41,51.65,72.8,75.75,62.02,4.88,53.19,80.16,C,9.4,No,Yes,Phd,High,3,8.5,37.86,Medio,21.15,59.94,8.53
S5813,Liam,Brown,student4813@university.com,Female,21,Business,60.19,45.47,61.36,66.27,88.08,2.82,51.5,82.46,A,28.5,No,Yes,Bachelor'S,High,2,4.4,33.26,Medio,15.89,58.51,2.89
S5814,Maria,Brown,student4814@university.com,Female,22,Engineering,88.16,59.77,87.56,64.13,91.42,5.08,95.03,78.78,A,29.9,No,Yes,Bachelor'S,Low,6,6.2,27.37,Bajo,27.79,75.34,2.63
S5815,Liam,Jones,student4815@university.com,Female,21,Cs,62.07,63.33,78.02,96.44,71.54,1.51,51.94,70.3,C,11.2,No,No,High School,Medium,8,5.0,49.23,Medio,14.69,58.76,6.28
S5816,Maria,Johnson,student4816@university.com,Female,18,Cs,85.35,58.38,81.39,95.6,78.6,6.71,80.76,76.97,A,10.6,No,Yes,Master'S,Medium,10,4.9,47.31,Medio,23.01,80.52,7.26
S5817,Emma,Johnson,student4817@university.com,Female,22,Business,78.92,48.11,53.86,75.66,98.59,0.25,64.9,93.57,C,25.9,No,Yes,Unknown,Medium,8,7.7,40.55,Medio,5.75,60.41,3.61
S5818,Ali,Smith,student4818@university.com,Female,22,Cs,99.31,55.05,98.17,62.92,92.34,2.36,84.38,93.21,B,27.9,No,No,Unknown,Medium,6,8.1,25.89,Bajo,43.12,65.81,3.34
S5819,Omar,Johnson,student4819@university.com,Female,21,Business,100.0,80.94,79.61,55.12,72.24,2.08,64.24,88.63,A,21.3,No,Yes,High School,Medium,6,8.6,21.18,Bajo,-1.33,53.1,4.16
S5820,Maria,Davis,student4820@university.com,Male,22,Cs,93.48,63.16,51.83,57.83,83.23,9.38,51.86,70.71,A,28.4,Yes,Yes,Master'S,Medium,6,7.4,25.25,Bajo,-11.33,71.68,2.49
S5821,Ali,Johnson,student4821@university.com,Female,24,Engineering,88.0,77.95,85.03,76.11,89.21,1.45,86.54,89.3,A,28.8,No,Yes,Unknown,Low,5,4.3,20.3,Bajo,7.08,66.59,3.1
S5822,Ahmed,Jones,student4822@university.com,Female,21,Mathematics,69.32,72.18,50.42,65.39,51.22,8.91,65.55,69.39,A,24.0,No,No,Phd,Medium,4,5.8,28.75,Bajo,-21.76,67.82,2.89
S5823,Sara,Brown,student4823@university.com,Female,20,Cs,87.66,72.94,43.8,52.1,79.42,1.24,77.54,83.2,A,13.7,No,Yes,Unknown,Medium,2,6.2,22.81,Bajo,-29.14,55.37,6.07
S5824,Ahmed,Brown,student4824@university.com,Female,22,Engineering,97.83,54.91,71.65,72.76,99.23,6.51,88.69,78.37,B,8.7,No,Yes,Unknown,Low,5,5.4,33.83,Medio,16.74,81.44,9.01
S5825,Emma,Jones,student4825@university.com,Male,21,Business,75.725,71.29,73.21,87.31,97.36,3.2,85.14,65.0,B,17.9,Yes,Yes,Unknown,Low,2,6.7,25.38,Bajo,1.92,75.45,3.63
S5826,Liam,Davis,student4826@university.com,Female,20,Business,76.9,41.42,51.34,94.58,91.62,3.16,67.43,72.64,C,12.2,Yes,Yes,Bachelor'S,Medium,9,5.2,52.34,Medio,9.92,71.31,5.95
S5827,Liam,Johnson,student4827@university.com,Male,22,Engineering,60.9,65.9,60.9,79.26,55.31,9.98,87.39,91.52,C,8.0,Yes,Yes,Bachelor'S,Low,4,8.5,41.58,Medio,-5.0,80.44,11.44
S5828,John,Jones,student4828@university.com,Male,20,Engineering,75.725,74.36,96.75,86.16,99.7,2.26,96.28,95.64,C,14.8,Yes,No,Master'S,High,1,4.7,23.79,Bajo,22.39,76.18,6.46
S5829,John,Smith,student4829@university.com,Female,23,Business,73.32,50.92,57.1,74.81,80.48,2.03,80.5,60.26,C,17.0,No,Yes,Bachelor'S,Low,10,6.1,50.56,Medio,6.18,64.02,3.54
S5830,John,Brown,student4830@university.com,Female,22,Business,78.79,55.39,49.33,74.81,61.15,5.89,85.18,72.81,A,21.5,No,Yes,Bachelor'S,Medium,1,4.6,25.06,Bajo,-6.06,70.01,3.39
S5831,Ahmed,Williams,student4831@university.com,Male,23,Business,77.55,53.17,99.55,86.48,83.71,7.41,93.3,71.68,F,10.5,Yes,Yes,Unknown,High,10,5.8,51.66,Medio,46.38,84.4,6.83
S5832,Maria,Smith,student4832@university.com,Female,18,Cs,98.01,44.23,58.14,86.38,92.83,9.83,92.18,74.45,A,26.7,No,Yes,Bachelor'S,High,5,6.4,27.97,Bajo,13.91,92.42,2.79
S5833,Sara,Davis,student4833@university.com,Female,18,Mathematics,77.61,60.87,80.82,71.23,55.62,7.01,67.58,98.83,B,9.6,No,No,Master'S,Medium,8,6.8,45.33,Medio,19.95,66.13,10.29
S5834,John,Smith,student4834@university.com,Male,21,Engineering,92.31,98.74,53.89,77.18,95.82,5.62,99.59,75.94,B,29.9,Yes,Yes,Master'S,Low,7,5.7,16.45,Bajo,-44.85,82.2,2.54
S5835,Emma,Jones,student4835@university.com,Male,19,Cs,65.99,61.23,73.01,74.81,96.01,4.09,51.43,91.5,B,18.9,No,Yes,Phd,Medium,7,8.0,42.42,Medio,11.78,65.79,4.84
S5836,Emma,Johnson,student4836@university.com,Female,23,Cs,71.91,67.63,63.18,81.6,50.67,5.95,99.34,83.2,B,8.7,No,No,High School,Low,5,6.6,39.08,Medio,-4.45,72.78,9.56
S5837,John,Brown,student4837@university.com,Female,23,Cs,73.52,79.19,97.69,82.13,95.02,6.01,62.3,55.36,C,25.9,Yes,Yes,High School,Low,9,9.0,35.34,Medio,18.5,74.89,2.14
S5838,Liam,Davis,student4838@university.com,Female,18,Cs,75.725,78.91,65.97,89.23,97.34,2.18,72.02,84.78,B,11.3,No,Yes,High School,High,5,4.6,33.06,Medio,-12.94,70.1,7.5
S5839,John,Davis,student4839@university.com,Male,23,Cs,68.99,96.99,75.05,55.76,51.88,6.71,94.18,82.35,B,9.7,Yes,Yes,Master'S,Low,1,4.9,21.91,Bajo,-21.94,67.23,8.49
S5840,Sara,Williams,student4840@university.com,Female,19,Cs,79.93,91.45,96.69,76.14,64.71,2.04,62.22,87.92,D,8.4,No,Yes,Bachelor'S,Medium,5,8.0,29.28,Bajo,5.24,55.87,10.47
S5841,John,Smith,student4841@university.com,Male,20,Engineering,79.01,87.64,99.35,97.97,68.66,4.9,61.24,53.72,B,18.8,No,Yes,High School,Medium,3,6.8,21.1,Bajo,11.71,69.22,2.86
S5842,Sara,Williams,student4842@university.com,Male,20,Cs,81.82,97.1,46.1,74.81,67.44,2.6,82.16,62.07,F,27.0,Yes,Yes,Bachelor'S,Low,3,5.8,13.18,Bajo,-51.0,62.6,2.3
S5843,Emma,Johnson,student4843@university.com,Female,19,Cs,67.59,53.85,90.06,64.75,87.95,3.13,85.27,88.46,B,27.4,No,Yes,Bachelor'S,High,5,6.1,35.38,Medio,36.21,67.32,3.23
S5844,John,Johnson,student4844@university.com,Male,23,Cs,65.79,77.02,62.93,80.06,67.91,6.14,50.37,68.53,F,24.6,No,Yes,Phd,Low,1,6.8,21.57,Bajo,-14.09,64.94,2.79
S5845,Ahmed,Williams,student4845@university.com,Female,23,Cs,80.58,93.23,75.69,61.06,97.83,0.64,72.52,95.54,B,19.5,No,Yes,High School,Low,8,4.4,29.63,Bajo,-17.54,59.45,4.9
S5846,Omar,Brown,student4846@university.com,Female,23,Cs,56.64,77.45,62.5,77.8,99.75,0.12,74.46,75.88,D,18.2,No,Yes,Master'S,Low,9,7.8,45.62,Medio,-14.95,63.3,4.17
S5847,Ahmed,Johnson,student4847@university.com,Male,24,Engineering,62.65,98.65,64.07,57.78,65.84,1.31,63.59,50.05,B,14.3,Yes,No,Master'S,Medium,10,6.2,41.33,Medio,-34.58,50.08,3.5
S5848,Emma,Williams,student4848@university.com,Female,21,Mathematics,75.725,46.02,49.53,78.99,75.44,1.69,77.31,84.94,B,6.1,Yes,Yes,Phd,Medium,4,6.1,43.31,Medio,3.51,62.16,13.92
S5849,Sara,Smith,student4849@university.com,Male,22,Business,75.725,66.36,74.37,80.12,77.89,1.98,57.73,75.67,D,25.9,No,Yes,High School,High,1,7.9,20.64,Bajo,8.01,58.88,2.92
S5850,Ahmed,Williams,student4850@university.com,Male,19,Business,62.17,98.64,72.8,70.92,78.97,7.74,66.18,65.85,D,30.0,No,Yes,Unknown,Medium,2,6.8,15.87,Bajo,-25.84,73.37,2.19
S5851,Sara,Williams,student4851@university.com,Female,19,Cs,50.98,62.77,51.36,69.14,68.71,4.47,85.66,51.02,F,28.0,No,Yes,Unknown,Medium,7,7.8,42.66,Medio,-11.41,67.05,1.82
S5852,Ahmed,Jones,student4852@university.com,Female,24,Cs,62.27,84.37,72.5,62.27,58.3,4.7,93.69,59.94,D,28.3,No,Yes,Master'S,Low,1,8.6,18.74,Bajo,-11.87,65.32,2.12
S5853,Ahmed,Johnson,student4853@university.com,Female,19,Cs,82.75,41.82,98.39,66.55,52.73,6.44,79.47,58.08,A,13.3,Yes,Yes,Master'S,Medium,3,8.7,36.29,Medio,56.57,65.79,4.37
S5854,Sara,Brown,student4854@university.com,Female,19,Business,53.06,81.69,82.86,74.92,55.32,7.29,53.74,79.14,D,7.5,Yes,Yes,Master'S,Medium,7,6.1,46.51,Medio,1.17,64.22,10.55
S5855,Maria,Brown,student4855@university.com,Male,24,Cs,71.84,96.08,68.86,74.81,95.06,0.04,83.94,88.48,C,26.8,No,Yes,Bachelor'S,Medium,4,4.3,19.3,Bajo,-27.22,63.55,3.3
S5856,Ahmed,Jones,student4856@university.com,Male,19,Engineering,95.66,62.96,94.97,89.14,64.02,8.57,94.88,61.73,B,24.1,Yes,Yes,Master'S,Medium,10,4.1,35.58,Medio,32.01,83.44,2.56
S5857,John,Davis,student4857@university.com,Male,23,Cs,75.725,41.28,74.52,85.45,53.84,9.88,75.22,84.89,A,14.8,No,Yes,High School,High,4,7.5,40.38,Medio,33.24,78.33,5.74
S5858,Omar,Brown,student4858@university.com,Female,24,Cs,65.27,41.67,48.1,63.47,81.18,1.22,74.68,94.99,C,25.8,No,Yes,Bachelor'S,Low,1,4.4,31.75,Medio,6.43,57.88,3.68
S5859,Emma,Williams,student4859@university.com,Male,21,Mathematics,75.725,93.52,72.85,54.87,53.77,6.51,99.57,81.08,B,8.5,No,Yes,High School,Medium,8,6.0,36.75,Medio,-20.67,68.33,9.54
S5860,Maria,Jones,student4860@university.com,Male,18,Business,66.48,83.35,50.86,50.01,53.5,0.02,81.81,88.78,B,21.3,Yes,Yes,Unknown,High,4,7.3,27.74,Bajo,-32.49,46.38,4.17
S5861,Sara,Smith,student4861@university.com,Female,23,Business,53.63,46.4,86.05,79.84,81.08,0.49,90.3,60.21,D,28.8,No,Yes,Unknown,Low,9,9.0,50.69,Medio,39.65,64.03,2.09
S5862,Maria,Johnson,student4862@university.com,Female,23,Engineering,99.7,43.28,98.03,60.57,79.57,2.85,82.32,53.75,A,27.8,No,Yes,Bachelor'S,Low,5,5.1,27.11,Bajo,54.75,62.74,1.93
S5863,Ali,Johnson,student4863@university.com,Female,22,Business,75.725,88.29,61.65,50.63,52.07,8.46,61.05,68.27,F,24.0,No,Yes,Master'S,Medium,6,4.0,26.12,Bajo,-26.64,62.09,2.84
S5864,Ali,Johnson,student4864@university.com,Male,24,Engineering,75.725,88.59,66.1,67.95,73.02,6.53,64.2,85.45,B,11.7,No,No,Master'S,High,6,4.2,32.18,Medio,-22.49,67.62,7.3
S5865,Ahmed,Williams,student4865@university.com,Female,18,Mathematics,83.32,47.23,65.29,98.1,71.79,4.46,83.29,84.3,D,7.6,No,No,Bachelor'S,High,9,5.1,50.65,Medio,18.06,74.44,11.09
S5866,Ahmed,Smith,student4866@university.com,Male,19,Cs,75.725,58.09,57.12,74.81,77.33,4.39,72.8,97.75,F,13.1,No,Yes,High School,Low,3,9.0,33.96,Medio,-0.97,67.21,7.46
S5867,John,Jones,student4867@university.com,Male,18,Engineering,59.72,86.8,87.65,74.81,86.89,4.66,70.22,81.5,D,20.4,Yes,No,Unknown,High,6,4.4,33.97,Medio,0.85,69.63,4.0
S5868,Omar,Jones,student4868@university.com,Male,21,Engineering,60.0,71.52,77.06,57.24,64.14,3.11,51.12,70.56,B,12.9,No,Yes,Unknown,Medium,9,7.7,48.87,Medio,5.54,50.9,5.47
S5869,Emma,Johnson,student4869@university.com,Male,20,Cs,75.725,97.4,43.84,53.66,71.64,8.78,94.22,89.86,C,15.3,No,No,Master'S,Medium,8,4.7,32.18,Medio,-53.56,76.83,5.87
S5870,Maria,Smith,student4870@university.com,Male,23,Business,95.58,68.86,90.33,50.58,89.64,5.68,94.22,57.65,B,15.1,Yes,Yes,Unknown,High,7,5.0,31.67,Medio,21.47,72.81,3.82
S5871,Ali,Smith,student4871@university.com,Female,24,Mathematics,50.5,80.62,51.23,97.78,96.13,4.84,73.05,90.65,D,13.4,Yes,No,Bachelor'S,High,4,4.4,38.11,Medio,-29.39,78.84,6.76
S5872,Ahmed,Smith,student4872@university.com,Male,24,Engineering,89.13,70.59,98.75,65.01,94.57,4.65,85.04,68.3,A,28.1,Yes,Yes,Bachelor'S,Medium,5,5.1,22.47,Bajo,28.16,72.78,2.43
S5873,Liam,Brown,student4873@university.com,Female,18,Cs,52.88,96.58,62.6,72.98,73.88,9.36,58.89,57.7,F,13.0,No,Yes,Bachelor'S,Medium,7,4.6,39.35,Medio,-33.98,74.84,4.44
S5874,Liam,Brown,student4874@university.com,Male,22,Engineering,73.91,63.92,76.99,69.73,76.04,7.24,75.19,58.11,F,29.8,No,Yes,Unknown,Medium,6,4.1,31.17,Medio,13.07,73.34,1.95
S5875,Emma,Johnson,student4875@university.com,Male,21,Business,75.725,53.79,44.67,86.52,76.46,1.45,71.94,99.18,F,10.2,Yes,Yes,High School,Low,5,8.0,41.15,Medio,-9.12,62.36,9.72
S5876,Maria,Smith,student4876@university.com,Female,20,Engineering,84.34,59.6,60.68,65.5,93.44,4.37,82.83,81.16,C,26.8,No,Yes,Phd,Medium,9,5.0,36.98,Medio,1.08,71.37,3.03
S5877,Ahmed,Davis,student4877@university.com,Male,21,Cs,52.92,91.17,88.14,76.77,92.0,2.88,73.48,58.71,D,23.3,No,No,Unknown,High,5,4.6,31.37,Medio,-3.03,67.76,2.52
S5878,Ahmed,Smith,student4878@university.com,Male,24,Engineering,70.93,69.88,68.63,99.78,65.58,9.87,74.92,63.43,C,21.7,Yes,Yes,Phd,Low,6,5.4,34.47,Medio,-1.25,84.74,2.92
S5879,Ali,Jones,student4879@university.com,Female,19,Cs,79.19,61.26,94.28,72.2,58.14,4.15,64.79,68.6,D,16.1,No,Yes,High School,High,10,7.8,45.86,Medio,33.02,59.16,4.26
S5880,Ali,Jones,student4880@university.com,Female,20,Business,53.3,72.66,74.51,77.56,68.95,0.68,52.42,52.79,D,25.4,Yes,Yes,Master'S,Low,7,5.1,40.18,Medio,1.85,51.43,2.08
S5881,Ahmed,Johnson,student4881@university.com,Male,24,Cs,56.75,47.99,95.71,75.13,64.42,4.11,95.85,55.42,C,17.3,No,Yes,Phd,Low,2,6.7,39.31,Medio,47.72,69.12,3.2
S5882,Sara,Davis,student4882@university.com,Male,22,Engineering,83.18,40.32,98.96,90.16,97.54,3.21,50.61,88.09,F,8.4,No,Yes,Bachelor'S,Low,5,5.1,43.48,Medio,58.64,67.6,10.49
S5883,Ahmed,Smith,student4883@university.com,Male,20,Business,76.08,56.84,67.23,74.81,63.3,6.0,64.07,89.34,C,12.0,No,No,Phd,Medium,6,5.9,41.43,Medio,10.39,65.54,7.44
S5884,Emma,Davis,student4884@university.com,Female,24,Cs,58.09,76.3,73.91,74.81,59.06,2.26,72.38,99.41,D,9.6,Yes,Yes,Unknown,Medium,3,6.6,36.42,Medio,-2.39,57.21,10.36
S5885,Ahmed,Johnson,student4885@university.com,Male,22,Cs,76.76,82.7,90.1,87.7,94.97,0.36,65.95,53.38,D,19.2,No,Yes,High School,Low,4,7.8,25.39,Bajo,7.4,63.06,2.78
S5886,John,Jones,student4886@university.com,Female,19,Cs,95.63,89.6,53.29,74.81,54.32,0.96,77.6,94.46,B,21.4,Yes,Yes,Unknown,Medium,2,5.4,11.17,Bajo,-36.31,54.08,4.41
S5887,Omar,Jones,student4887@university.com,Female,22,Cs,50.78,95.6,91.7,95.69,63.01,2.83,73.08,65.86,D,13.4,No,Yes,High School,Medium,7,6.2,40.18,Medio,-3.9,65.02,4.91
S5888,John,Brown,student4888@university.com,Male,21,Cs,82.13,64.73,75.52,82.21,71.96,3.48,62.77,66.39,D,6.0,Yes,Yes,High School,High,2,7.2,31.06,Medio,10.79,62.93,11.06
S5889,John,Johnson,student4889@university.com,Female,18,Mathematics,53.68,84.43,83.53,78.22,79.76,8.34,54.4,56.36,C,21.5,Yes,Yes,Unknown,Low,2,5.4,27.36,Bajo,-0.9,73.95,2.62
S5890,Sara,Johnson,student4890@university.com,Male,21,Business,50.32,44.48,44.79,53.52,66.38,2.7,56.88,99.32,D,6.5,Yes,No,Unknown,Medium,5,5.1,54.68,Medio,0.31,50.94,15.28
S5891,Sara,Smith,student4891@university.com,Male,24,Business,57.53,43.45,85.97,86.52,74.81,0.31,74.32,99.05,F,29.1,No,Yes,High School,Low,5,6.8,41.17,Medio,42.52,59.69,3.4
S5892,Liam,Smith,student4892@university.com,Female,24,Mathematics,71.15,47.49,58.65,74.81,59.94,7.81,92.3,93.24,F,27.2,No,Yes,Bachelor'S,Low,6,8.8,38.36,Medio,11.16,76.29,3.43
S5893,Ahmed,Brown,student4893@university.com,Female,23,Cs,90.12,66.91,88.31,82.0,78.71,8.69,55.03,54.54,A,25.8,No,Yes,Unknown,Low,2,8.6,17.71,Bajo,21.4,75.66,2.11
S5894,John,Williams,student4894@university.com,Female,21,Cs,64.09,52.68,70.55,63.4,70.39,4.92,83.86,92.08,D,14.2,Yes,Yes,Unknown,Low,9,7.0,52.44,Medio,17.87,66.71,6.48
S5895,Sara,Davis,student4895@university.com,Female,20,Cs,81.28,57.22,56.48,97.34,92.46,2.85,89.6,81.73,C,23.6,No,Yes,Master'S,Low,2,6.1,24.81,Bajo,-0.74,76.97,3.46
S5896,Ali,Williams,student4896@university.com,Female,19,Business,75.725,78.87,97.17,66.08,70.79,7.72,63.84,56.44,B,6.1,No,Yes,High School,Low,1,6.8,26.79,Bajo,18.3,69.48,9.25
S5897,Ahmed,Williams,student4897@university.com,Female,23,Engineering,61.72,61.51,85.9,57.61,72.19,0.09,83.41,63.09,A,7.2,No,Yes,Bachelor'S,Low,4,8.0,43.01,Medio,24.39,53.53,8.76
S5898,Emma,Johnson,student4898@university.com,Male,23,Cs,75.71,73.44,99.14,99.36,79.61,9.24,84.33,84.46,D,17.4,No,Yes,High School,Medium,2,4.5,24.99,Bajo,25.7,88.92,4.85
S5899,Omar,Davis,student4899@university.com,Male,23,Cs,89.87,64.74,61.87,87.31,56.16,8.66,85.39,90.17,B,19.7,Yes,Yes,Unknown,Medium,7,7.9,32.61,Medio,-2.87,78.86,4.58
S5900,Maria,Johnson,student4900@university.com,Male,24,Engineering,91.62,50.14,78.95,70.74,57.84,5.45,94.54,92.4,A,24.2,No,Yes,Unknown,Low,4,7.3,27.46,Bajo,28.81,69.4,3.82
S5901,Ahmed,Davis,student4901@university.com,Female,18,Engineering,92.33,44.44,76.7,96.8,89.51,2.78,69.93,77.19,A,12.4,No,Yes,Phd,Low,2,5.3,30.37,Medio,32.26,71.01,6.22
S5902,Maria,Jones,student4902@university.com,Female,22,Business,66.93,54.17,81.25,54.56,63.67,0.33,62.18,76.73,C,18.6,Yes,Yes,Unknown,Low,10,8.4,51.02,Medio,27.08,45.93,4.13
S5903,John,Johnson,student4903@university.com,Female,20,Cs,75.725,43.46,42.3,54.38,84.23,10.0,77.19,84.21,A,6.6,No,Yes,Master'S,Medium,5,4.4,46.05,Medio,-1.16,78.95,12.76
S5904,Omar,Johnson,student4904@university.com,Male,24,Mathematics,60.61,77.12,57.5,84.12,54.87,7.62,53.13,88.89,D,16.8,No,Yes,Master'S,High,9,8.6,45.03,Medio,-19.62,67.08,5.29
S5905,Maria,Johnson,student4905@university.com,Male,19,Engineering,86.92,87.74,94.56,58.9,91.09,3.39,66.7,58.53,B,21.8,Yes,Yes,High School,Medium,4,5.9,19.02,Bajo,6.82,62.65,2.68
S5906,John,Brown,student4906@university.com,Female,24,Business,97.42,60.38,65.43,95.86,99.41,0.19,94.16,86.99,B,29.7,No,No,Bachelor'S,Low,1,8.1,12.94,Bajo,5.05,72.83,2.93
S5907,Ali,Johnson,student4907@university.com,Female,18,Mathematics,50.69,63.23,97.64,92.02,68.68,6.39,76.6,67.08,D,24.2,No,Yes,Phd,Low,8,4.8,46.75,Medio,34.41,75.3,2.77
S5908,Maria,Smith,student4908@university.com,Female,24,Mathematics,75.725,88.97,52.81,65.32,75.28,9.87,71.83,69.19,D,29.9,No,Yes,Master'S,Low,8,6.8,27.41,Bajo,-36.16,77.78,2.31
S5909,Omar,Smith,student4909@university.com,Female,24,Cs,82.39,53.36,99.85,74.81,72.14,7.07,63.28,53.89,C,17.4,No,Yes,Phd,Medium,10,4.2,46.46,Medio,46.49,70.23,3.1
S5910,Liam,Davis,student4910@university.com,Male,21,Cs,85.09,47.15,81.85,52.14,94.71,0.84,62.52,79.42,A,15.8,No,Yes,Unknown,Medium,10,5.4,48.17,Medio,34.7,54.44,5.03
S5911,Ahmed,Jones,student4911@university.com,Male,19,Engineering,58.8,70.07,86.58,77.43,50.5,4.02,61.83,54.67,F,25.9,Yes,Yes,High School,Medium,5,8.1,34.34,Medio,16.51,57.49,2.11
S5912,John,Brown,student4912@university.com,Male,23,Engineering,98.61,78.77,63.81,96.78,82.67,1.09,91.46,95.66,A,16.6,No,Yes,Phd,Medium,8,6.3,29.11,Bajo,-14.96,70.45,5.76
S5913,Ahmed,Davis,student4913@university.com,Female,19,Engineering,80.76,75.98,94.42,92.77,82.62,9.12,99.25,81.05,B,23.9,No,Yes,Master'S,High,1,7.3,16.99,Bajo,18.44,91.46,3.39
S5914,Omar,Smith,student4914@university.com,Male,19,Mathematics,58.22,82.83,72.73,67.8,69.12,3.3,76.74,99.51,C,29.9,No,Yes,Unknown,Low,2,8.0,22.05,Bajo,-10.1,61.67,3.33
S5915,Sara,Brown,student4915@university.com,Female,21,Cs,51.03,43.41,80.86,59.14,60.97,7.33,53.99,62.28,D,23.1,Yes,Yes,Master'S,Low,4,6.7,44.23,Medio,37.45,61.85,2.7
S5916,John,Brown,student4916@university.com,Female,22,Engineering,89.16,65.69,45.69,60.53,61.98,0.85,87.55,83.98,A,5.4,No,Yes,Master'S,High,3,6.9,30.83,Medio,-20.0,54.64,15.55
S5917,Maria,Jones,student4917@university.com,Female,24,Cs,53.99,54.31,77.9,75.73,90.02,1.28,93.85,98.22,F,9.5,No,No,Bachelor'S,Medium,3,7.8,44.5,Medio,23.59,68.1,10.34
S5918,John,Brown,student4918@university.com,Male,20,Business,57.05,85.55,92.74,79.84,53.31,6.79,96.56,64.93,C,11.9,Yes,Yes,High School,Medium,9,4.6,46.2,Medio,7.19,74.4,5.46
S5919,Ahmed,Johnson,student4919@university.com,Male,23,Mathematics,78.74,92.36,50.7,51.64,78.19,8.43,81.44,54.82,F,25.6,No,Yes,Bachelor'S,High,9,4.4,29.71,Bajo,-41.66,73.89,2.14
S5920,Ali,Brown,student4920@university.com,Female,22,Engineering,80.18,56.88,84.26,70.68,65.34,2.01,75.34,81.7,B,28.3,Yes,Yes,Unknown,High,8,7.1,36.28,Medio,27.38,57.86,2.89
S5921,John,Jones,student4921@university.com,Male,18,Cs,84.34,45.71,41.52,91.52,63.26,4.18,81.03,68.3,D,21.2,Yes,Yes,Unknown,Medium,7,8.9,39.5,Medio,-4.19,69.4,3.22
S5922,Maria,Davis,student4922@university.com,Female,24,Business,75.725,55.21,95.57,72.22,75.29,6.19,50.65,63.65,B,7.2,Yes,Yes,Master'S,High,8,7.2,48.89,Medio,40.36,65.02,8.84
S5923,Sara,Jones,student4923@university.com,Female,23,Engineering,88.69,46.24,98.98,58.46,94.89,7.96,82.77,99.68,A,17.5,No,Yes,Unknown,Medium,4,7.5,33.0,Medio,52.74,78.93,5.7
S5924,Liam,Jones,student4924@university.com,Female,20,Cs,98.72,59.35,61.25,97.74,80.9,6.28,85.48,87.71,A,26.5,No,Yes,Bachelor'S,Low,7,7.3,27.73,Bajo,1.9,81.73,3.31
S5925,Emma,Smith,student4925@university.com,Male,24,Business,75.725,72.29,46.42,74.81,89.43,0.95,86.1,74.27,F,14.1,No,Yes,Phd,High,8,7.0,40.31,Medio,-25.87,64.96,5.27
S5926,Ali,Johnson,student4926@university.com,Male,18,Mathematics,85.15,98.42,79.51,89.92,80.03,5.43,78.15,52.5,A,6.6,No,Yes,Bachelor'S,High,4,5.0,24.04,Bajo,-18.91,75.6,7.95
S5927,Liam,Smith,student4927@university.com,Female,21,Engineering,96.42,63.96,41.79,59.69,84.89,8.85,85.0,59.58,B,24.5,No,Yes,High School,Medium,5,8.2,23.7,Bajo,-22.17,79.52,2.43
S5928,Sara,Davis,student4928@university.com,Male,22,Engineering,84.31,53.2,68.95,71.16,71.62,8.68,81.94,64.94,C,21.4,No,No,Unknown,Medium,8,6.9,39.39,Medio,15.75,77.88,3.03
S5929,John,Williams,student4929@university.com,Male,24,Cs,84.06,50.01,56.31,74.52,96.3,5.85,55.78,74.36,A,16.7,Yes,No,Phd,High,2,8.9,29.45,Bajo,6.3,71.28,4.45
S5930,Ahmed,Davis,student4930@university.com,Male,23,Engineering,61.19,50.38,68.4,75.03,75.1,9.96,94.92,74.86,D,26.2,No,Yes,Bachelor'S,Medium,4,4.3,37.04,Medio,18.02,86.16,2.86
S5931,Omar,Johnson,student4931@university.com,Male,19,Engineering,76.76,51.56,41.1,75.82,77.59,1.05,81.14,51.24,A,26.2,No,Yes,Unknown,Medium,4,5.5,31.23,Medio,-10.46,61.26,1.96
S5932,Ahmed,Brown,student4932@university.com,Female,20,Cs,78.13,85.74,43.1,74.81,76.25,4.79,86.39,97.17,D,22.5,No,Yes,Bachelor'S,Low,10,4.5,35.68,Medio,-42.64,71.34,4.32
S5933,Liam,Jones,student4933@university.com,Male,24,Cs,85.01,43.66,40.96,75.8,65.81,7.75,67.14,77.14,A,28.6,No,Yes,Phd,Low,4,8.3,29.52,Bajo,-2.7,71.56,2.7
S5934,Maria,Williams,student4934@university.com,Female,23,Cs,99.84,99.84,77.15,74.09,61.56,1.41,95.96,50.99,A,16.3,Yes,No,Master'S,Medium,1,8.1,6.95,Bajo,-22.69,61.43,3.13
S5935,Ahmed,Johnson,student4935@university.com,Female,19,Cs,51.68,71.36,73.61,74.81,53.69,9.73,75.13,85.07,C,23.2,No,Yes,Unknown,Medium,6,7.9,40.02,Medio,2.25,75.23,3.67
S5936,Ali,Smith,student4936@university.com,Male,23,Engineering,53.26,72.66,53.99,74.81,85.91,3.54,83.95,53.57,F,25.8,No,Yes,Master'S,High,3,7.4,31.11,Medio,-18.67,70.02,2.08
S5937,Ahmed,Jones,student4937@university.com,Female,24,Engineering,53.9,61.45,78.8,93.28,64.46,3.5,97.61,86.06,D,20.9,Yes,Yes,Bachelor'S,Low,2,4.5,34.47,Medio,17.35,72.59,4.12
S5938,Maria,Davis,student4938@university.com,Female,18,Engineering,87.15,81.42,93.05,74.81,69.46,2.13,95.8,85.07,A,18.8,No,Yes,Unknown,Medium,10,6.0,35.67,Medio,11.63,65.34,4.52
S5939,Emma,Smith,student4939@university.com,Male,19,Cs,56.82,68.29,56.64,84.28,96.0,2.88,82.24,99.25,F,23.3,No,Yes,High School,High,8,7.5,43.53,Medio,-11.65,72.83,4.26
S5940,John,Johnson,student4940@university.com,Female,19,Engineering,81.12,59.74,89.92,57.99,78.32,5.78,58.29,67.1,C,13.9,No,Yes,Unknown,High,7,5.8,40.07,Medio,30.18,63.1,4.83
S5941,Omar,Johnson,student4941@university.com,Female,23,Business,66.23,55.91,79.75,74.81,54.85,4.29,97.53,57.22,D,14.2,No,No,Phd,Medium,7,7.6,46.28,Medio,23.84,67.52,4.03
S5942,Liam,Davis,student4942@university.com,Male,21,Engineering,72.87,95.54,42.03,91.07,89.98,1.93,99.21,54.59,C,29.4,No,Yes,High School,High,7,5.4,24.47,Bajo,-53.51,74.89,1.86
S5943,John,Williams,student4943@university.com,Male,24,Mathematics,75.725,57.46,62.51,51.94,62.81,8.09,55.17,53.59,A,8.0,No,Yes,Unknown,High,2,6.7,34.48,Medio,5.05,62.7,6.7
S5944,Ahmed,Davis,student4944@university.com,Male,21,Engineering,93.31,66.18,70.47,74.79,77.64,0.62,72.51,90.52,B,26.0,No,Yes,Unknown,Medium,5,5.8,23.38,Bajo,4.29,57.78,3.48
S5945,Sara,Brown,student4945@university.com,Male,22,Engineering,79.31,61.02,83.9,74.81,75.5,8.35,77.41,85.93,F,24.7,No,Yes,Bachelor'S,High,1,8.6,21.59,Bajo,22.88,77.81,3.48
S5946,John,Smith,student4946@university.com,Male,18,Cs,97.23,45.17,57.23,60.61,61.9,2.75,54.6,98.8,A,6.4,No,Yes,Unknown,Medium,2,6.2,31.44,Medio,12.06,51.15,15.44
S5947,Emma,Williams,student4947@university.com,Female,21,Engineering,78.73,51.16,98.96,68.91,55.79,4.96,59.48,65.46,F,22.6,Yes,Yes,Unknown,Medium,10,5.4,45.8,Medio,47.8,58.44,2.9
S5948,Ahmed,Jones,student4948@university.com,Female,23,Business,56.2,51.37,81.07,99.17,60.56,3.81,76.89,90.16,D,7.3,Yes,Yes,Unknown,Low,1,4.3,41.27,Medio,29.7,68.68,12.35
S5949,Omar,Brown,student4949@university.com,Male,24,Mathematics,58.54,81.62,62.37,86.16,54.87,5.71,98.15,54.65,D,10.3,No,Yes,Bachelor'S,High,6,4.7,40.99,Medio,-19.25,74.07,5.31
S5950,Maria,Williams,student4950@university.com,Male,21,Mathematics,99.45,64.4,45.82,64.98,63.78,7.96,51.39,95.19,A,29.0,No,Yes,Bachelor'S,Low,9,6.8,29.15,Bajo,-18.58,64.94,3.28
S5951,Emma,Smith,student4951@university.com,Female,22,Cs,75.725,86.92,50.88,80.27,99.86,9.89,95.62,52.59,F,14.1,No,Yes,Master'S,Low,8,7.5,35.93,Medio,-36.04,93.66,3.73
S5952,Ahmed,Johnson,student4952@university.com,Male,20,Engineering,52.46,82.54,69.26,62.33,70.1,3.06,94.93,89.39,D,6.4,No,Yes,Unknown,Low,6,8.8,44.79,Medio,-13.28,64.49,13.97
S5953,Emma,Jones,student4953@university.com,Male,22,Engineering,85.19,51.52,69.68,80.54,93.19,5.54,92.86,65.37,B,18.0,Yes,Yes,Master'S,Low,7,7.0,39.06,Medio,18.16,80.5,3.63
S5954,John,Davis,student4954@university.com,Female,19,Engineering,70.61,73.78,86.06,94.81,77.46,4.66,68.88,59.06,D,10.2,No,Yes,Master'S,High,3,7.4,32.5,Medio,12.28,71.94,5.79
S5955,Omar,Smith,student4955@university.com,Female,24,Cs,65.36,84.57,83.57,77.84,83.33,9.99,74.54,85.23,F,15.7,No,Yes,High School,High,10,7.1,43.9,Medio,-1.0,83.9,5.43
S5956,Maria,Brown,student4956@university.com,Female,19,Business,57.7,77.98,52.08,86.67,57.82,8.09,70.18,94.79,F,7.5,Yes,Yes,High School,High,2,8.5,34.88,Medio,-25.9,73.89,12.64
S5957,Ahmed,Brown,student4957@university.com,Male,21,Mathematics,92.0,76.0,75.7,74.81,63.74,3.97,97.38,88.21,A,7.4,No,Yes,Unknown,Low,8,5.5,36.86,Medio,-0.3,68.91,11.92
S5958,Ali,Johnson,student4958@university.com,Female,21,Engineering,53.19,84.38,41.24,76.21,75.52,4.77,76.07,65.65,C,17.6,No,Yes,Phd,Low,5,7.0,36.16,Medio,-43.14,68.88,3.73
S5959,Liam,Johnson,student4959@university.com,Male,22,Cs,64.49,43.41,63.91,84.75,94.06,2.46,54.03,67.68,C,13.4,Yes,Yes,Master'S,Low,7,8.8,51.04,Medio,20.5,64.36,5.05
S5960,Maria,Jones,student4960@university.com,Female,22,Cs,65.32,83.89,85.85,90.62,52.14,7.55,63.7,59.47,F,8.9,No,Yes,Master'S,Medium,4,4.0,34.19,Medio,1.96,70.49,6.68
S5961,Ali,Davis,student4961@university.com,Male,23,Engineering,58.05,56.36,63.97,82.97,75.35,8.45,73.1,91.2,D,19.5,Yes,Yes,Unknown,Low,4,5.4,39.69,Medio,7.61,78.98,4.68
S5962,Emma,Jones,student4962@university.com,Male,18,Cs,75.41,74.31,90.14,74.81,52.55,9.65,97.68,55.35,B,6.6,Yes,Yes,Master'S,High,5,7.8,36.9,Medio,15.83,80.39,8.39
S5963,Sara,Johnson,student4963@university.com,Male,23,Mathematics,50.59,54.54,98.57,90.99,72.84,5.66,78.45,95.16,C,23.8,No,No,Unknown,High,4,6.3,40.7,Medio,44.03,74.72,4.0
S5964,Maria,Johnson,student4964@university.com,Female,19,Engineering,65.05,90.33,76.43,88.86,81.44,6.71,84.8,80.06,D,6.3,Yes,Yes,High School,Low,5,4.8,35.87,Medio,-13.9,80.55,12.71
S5965,Emma,Brown,student4965@university.com,Female,23,Engineering,96.68,68.83,48.7,92.26,87.24,4.46,54.43,79.44,A,29.3,No,No,Unknown,Medium,7,6.9,24.2,Bajo,-20.13,69.63,2.71
S5966,Ali,Johnson,student4966@university.com,Female,22,Engineering,65.53,78.58,62.78,64.06,56.93,6.09,93.87,91.89,C,23.4,No,Yes,High School,Medium,6,6.6,32.9,Medio,-15.8,68.94,3.93
S5967,John,Williams,student4967@university.com,Male,24,Cs,68.02,87.64,40.57,71.6,58.33,3.49,76.95,83.38,F,27.4,No,Yes,Master'S,Low,7,6.3,29.53,Bajo,-47.07,60.45,3.04
S5968,John,Smith,student4968@university.com,Female,23,Mathematics,73.66,93.72,76.16,74.81,73.5,7.38,96.06,65.21,C,16.0,Yes,Yes,Unknown,Medium,7,5.7,31.44,Medio,-17.56,79.54,4.08
S5969,Sara,Johnson,student4969@university.com,Female,20,Engineering,78.08,83.92,89.29,73.12,99.9,0.23,72.27,67.48,B,6.5,No,Yes,Phd,High,9,4.3,42.02,Medio,5.37,61.9,10.38
S5970,Liam,Jones,student4970@university.com,Male,18,Mathematics,90.44,48.93,77.8,74.81,67.8,0.28,84.15,58.65,B,10.7,Yes,Yes,Unknown,High,2,7.0,30.54,Medio,28.87,57.39,5.48
S5971,Maria,Davis,student4971@university.com,Male,22,Engineering,59.52,91.27,87.17,51.35,71.38,7.16,73.54,73.2,F,29.3,Yes,Yes,Unknown,Low,3,6.6,21.58,Bajo,-4.1,66.97,2.5
S5972,Maria,Davis,student4972@university.com,Female,24,Business,93.59,77.11,87.99,60.46,71.62,9.31,57.13,55.51,B,20.5,No,Yes,Unknown,Medium,3,6.9,18.3,Bajo,10.88,70.58,2.71
S5973,Maria,Davis,student4973@university.com,Female,21,Cs,87.88,76.57,91.06,94.09,54.04,6.32,63.6,82.65,A,10.7,No,Yes,High School,Medium,6,4.0,32.03,Medio,14.49,68.73,7.72
S5974,Liam,Williams,student4974@university.com,Female,23,Engineering,86.13,95.28,56.0,52.96,88.71,7.27,53.36,58.46,A,17.1,Yes,Yes,Phd,Low,1,4.4,12.72,Bajo,-39.28,66.93,3.42
S5975,Emma,Jones,student4975@university.com,Male,22,Business,54.34,54.93,92.28,61.35,62.66,8.24,72.01,93.2,D,12.9,No,Yes,Bachelor'S,Low,9,4.8,55.83,Alto,37.35,69.6,7.22
S5976,Omar,Williams,student4976@university.com,Female,21,Business,51.08,54.38,79.25,67.56,85.18,3.62,82.47,85.02,D,17.2,Yes,Yes,Unknown,Medium,5,6.2,46.1,Medio,24.87,67.85,4.94
S5977,Omar,Johnson,student4977@university.com,Male,21,Business,79.7,70.79,57.38,87.54,73.75,1.08,62.19,94.58,B,25.9,No,No,Phd,Medium,6,8.0,29.03,Bajo,-13.41,58.57,3.65
S5978,Sara,Smith,student4978@university.com,Male,19,Cs,93.16,85.05,99.24,74.81,80.59,9.33,74.52,54.35,B,10.6,No,Yes,Master'S,Medium,7,5.2,29.91,Bajo,14.19,80.8,5.13
S5979,Maria,Davis,student4979@university.com,Female,19,Mathematics,79.22,66.83,97.01,97.73,52.7,9.39,72.95,89.93,D,15.0,No,Yes,Phd,High,1,8.0,24.72,Bajo,30.18,79.32,6.0
S5980,Emma,Jones,student4980@university.com,Female,24,Mathematics,60.66,78.03,74.47,61.39,94.5,4.42,76.67,94.04,D,16.2,No,Yes,High School,Medium,3,5.2,31.7,Medio,-3.56,69.19,5.8
S5981,John,Davis,student4981@university.com,Male,22,Cs,54.53,67.15,90.59,93.61,62.19,2.17,59.23,52.23,C,19.7,No,Yes,Unknown,Medium,9,7.7,48.7,Medio,23.44,59.18,2.65
S5982,Ali,Williams,student4982@university.com,Male,24,Mathematics,84.98,76.62,55.69,64.15,83.5,8.92,76.7,99.95,C,6.9,No,Yes,Phd,Low,5,8.4,32.71,Medio,-20.93,78.39,14.49
S5983,Emma,Brown,student4983@university.com,Female,22,Cs,86.09,89.34,64.96,62.27,89.9,7.08,68.21,65.03,A,10.2,No,Yes,Phd,High,2,8.1,20.19,Bajo,-24.38,72.8,6.38
S5984,Liam,Johnson,student4984@university.com,Female,20,Engineering,58.63,50.83,51.04,74.92,77.0,0.08,64.3,60.59,C,14.9,No,Yes,Unknown,High,3,7.7,41.22,Medio,0.21,54.26,4.07
S5985,Omar,Smith,student4985@university.com,Female,18,Cs,51.41,81.72,71.21,74.81,66.87,1.08,79.3,70.75,D,25.2,No,Yes,Bachelor'S,High,6,4.2,36.0,Medio,-10.51,57.95,2.81
S5986,Omar,Johnson,student4986@university.com,Male,18,Mathematics,70.41,87.25,69.76,69.22,98.9,9.83,57.4,50.43,C,9.7,No,Yes,Unknown,Medium,3,5.7,28.78,Bajo,-17.49,80.96,5.2
S5987,John,Brown,student4987@university.com,Male,22,Cs,79.14,66.83,52.77,67.78,63.92,0.38,95.03,94.3,B,27.0,No,Yes,Unknown,Medium,1,5.0,18.75,Bajo,-14.06,57.63,3.49
S5988,John,Smith,student4988@university.com,Female,19,Engineering,75.725,59.39,80.37,58.01,97.43,2.83,96.74,63.42,A,13.5,No,Yes,Unknown,Low,5,6.4,37.82,Medio,20.98,70.12,4.7
S5989,Liam,Brown,student4989@university.com,Male,23,Engineering,90.5,40.81,47.07,93.04,57.81,5.48,83.03,76.08,A,11.3,No,Yes,High School,Low,10,5.8,50.43,Medio,6.26,72.17,6.73
S5990,Ali,Johnson,student4990@university.com,Male,24,Cs,80.53,87.83,43.7,69.29,69.46,1.84,65.16,81.18,F,15.2,No,Yes,Unknown,Low,7,7.1,31.2,Medio,-44.13,55.58,5.34
S5991,John,Williams,student4991@university.com,Female,20,Engineering,55.54,59.68,63.09,74.81,56.92,2.32,81.3,89.55,D,18.8,Yes,Yes,Unknown,Low,5,6.8,42.15,Medio,3.41,59.06,4.76
S5992,Sara,Johnson,student4992@university.com,Male,18,Cs,75.725,61.44,64.59,74.81,50.11,3.53,80.08,62.51,A,23.3,Yes,No,High School,Medium,1,6.2,23.41,Bajo,3.15,60.08,2.68
S5993,Ali,Johnson,student4993@university.com,Female,22,Business,99.21,60.16,59.18,59.74,63.01,2.7,69.56,85.86,A,16.9,No,Yes,Unknown,Low,2,7.8,21.0,Bajo,-0.98,54.83,5.08
S5994,John,Johnson,student4994@university.com,Female,19,Mathematics,75.725,69.92,55.48,75.26,54.36,8.03,64.36,55.88,F,25.5,No,Yes,High School,Low,2,4.1,21.99,Bajo,-14.44,68.57,2.19
S5995,Ahmed,Jones,student4995@university.com,Male,19,Business,75.725,82.15,60.33,80.09,99.32,5.0,58.42,85.21,D,25.5,No,Yes,High School,Low,10,8.3,36.1,Medio,-21.82,71.96,3.34
S5996,Emma,Brown,student4996@university.com,Male,19,Business,65.11,86.31,49.8,74.81,88.08,2.79,60.87,95.96,C,5.0,No,Yes,Unknown,Medium,4,4.0,35.49,Medio,-36.51,62.92,19.19
S5997,John,Brown,student4997@university.com,Female,24,Cs,87.54,63.55,64.21,94.28,50.19,3.13,82.65,54.25,A,24.8,Yes,No,High School,Medium,4,6.3,24.56,Bajo,0.66,64.6,2.19
S5998,Sara,Davis,student4998@university.com,Male,23,Cs,92.56,79.79,94.28,81.2,61.18,0.4,94.29,55.84,A,16.1,Yes,Yes,Bachelor'S,Low,1,8.4,15.62,Bajo,14.49,60.17,3.47
S5999,Maria,Brown,student4999@university.com,Female,21,Engineering,83.92,83.24,53.47,51.76,83.51,0.49,69.25,77.86,F,29.2,No,Yes,Phd,Low,2,6.1,13.28,Bajo,-29.77,52.36,2.67
